datetime,Ag38M,Ag40M,Ag48M,Ag49M,Ag58M,Ag61M,Ag63M,Ag64M,Ag68M,Ag70M,Ag79M,Ag87M,Ag92M,Ag93M,Ag97M,Ag98M,Ag45F,Ag59F,Ag76F,Ag90F,Light
10/15/2025 20:00,0,0,0,0,0,0,12,0,0,0,0,0,0,0,0,0,7,0,0,0,0
10/15/2025 20:01,0,0,8,0,0,0,3,0,0,0,0,0,0,0,0,0,0,0,0,0,0
10/15/2025 20:02,0,0,5,0,0,0,0,0,0,0,0,7,0,0,0,0,0,0,0,0,0
10/15/2025 20:03,0,0,0,0,0,0,0,0,0,10,0,0,6,0,0,0,0,0,0,0,0
10/15/2025 20:04,0,0,0,0,0,0,0,0,0,9,0,0,0,0,0,0,0,0,0,3,0
10/15/2025 20:05,0,0,8,0,0,0,0,1,0,0,0,0,0,0,0,0,0,0,0,15,0
10/15/2025 20:06,0,0,0,0,0,0,0,5,0,0,2,0,0,0,0,0,0,0,0,13,0
10/15/2025 20:07,0,0,0,0,0,0,0,0,4,0,6,0,0,0,0,3,0,3,0,16,0
10/15/2025 20:08,0,0,0,0,0,4,0,0,0,0,2,0,5,0,0,0,0,7,0,15,0
10/15/2025 20:09,0,0,0,0,0,4,0,0,0,0,14,0,5,0,2,3,0,7,0,20,0
10/15/2025 20:10,0,0,0,3,10,1,0,0,0,0,1,0,2,0,1,0,0,4,4,10,0
10/15/2025 20:11,0,0,0,0,11,0,0,0,0,0,3,0,0,0,1,0,3,2,0,10,0
10/15/2025 20:12,0,0,0,0,11,0,0,0,4,0,8,0,0,0,0,0,0,7,0,3,0
10/15/2025 20:13,0,0,0,0,6,0,0,4,9,0,0,0,0,0,0,0,0,3,0,0,0
10/15/2025 20:14,0,0,0,0,3,0,0,6,7,0,0,0,0,0,0,0,0,6,0,0,0
10/15/2025 20:15,0,0,0,0,3,0,0,4,9,0,0,0,0,0,0,0,13,6,0,0,0
10/15/2025 20:16,0,0,0,0,0,0,0,0,4,0,0,0,0,0,0,2,4,0,15,0,0
10/15/2025 20:17,0,0,0,0,0,0,0,0,0,0,0,0,0,0,0,2,0,0,10,0,0
10/15/2025 20:18,0,0,0,0,0,0,0,0,0,0,0,0,0,0,0,0,0,0,8,3,0
10/15/2025 20:19,2,0,0,0,0,0,0,0,0,0,0,0,0,0,0,0,0,0,3,3,0
10/15/2025 20:20,0,0,0,0,0,1,0,0,0,0,0,0,0,0,0,0,0,0,4,4,0
10/15/2025 20:21,0,0,0,0,0,0,0,0,0,0,0,0,0,4,0,0,0,3,4,2,0
10/15/2025 20:22,0,0,0,0,0,0,0,0,0,0,0,0,0,13,0,0,0,0,5,0,0
10/15/2025 20:23,0,0,4,0,0,0,0,0,0,0,0,0,0,6,0,0,0,0,10,0,0
10/15/2025 20:24,0,0,0,0,0,0,0,3,0,0,0,0,0,13,0,0,0,0,2,0,0
10/15/2025 20:25,0,0,0,0,0,0,0,8,0,0,0,0,0,7,1,1,0,0,4,0,0
10/15/2025 20:26,0,0,0,8,0,0,0,0,0,0,0,0,0,2,0,0,0,0,11,0,0
10/15/2025 20:27,0,0,0,7,0,0,0,0,0,0,0,0,0,5,1,0,0,0,7,0,0
10/15/2025 20:28,0,0,0,3,0,0,0,0,0,0,0,1,0,0,0,0,0,0,5,0,0
10/15/2025 20:29,0,0,0,2,0,0,0,0,0,0,0,2,0,0,8,0,0,0,5,0,0
10/15/2025 20:30,0,0,0,3,0,0,0,0,0,0,0,0,0,0,14,0,2,0,0,0,0
10/15/2025 20:31,0,0,0,0,0,0,0,0,0,0,0,3,0,0,8,1,0,0,0,0,0
10/15/2025 20:32,0,0,0,0,0,0,0,0,0,0,0,4,0,0,14,8,0,3,0,0,0
10/15/2025 20:33,0,0,0,0,6,0,0,0,9,0,0,0,0,0,10,6,0,0,0,12,0
10/15/2025 20:34,0,0,0,0,5,0,0,0,0,0,0,0,4,0,0,3,0,0,0,9,0
10/15/2025 20:35,0,0,0,0,5,0,0,0,5,1,4,0,0,1,0,3,0,0,0,2,0
10/15/2025 20:36,0,0,0,0,1,0,0,0,3,6,4,0,0,0,1,0,0,0,0,0,0
10/15/2025 20:37,0,0,0,0,1,0,0,0,0,3,0,0,0,0,0,0,0,0,0,0,0
10/15/2025 20:38,0,0,0,0,8,0,0,0,0,3,0,0,0,0,0,0,3,0,0,0,0
10/15/2025 20:39,0,0,0,0,8,0,0,0,0,0,0,0,0,0,0,0,2,0,0,0,0
10/15/2025 20:40,0,0,0,0,6,0,0,0,0,0,0,0,0,0,0,0,0,0,0,0,0
10/15/2025 20:41,0,0,0,0,0,0,0,0,0,0,0,0,0,0,0,0,0,0,0,0,0
10/15/2025 20:42,0,0,0,0,0,0,0,0,0,0,0,0,0,0,0,0,0,0,0,0,0
10/15/2025 20:43,0,0,0,0,0,0,0,0,0,0,0,0,0,0,0,3,0,0,0,0,0
10/15/2025 20:44,0,0,0,1,0,0,0,0,0,0,0,0,0,0,0,0,0,0,0,0,0
10/15/2025 20:45,0,0,0,0,0,0,0,0,0,0,0,0,0,0,0,0,0,0,0,0,0
10/15/2025 20:46,0,0,0,1,0,0,0,0,0,0,0,0,0,0,0,0,0,0,0,0,0
10/15/2025 20:47,0,0,0,1,0,0,0,0,0,0,0,0,0,0,0,0,0,0,0,0,0
10/15/2025 20:48,4,0,0,3,0,0,0,0,0,0,0,0,0,0,0,0,0,0,0,0,0
10/15/2025 20:49,0,0,0,1,0,0,0,0,0,0,0,0,0,0,4,0,0,8,0,0,0
10/15/2025 20:50,0,4,0,3,0,0,0,0,0,0,0,0,0,0,7,0,0,0,0,0,0
10/15/2025 20:51,0,9,6,6,0,0,0,0,0,0,0,0,0,0,3,0,0,10,0,0,0
10/15/2025 20:52,3,2,4,6,0,0,0,0,0,0,0,0,0,0,0,0,0,4,0,0,0
10/15/2025 20:53,7,16,0,3,0,0,0,0,0,0,0,0,0,0,0,0,0,4,0,0,0
10/15/2025 20:54,1,0,0,0,0,0,0,0,0,0,0,0,0,0,0,0,0,11,0,0,0
10/15/2025 20:55,8,4,0,2,0,7,0,0,0,0,0,0,0,0,0,0,0,8,0,0,0
10/15/2025 20:56,14,9,0,0,0,7,0,0,0,0,0,0,2,0,0,0,0,0,0,0,0
10/15/2025 20:57,8,0,0,0,0,0,0,0,0,0,0,0,5,0,0,0,0,0,0,0,0
10/15/2025 20:58,0,0,0,0,0,0,0,0,2,0,0,0,2,0,0,0,0,0,0,0,0
10/15/2025 20:59,0,0,0,0,0,0,0,0,0,0,0,0,1,0,0,0,0,0,0,0,0
10/15/2025 21:00,1,0,0,0,0,0,0,0,0,0,0,0,0,0,0,0,0,0,0,0,0
10/15/2025 21:01,17,2,0,0,0,0,0,0,0,0,0,0,0,0,0,0,0,0,0,0,0
10/15/2025 21:02,28,0,0,0,1,0,0,0,0,0,0,0,0,0,0,0,0,0,0,0,0
10/15/2025 21:03,26,0,0,0,4,0,0,0,10,0,0,0,0,0,0,0,0,0,0,0,0
10/15/2025 21:04,12,0,0,0,8,0,0,0,0,0,0,0,0,0,0,0,0,0,0,6,0
10/15/2025 21:05,29,0,0,0,2,0,0,0,5,0,0,0,0,0,0,0,0,0,0,2,0
10/15/2025 21:06,16,0,0,0,3,0,0,0,0,0,0,0,0,4,0,0,0,0,0,4,0
10/15/2025 21:07,16,0,0,3,23,0,0,0,0,0,0,0,0,2,0,0,0,0,0,0,0
10/15/2025 21:08,16,0,0,0,36,0,0,0,0,0,0,0,0,8,0,0,0,0,0,0,0
10/15/2025 21:09,5,0,0,0,12,0,0,0,0,0,0,0,0,12,0,0,0,0,0,0,0
10/15/2025 21:10,22,0,0,0,12,0,0,8,0,0,0,0,0,3,0,1,0,0,0,0,0
10/15/2025 21:11,22,0,0,0,15,0,0,0,0,0,0,0,0,9,0,6,0,0,0,0,0
10/15/2025 21:12,7,0,0,0,17,0,0,0,0,0,1,0,0,0,0,2,0,0,0,0,0
10/15/2025 21:13,2,0,0,0,32,0,0,0,0,0,0,0,0,0,0,0,0,0,12,0,0
10/15/2025 21:14,9,0,0,0,28,0,0,0,0,0,0,0,0,0,0,0,0,1,6,0,0
10/15/2025 21:15,3,0,0,0,38,0,0,0,0,0,0,0,0,0,1,0,0,0,9,0,0
10/15/2025 21:16,12,0,0,0,33,0,0,0,6,0,0,0,0,0,1,0,0,0,9,0,0
10/15/2025 21:17,2,3,0,9,30,0,0,0,4,0,0,0,0,0,0,0,0,0,2,0,0
10/15/2025 21:18,0,0,0,7,23,0,0,0,5,0,0,0,0,0,0,0,0,0,11,0,0
10/15/2025 21:19,7,2,0,0,27,0,0,0,4,0,0,0,0,0,0,0,0,0,0,0,0
10/15/2025 21:20,6,0,0,0,32,0,0,0,0,0,0,0,0,0,0,5,0,4,0,0,0
10/15/2025 21:21,0,0,0,0,29,0,7,0,6,0,0,0,0,0,0,0,0,5,0,0,0
10/15/2025 21:22,0,0,0,0,21,0,11,0,5,0,0,0,1,0,0,1,0,2,0,0,0
10/15/2025 21:23,0,0,0,0,38,0,0,0,0,0,0,0,2,0,0,0,0,18,0,0,0
10/15/2025 21:24,0,0,0,0,27,0,10,0,11,0,0,0,0,0,0,0,0,15,0,0,0
10/15/2025 21:25,0,6,0,0,22,0,4,0,6,0,0,0,0,0,0,0,0,22,0,0,0
10/15/2025 21:26,0,0,0,0,2,0,2,0,0,0,0,0,0,0,0,0,0,9,0,0,0
10/15/2025 21:27,0,0,0,0,3,0,0,0,0,0,0,0,0,0,0,0,0,8,0,0,0
10/15/2025 21:28,0,0,0,0,3,0,0,0,0,0,0,0,0,0,0,0,0,7,0,0,0
10/15/2025 21:29,0,0,0,0,2,0,0,0,0,0,0,0,0,0,0,0,0,24,0,0,0
10/15/2025 21:30,0,0,0,0,2,0,0,0,0,0,0,0,0,0,0,0,1,33,0,0,0
10/15/2025 21:31,0,6,0,0,5,0,0,0,0,0,0,1,0,0,0,0,15,33,0,0,0
10/15/2025 21:32,0,14,0,0,7,0,0,5,0,0,0,0,0,0,0,0,9,27,0,0,0
10/15/2025 21:33,0,9,0,0,0,0,0,8,0,0,0,0,0,0,0,0,17,5,0,0,0
10/15/2025 21:34,0,2,0,0,0,0,0,0,0,0,0,0,0,0,0,9,0,9,0,0,0
10/15/2025 21:35,0,0,0,0,0,0,0,0,0,0,0,0,0,0,0,6,0,30,0,0,0
10/15/2025 21:36,0,0,0,0,0,0,0,0,0,0,0,0,0,0,0,0,12,28,0,0,0
10/15/2025 21:37,0,0,0,0,0,0,0,0,0,0,0,0,0,0,0,0,0,39,0,0,0
10/15/2025 21:38,0,7,0,0,0,0,0,0,0,0,0,0,0,0,0,0,0,36,0,0,0
10/15/2025 21:39,0,0,0,1,0,0,0,0,0,0,0,1,0,0,0,1,0,5,0,0,0
10/15/2025 21:40,0,0,0,0,1,0,0,0,0,0,0,0,0,0,0,0,0,31,0,0,0
10/15/2025 21:41,0,0,0,0,7,0,0,0,0,0,0,0,0,0,0,0,0,10,0,0,0
10/15/2025 21:42,0,0,0,0,20,0,0,0,0,0,0,0,0,0,0,0,0,0,0,0,0
10/15/2025 21:43,0,0,0,0,23,0,0,0,0,0,0,0,0,0,0,0,0,0,0,0,0
10/15/2025 21:44,0,0,0,0,42,0,0,0,0,0,0,0,0,0,0,0,0,0,0,0,0
10/15/2025 21:45,0,0,0,0,50,0,0,0,0,0,0,0,0,0,0,0,0,0,0,0,0
10/15/2025 21:46,0,0,0,2,22,0,0,0,0,0,0,0,0,0,3,0,0,0,0,0,0
10/15/2025 21:47,0,0,0,0,19,0,0,0,0,0,0,7,2,0,7,0,0,0,0,0,0
10/15/2025 21:48,0,0,0,0,18,0,0,0,0,0,0,11,0,0,0,0,0,0,0,0,0
10/15/2025 21:49,0,0,0,3,17,0,0,0,0,0,0,0,0,0,0,0,0,0,0,0,0
10/15/2025 21:50,0,0,0,2,17,0,0,0,0,0,0,0,0,0,0,0,0,0,0,0,0
10/15/2025 21:51,0,0,0,0,0,0,0,0,0,0,0,9,0,0,0,0,0,0,0,0,0
10/15/2025 21:52,0,0,0,0,1,0,0,0,0,0,0,1,0,0,0,0,0,0,0,0,0
10/15/2025 21:53,0,0,0,0,0,0,0,0,0,0,0,0,0,0,0,0,0,0,0,0,0
10/15/2025 21:54,0,0,0,0,0,3,0,0,0,0,0,0,0,0,0,0,0,0,0,0,0
10/15/2025 21:55,0,0,0,0,0,4,0,0,0,0,0,0,2,0,0,0,0,0,0,0,0
10/15/2025 21:56,0,0,0,0,0,4,0,0,0,0,0,0,0,0,0,0,0,0,0,0,0
10/15/2025 21:57,0,1,0,0,0,0,0,0,0,0,0,0,0,0,0,0,0,0,0,0,0
10/15/2025 21:58,0,0,0,0,0,0,0,0,0,0,0,0,0,0,0,0,0,0,0,0,0
10/15/2025 21:59,4,0,0,0,1,0,0,0,4,0,0,0,0,0,0,0,0,0,0,0,0
10/15/2025 22:00,13,1,0,0,0,0,0,0,4,0,0,0,0,0,0,0,0,0,0,0,0
10/15/2025 22:01,9,0,0,0,0,0,0,0,0,0,0,0,0,0,0,0,0,0,0,0,0
10/15/2025 22:02,11,0,0,0,0,0,0,0,0,0,0,0,0,0,0,0,0,0,0,0,0
10/15/2025 22:03,18,0,0,0,0,0,0,0,0,0,0,0,0,0,0,0,0,2,0,0,0
10/15/2025 22:04,8,0,0,0,0,0,0,0,0,0,0,14,0,0,0,0,0,0,0,0,0
10/15/2025 22:05,14,0,0,0,0,0,0,0,0,0,0,9,0,0,0,0,0,5,0,0,0
10/15/2025 22:06,7,0,0,0,0,0,0,0,0,0,0,3,0,0,0,0,0,0,0,0,0
10/15/2025 22:07,17,0,0,0,0,0,0,0,0,0,0,1,0,0,0,0,0,0,0,0,0
10/15/2025 22:08,12,0,0,0,0,0,0,0,0,0,0,2,0,0,0,0,0,0,0,0,0
10/15/2025 22:09,0,0,0,0,0,0,0,0,0,0,2,4,0,0,0,0,0,0,0,0,0
10/15/2025 22:10,0,0,0,0,4,0,0,0,0,0,0,7,0,0,0,0,0,0,0,0,0
10/15/2025 22:11,0,0,0,7,5,0,0,0,0,0,0,6,0,0,0,1,0,0,0,0,0
10/15/2025 22:12,0,0,0,0,13,0,0,0,0,0,0,22,0,0,0,0,0,0,0,0,0
10/15/2025 22:13,0,0,0,0,4,0,0,0,0,0,0,29,0,0,0,0,0,0,0,0,0
10/15/2025 22:14,0,0,0,0,0,0,0,0,0,0,2,10,0,0,0,0,0,0,0,0,0
10/15/2025 22:15,0,0,0,0,0,0,0,0,0,0,8,7,0,0,0,0,0,0,0,0,0
10/15/2025 22:16,0,0,0,0,1,0,0,0,0,0,1,16,0,0,0,0,0,0,0,0,0
10/15/2025 22:17,0,0,0,0,0,0,0,0,0,0,0,22,0,0,0,0,0,0,0,0,0
10/15/2025 22:18,0,0,0,0,0,0,0,0,0,9,0,12,0,0,0,0,0,0,0,0,0
10/15/2025 22:19,0,0,0,0,0,0,0,0,0,2,0,13,0,0,0,0,5,0,0,0,0
10/15/2025 22:20,0,0,0,0,0,0,0,0,0,0,0,1,0,0,0,3,0,12,0,0,0
10/15/2025 22:21,0,0,0,0,0,0,2,0,0,0,10,2,0,0,0,0,5,0,0,0,0
10/15/2025 22:22,0,0,0,0,0,0,0,0,0,0,4,0,0,0,0,0,38,0,0,0,0
10/15/2025 22:23,5,0,0,0,0,0,3,0,0,0,0,2,0,0,0,0,13,0,0,0,0
10/15/2025 22:24,8,0,0,0,0,0,1,0,0,0,0,2,0,0,0,0,1,0,0,0,0
10/15/2025 22:25,0,0,0,0,0,0,2,0,0,0,0,0,0,0,0,0,12,0,0,0,0
10/15/2025 22:26,1,0,0,0,0,0,0,0,0,0,0,2,0,0,0,0,2,0,0,0,0
10/15/2025 22:27,0,0,0,0,0,0,0,0,0,0,0,5,0,0,0,0,29,0,0,0,0
10/15/2025 22:28,0,0,0,0,0,0,0,0,0,0,0,3,0,0,0,0,1,0,0,0,0
10/15/2025 22:29,0,0,0,0,0,0,0,0,8,0,8,0,0,0,0,0,7,0,0,0,0
10/15/2025 22:30,0,0,0,0,0,0,0,0,1,0,5,0,0,0,6,0,0,0,0,0,0
10/15/2025 22:31,0,0,0,0,0,0,0,0,0,0,3,6,0,0,0,0,1,0,0,0,0
10/15/2025 22:32,0,0,0,0,0,0,0,0,0,0,1,7,0,0,0,0,0,0,0,3,0
10/15/2025 22:33,0,0,0,0,0,0,0,0,0,0,0,2,0,0,0,0,0,0,0,6,0
10/15/2025 22:34,0,0,0,0,0,0,0,0,0,0,0,0,0,0,0,0,0,0,0,9,0
10/15/2025 22:35,0,0,0,0,0,0,0,1,0,0,0,0,0,0,0,0,0,0,0,0,0
10/15/2025 22:36,0,0,0,4,0,0,0,0,0,0,0,0,0,0,0,0,0,0,0,0,0
10/15/2025 22:37,0,0,7,3,1,0,0,0,0,0,0,0,0,0,0,0,19,0,0,0,0
10/15/2025 22:38,0,0,0,0,0,0,0,0,0,0,0,0,0,0,0,0,1,0,0,0,0
10/15/2025 22:39,0,0,0,0,0,0,0,0,0,0,0,0,0,0,0,0,7,0,0,0,0
10/15/2025 22:40,0,0,0,0,0,0,0,0,0,0,0,0,0,0,0,0,6,0,0,0,0
10/15/2025 22:41,0,0,0,0,0,0,0,0,0,0,0,0,0,0,0,0,9,0,0,0,0
10/15/2025 22:42,0,0,0,0,0,0,0,0,0,0,0,0,0,0,0,0,2,0,0,0,0
10/15/2025 22:43,0,12,0,0,0,0,0,0,0,0,0,0,0,0,0,0,0,0,0,0,0
10/15/2025 22:44,0,7,0,0,0,0,0,0,0,0,0,0,0,0,0,0,0,0,0,0,0
10/15/2025 22:45,0,0,0,10,0,0,0,0,0,0,0,8,0,0,0,5,0,0,0,0,0
10/15/2025 22:46,0,0,0,1,0,0,0,0,0,0,0,0,0,0,0,0,1,0,0,0,0
10/15/2025 22:47,0,1,0,0,0,0,5,0,5,0,0,0,0,0,0,0,0,0,0,0,0
10/15/2025 22:48,0,0,0,0,0,0,1,0,2,0,0,0,0,0,0,0,0,0,0,0,0
10/15/2025 22:49,0,17,0,0,0,0,0,0,3,0,0,0,0,0,0,2,0,0,0,0,0
10/15/2025 22:50,2,8,0,0,0,0,0,0,0,0,0,0,0,0,0,0,0,0,0,0,0
10/15/2025 22:51,0,1,0,0,0,0,0,0,0,0,0,0,0,0,0,0,0,0,0,0,0
10/15/2025 22:52,0,0,0,0,0,0,0,0,0,0,0,0,0,0,0,0,0,0,0,0,0
10/15/2025 22:53,0,0,0,0,0,0,0,0,0,0,3,0,0,0,0,0,0,7,0,0,0
10/15/2025 22:54,0,1,0,0,0,0,0,0,0,0,10,0,0,0,0,0,0,6,0,0,0
10/15/2025 22:55,0,0,0,0,0,0,0,0,0,0,5,0,0,0,0,0,0,4,0,0,0
10/15/2025 22:56,0,1,0,0,0,0,0,0,0,0,1,0,2,0,0,0,0,8,0,0,0
10/15/2025 22:57,0,0,0,0,0,0,0,0,0,0,0,0,0,0,0,0,0,7,0,0,0
10/15/2025 22:58,0,0,0,0,0,0,0,0,0,0,0,0,3,0,0,0,0,0,0,0,0
10/15/2025 22:59,0,0,0,0,0,0,0,0,0,0,0,0,0,0,0,0,0,11,0,0,0
10/15/2025 23:00,0,0,0,0,0,0,2,0,0,0,0,0,0,0,0,0,1,6,0,0,0
10/15/2025 23:01,0,0,0,0,0,0,9,0,0,0,0,0,0,0,0,0,0,15,0,0,0
10/15/2025 23:02,0,0,0,0,0,0,0,0,0,0,0,0,0,0,0,0,0,1,0,0,0
10/15/2025 23:03,0,0,0,0,0,0,1,0,0,0,0,0,0,0,0,0,0,0,0,0,0
10/15/2025 23:04,0,0,0,7,0,0,0,0,0,0,0,0,5,0,0,0,0,0,0,0,0
10/15/2025 23:05,0,0,0,0,0,0,0,0,0,0,5,0,0,0,0,0,0,0,0,0,0
10/15/2025 23:06,0,0,0,0,0,0,2,0,0,0,7,0,3,0,0,0,0,0,0,0,0
10/15/2025 23:07,0,0,0,0,0,0,0,0,0,0,7,0,0,0,0,0,0,0,0,0,0
10/15/2025 23:08,0,0,0,0,0,0,0,0,0,0,0,0,0,0,0,0,0,0,0,0,0
10/15/2025 23:09,0,0,0,0,0,0,0,3,0,0,11,0,0,7,0,0,0,0,0,0,0
10/15/2025 23:10,0,0,0,0,0,0,0,6,0,0,0,0,0,8,0,0,0,0,0,0,0
10/15/2025 23:11,0,0,0,0,0,0,0,0,0,0,2,0,0,12,0,5,0,0,0,0,0
10/15/2025 23:12,0,0,0,0,0,0,0,0,0,0,2,0,0,0,0,1,0,0,0,0,0
10/15/2025 23:13,0,0,0,0,0,0,0,0,0,0,0,0,0,0,0,1,0,0,0,0,0
10/15/2025 23:14,0,0,0,0,0,0,0,0,0,0,6,0,0,0,0,0,0,0,0,0,0
10/15/2025 23:15,0,0,0,0,5,0,0,0,0,0,0,0,0,0,0,0,0,0,0,0,0
10/15/2025 23:16,0,0,0,0,2,0,0,0,0,0,0,0,0,0,0,0,0,0,0,0,0
10/15/2025 23:17,0,0,0,0,2,0,0,0,0,0,0,0,0,0,0,0,0,0,0,0,0
10/15/2025 23:18,0,0,0,6,0,0,0,0,0,0,0,0,0,0,0,0,0,0,0,0,0
10/15/2025 23:19,0,0,0,0,0,0,0,0,0,0,0,0,0,0,0,0,0,0,0,0,0
10/15/2025 23:20,0,0,0,0,0,0,0,0,0,0,0,0,0,0,0,0,0,0,0,0,0
10/15/2025 23:21,0,0,0,0,0,0,0,0,0,0,0,0,0,0,0,0,0,0,0,0,0
10/15/2025 23:22,0,0,0,0,0,0,0,0,0,0,0,0,0,0,0,3,0,0,0,0,0
10/15/2025 23:23,0,0,0,0,0,0,0,0,0,0,0,0,0,0,0,0,0,0,0,0,0
10/15/2025 23:24,0,0,0,0,0,0,0,0,0,0,0,0,0,0,0,3,0,0,0,0,0
10/15/2025 23:25,0,0,0,0,0,0,0,0,0,0,0,0,0,0,0,0,0,0,0,0,0
10/15/2025 23:26,0,6,0,0,0,0,0,0,0,0,0,0,0,0,0,0,0,0,0,0,0
10/15/2025 23:27,0,0,0,0,0,0,0,0,0,0,0,0,0,0,0,0,0,0,0,0,0
10/15/2025 23:28,0,0,0,0,0,0,0,0,0,0,0,0,0,0,0,0,0,0,9,0,0
10/15/2025 23:29,0,0,0,0,0,0,0,0,0,0,0,0,0,0,0,0,0,0,7,0,0
10/15/2025 23:30,0,2,0,0,0,0,0,0,0,0,0,0,0,0,0,0,0,0,15,0,0
10/15/2025 23:31,0,0,0,0,0,0,0,0,0,0,0,0,0,0,0,0,0,0,11,0,0
10/15/2025 23:32,0,0,0,0,0,0,0,0,0,0,0,0,0,0,0,0,0,0,4,0,0
10/15/2025 23:33,0,0,0,0,0,0,0,0,0,0,0,0,0,0,0,0,0,0,4,0,0
10/15/2025 23:34,0,0,0,0,0,0,0,0,0,0,0,0,0,0,0,0,0,0,0,0,0
10/15/2025 23:35,0,0,0,0,0,0,0,0,3,0,0,0,0,0,0,0,0,0,0,0,0
10/15/2025 23:36,0,0,0,0,0,0,0,0,8,0,0,0,0,0,0,0,0,0,0,0,0
10/15/2025 23:37,0,0,0,0,0,0,0,0,0,0,0,0,0,0,0,0,0,0,0,0,0
10/15/2025 23:38,0,0,0,2,0,0,0,0,0,0,0,0,0,0,0,0,0,0,0,0,0
10/15/2025 23:39,0,0,0,0,0,0,10,0,0,0,0,0,0,0,0,0,0,0,0,0,0
10/15/2025 23:40,0,0,0,0,0,0,18,0,0,0,0,1,0,0,0,0,0,0,0,0,0
10/15/2025 23:41,0,0,0,0,1,0,0,0,0,0,0,0,0,0,0,0,0,0,0,0,0
10/15/2025 23:42,0,0,0,0,0,0,7,0,0,0,0,4,0,0,0,0,0,0,0,0,0
10/15/2025 23:43,0,0,0,0,0,0,17,0,0,0,0,0,0,0,0,0,0,0,0,0,0
10/15/2025 23:44,0,0,0,0,0,0,17,0,0,0,0,0,0,0,0,0,0,0,0,0,0
10/15/2025 23:45,3,0,0,2,0,0,27,0,0,0,0,0,0,0,0,0,0,0,0,0,0
10/15/2025 23:46,7,0,0,0,0,0,1,0,0,0,0,0,0,0,0,0,0,0,0,0,0
10/15/2025 23:47,0,0,0,0,0,0,0,0,0,0,0,3,0,0,0,0,0,0,0,0,0
10/15/2025 23:48,0,0,0,0,0,0,0,0,0,0,0,6,0,0,0,0,0,0,0,0,0
10/15/2025 23:49,0,0,0,0,0,0,0,0,0,0,0,7,0,0,0,0,0,0,0,0,0
10/15/2025 23:50,2,0,10,0,4,0,0,0,0,0,0,2,0,0,0,0,0,0,0,0,0
10/15/2025 23:51,0,0,0,0,0,0,0,0,0,0,0,0,0,0,0,0,0,0,0,0,0
10/15/2025 23:52,0,0,0,0,0,0,0,0,0,0,0,0,0,0,0,0,0,0,0,0,0
10/15/2025 23:53,0,0,0,0,0,0,0,0,0,0,0,0,0,0,0,0,0,0,0,0,0
10/15/2025 23:54,0,0,0,0,0,0,0,0,0,0,0,0,0,0,0,0,0,0,0,0,0
10/15/2025 23:55,0,0,0,0,0,0,0,0,0,0,0,0,0,0,0,0,0,0,0,0,0
10/15/2025 23:56,1,0,0,0,0,7,0,8,0,0,0,0,0,0,0,0,0,0,0,0,0
10/15/2025 23:57,0,0,0,0,0,0,0,0,0,0,0,0,0,0,0,1,0,0,0,0,0
10/15/2025 23:58,0,0,0,0,0,0,0,0,0,0,0,0,0,0,0,0,0,0,0,0,0
10/15/2025 23:59,0,0,0,0,0,0,0,0,0,0,0,0,0,0,0,0,0,0,0,0,0
10/16/2025 0:00,0,0,0,0,0,0,0,0,0,0,0,0,0,0,0,0,0,0,0,0,0
10/16/2025 0:01,0,0,3,0,0,0,0,0,0,0,0,0,0,0,0,0,0,0,0,0,0
10/16/2025 0:02,0,0,0,0,0,0,0,0,0,1,0,0,0,0,0,0,0,0,0,0,0
10/16/2025 0:03,0,0,6,0,0,0,0,0,0,2,0,0,0,0,0,0,0,0,0,0,0
10/16/2025 0:04,0,0,1,0,0,0,0,0,0,7,0,0,0,1,0,0,2,0,0,0,0
10/16/2025 0:05,0,0,1,0,0,0,0,0,0,0,0,0,0,1,0,0,0,0,0,0,0
10/16/2025 0:06,0,1,0,0,0,0,1,0,0,0,0,0,0,0,0,0,0,0,0,0,0
10/16/2025 0:07,0,0,0,0,0,0,11,0,0,0,0,0,0,0,0,0,0,0,0,0,0
10/16/2025 0:08,0,0,8,0,0,0,3,0,0,0,0,0,0,0,0,0,0,0,0,0,0
10/16/2025 0:09,0,0,6,6,0,0,18,0,0,0,0,0,0,1,0,0,0,0,0,0,0
10/16/2025 0:10,0,0,3,0,0,0,24,0,0,0,0,0,0,0,0,8,0,0,0,0,0
10/16/2025 0:11,0,0,0,0,0,0,30,0,0,0,0,0,0,0,0,3,0,0,0,0,0
10/16/2025 0:12,0,0,0,0,0,0,16,0,0,0,0,0,0,0,0,0,0,0,0,0,0
10/16/2025 0:13,0,0,0,0,0,0,19,0,0,0,0,0,0,0,0,2,0,0,0,0,0
10/16/2025 0:14,0,0,0,0,0,0,15,0,0,0,0,0,0,0,0,0,0,0,0,0,0
10/16/2025 0:15,0,0,0,0,0,0,13,0,1,0,0,0,0,0,0,0,0,0,0,0,0
10/16/2025 0:16,0,0,0,0,0,0,13,0,6,0,7,0,0,0,0,0,0,0,0,0,0
10/16/2025 0:17,0,0,0,0,0,0,12,0,4,0,2,0,0,0,0,0,0,0,0,0,0
10/16/2025 0:18,0,0,0,0,0,0,17,0,3,0,7,0,0,0,0,0,0,0,0,0,0
10/16/2025 0:19,5,0,0,0,0,0,10,0,3,0,3,0,0,0,0,0,0,0,0,0,0
10/16/2025 0:20,6,0,0,0,0,0,12,0,0,0,4,0,0,0,0,0,0,0,0,0,0
10/16/2025 0:21,14,0,0,0,0,0,1,0,0,0,0,0,0,0,0,0,0,0,0,0,0
10/16/2025 0:22,5,0,0,0,0,0,6,0,0,0,0,0,0,0,0,0,0,0,0,0,0
10/16/2025 0:23,0,0,0,0,0,0,4,0,0,0,0,0,0,0,0,0,0,0,0,0,0
10/16/2025 0:24,0,0,0,0,0,0,6,0,0,0,0,0,0,0,0,0,0,0,0,0,0
10/16/2025 0:25,0,0,0,0,0,0,4,0,0,0,0,0,0,0,0,0,0,0,0,0,0
10/16/2025 0:26,0,0,0,0,0,0,0,0,0,0,0,0,0,0,0,0,0,0,0,0,0
10/16/2025 0:27,0,0,0,0,3,0,0,0,0,0,0,0,0,0,0,0,0,0,0,0,0
10/16/2025 0:28,0,8,0,0,13,0,0,0,0,0,0,0,0,0,0,0,0,0,0,0,0
10/16/2025 0:29,0,4,0,0,1,0,0,0,0,0,0,0,3,0,2,0,0,0,0,0,0
10/16/2025 0:30,0,3,0,0,9,0,0,0,0,0,0,0,0,0,0,0,2,0,0,0,0
10/16/2025 0:31,0,0,0,0,0,0,0,0,0,0,0,0,0,0,0,0,0,0,0,0,0
10/16/2025 0:32,0,0,0,0,0,0,0,0,0,0,0,0,0,0,0,2,0,0,0,0,0
10/16/2025 0:33,0,0,0,0,2,0,0,0,0,0,0,0,0,0,0,0,0,0,0,0,0
10/16/2025 0:34,0,0,0,0,23,0,0,0,0,0,0,0,0,0,0,0,0,0,0,0,0
10/16/2025 0:35,0,0,0,0,17,0,12,0,0,0,0,0,0,0,0,0,0,0,0,0,0
10/16/2025 0:36,0,0,0,0,1,0,6,0,0,0,0,0,0,0,0,0,0,0,0,0,0
10/16/2025 0:37,0,0,0,2,12,0,0,0,0,0,0,0,0,0,0,0,0,0,0,0,0
10/16/2025 0:38,0,0,0,0,13,0,0,0,0,0,0,0,0,0,0,0,0,0,0,0,0
10/16/2025 0:39,0,0,0,0,4,0,0,0,0,0,0,0,0,1,0,0,0,0,0,0,0
10/16/2025 0:40,0,0,0,5,2,0,0,0,0,0,0,0,0,0,0,0,0,0,0,0,0
10/16/2025 0:41,0,0,0,12,7,0,0,0,0,0,0,0,0,0,0,0,0,0,0,0,0
10/16/2025 0:42,0,0,0,8,5,0,0,0,0,0,0,0,0,0,0,0,0,0,0,0,0
10/16/2025 0:43,0,0,0,6,1,0,0,0,0,0,0,0,0,0,0,0,0,0,0,0,0
10/16/2025 0:44,0,0,0,0,0,0,0,0,0,0,0,0,0,0,0,0,0,0,0,0,0
10/16/2025 0:45,0,0,0,0,0,0,0,0,0,0,0,0,0,0,0,0,0,0,0,0,0
10/16/2025 0:46,0,0,0,0,0,0,0,0,0,0,0,0,0,0,0,0,0,0,0,0,0
10/16/2025 0:47,0,0,0,0,0,0,0,0,0,0,0,0,0,0,0,0,0,0,0,0,0
10/16/2025 0:48,0,0,0,0,0,0,0,0,0,0,0,0,0,0,0,0,0,0,0,0,0
10/16/2025 0:49,0,0,0,0,0,0,0,0,0,0,0,0,0,0,0,0,0,0,0,0,0
10/16/2025 0:50,0,0,0,0,1,0,0,0,0,0,0,0,0,1,0,0,0,0,0,0,0
10/16/2025 0:51,0,0,0,0,0,0,2,8,0,0,0,0,0,6,0,0,0,0,0,0,0
10/16/2025 0:52,0,0,0,0,1,0,0,1,0,0,0,0,0,7,0,0,0,0,0,0,0
10/16/2025 0:53,0,0,0,0,5,0,0,0,0,0,0,0,0,6,0,0,2,0,0,0,0
10/16/2025 0:54,0,0,0,0,3,0,2,0,0,0,0,0,0,0,0,0,1,0,0,0,0
10/16/2025 0:55,0,0,0,0,9,0,3,0,0,0,0,0,0,0,0,0,0,0,0,0,0
10/16/2025 0:56,0,0,0,0,8,0,0,0,0,0,0,0,0,0,0,0,0,0,0,0,0
10/16/2025 0:57,0,0,0,0,0,0,0,7,0,0,0,0,0,0,0,0,0,0,0,0,0
10/16/2025 0:58,0,0,0,0,0,0,6,6,0,0,0,0,0,0,0,0,0,0,0,0,0
10/16/2025 0:59,0,0,0,0,0,0,3,0,0,0,0,0,0,0,0,0,0,0,0,0,0
10/16/2025 1:00,0,0,0,0,1,0,9,0,0,0,0,0,0,0,0,0,0,0,0,0,0
10/16/2025 1:01,0,0,0,0,0,0,14,0,0,0,0,0,0,0,0,0,0,0,0,0,0
10/16/2025 1:02,0,0,0,0,0,0,11,0,0,0,0,0,0,0,0,0,0,0,0,0,0
10/16/2025 1:03,0,2,0,0,0,0,4,0,0,0,0,0,0,0,0,0,0,0,0,0,0
10/16/2025 1:04,0,0,0,0,0,0,0,0,0,0,0,0,0,0,0,0,0,0,0,0,0
10/16/2025 1:05,0,0,0,0,0,0,2,0,0,0,0,0,0,0,0,0,0,0,0,0,0
10/16/2025 1:06,0,0,0,0,0,0,0,0,0,0,0,0,0,0,0,0,0,0,0,0,0
10/16/2025 1:07,0,0,0,0,5,0,0,0,0,0,0,0,0,0,0,1,0,0,19,0,0
10/16/2025 1:08,0,0,0,5,0,0,0,0,0,0,0,0,0,0,0,7,0,0,5,0,0
10/16/2025 1:09,0,0,0,1,0,0,0,0,0,0,0,0,0,0,0,1,0,0,2,0,0
10/16/2025 1:10,0,0,0,0,0,0,0,0,0,0,0,0,0,0,0,0,0,0,5,0,0
10/16/2025 1:11,0,0,0,0,0,0,0,0,0,0,0,0,0,0,0,0,0,0,0,0,0
10/16/2025 1:12,0,0,0,0,0,0,0,0,0,0,0,0,0,0,0,0,0,0,0,0,0
10/16/2025 1:13,0,0,0,0,0,0,0,0,0,0,0,0,0,0,0,0,0,0,0,0,0
10/16/2025 1:14,0,0,0,0,0,0,0,0,0,0,0,0,0,0,0,0,0,0,0,0,0
10/16/2025 1:15,0,0,0,0,0,0,0,0,0,0,0,0,0,0,0,0,0,1,0,0,0
10/16/2025 1:16,0,0,0,0,0,0,0,0,0,0,0,0,0,0,0,0,0,0,0,0,0
10/16/2025 1:17,0,0,0,0,0,0,0,0,0,0,0,0,0,0,0,0,0,0,0,0,0
10/16/2025 1:18,0,0,0,0,0,0,0,0,0,0,0,0,0,0,0,0,0,0,0,0,0
10/16/2025 1:19,0,1,0,0,0,0,0,0,0,0,0,0,0,0,0,0,0,1,0,0,0
10/16/2025 1:20,0,0,0,0,0,0,0,0,0,0,0,0,0,0,0,0,0,0,0,0,0
10/16/2025 1:21,0,0,0,0,0,0,0,0,0,0,0,0,0,0,0,0,0,0,0,0,0
10/16/2025 1:22,0,0,0,0,0,0,0,0,0,0,0,0,0,0,0,0,0,0,0,0,0
10/16/2025 1:23,0,0,0,0,1,0,0,0,0,0,0,0,0,0,0,0,2,0,0,0,0
10/16/2025 1:24,0,0,0,0,0,0,0,0,0,0,0,0,0,0,0,0,0,0,0,0,0
10/16/2025 1:25,0,0,0,0,0,0,0,0,0,0,0,0,0,0,0,0,0,0,0,0,0
10/16/2025 1:26,0,4,0,0,0,0,0,0,4,0,0,0,0,0,0,0,0,0,0,0,0
10/16/2025 1:27,0,4,0,0,0,0,0,0,3,0,0,0,0,0,0,0,0,0,0,0,0
10/16/2025 1:28,0,1,0,0,0,0,0,0,0,0,0,0,0,0,0,0,0,0,0,0,0
10/16/2025 1:29,0,0,0,0,0,0,0,0,0,0,0,0,0,0,0,0,0,0,0,0,0
10/16/2025 1:30,0,1,0,0,0,0,0,0,0,0,0,0,0,0,0,0,0,0,0,0,0
10/16/2025 1:31,0,9,0,0,0,0,0,0,0,0,0,0,0,0,0,0,0,0,0,0,0
10/16/2025 1:32,0,7,0,0,0,0,0,0,0,0,0,0,0,0,0,0,0,0,0,0,0
10/16/2025 1:33,0,1,0,0,0,0,0,0,0,0,0,0,0,0,0,0,1,0,0,0,0
10/16/2025 1:34,0,0,0,0,0,0,0,0,0,0,0,0,0,0,0,0,11,0,0,0,0
10/16/2025 1:35,0,0,0,0,0,0,0,0,0,0,0,0,0,0,0,0,8,0,0,0,0
10/16/2025 1:36,0,0,0,0,0,0,0,0,0,0,0,0,0,0,0,0,4,0,0,0,0
10/16/2025 1:37,0,0,0,0,0,0,3,0,0,0,0,0,0,0,7,0,2,0,0,0,0
10/16/2025 1:38,0,0,0,0,0,0,11,0,0,0,0,0,0,0,0,0,0,0,0,0,0
10/16/2025 1:39,0,0,0,0,0,0,3,0,0,0,0,0,0,0,0,0,0,0,0,0,0
10/16/2025 1:40,10,0,0,0,0,0,3,0,0,0,0,0,0,0,0,0,5,0,0,0,0
10/16/2025 1:41,5,0,0,0,0,0,0,0,0,0,0,0,0,0,0,0,0,0,0,0,0
10/16/2025 1:42,10,0,0,0,0,0,0,0,0,0,0,0,0,0,0,0,0,0,0,0,0
10/16/2025 1:43,0,0,0,0,0,0,0,0,0,0,0,0,0,0,0,0,17,0,0,0,0
10/16/2025 1:44,6,0,0,0,0,0,0,0,0,0,0,0,0,0,0,1,6,0,0,0,0
10/16/2025 1:45,16,0,0,0,0,0,0,0,0,0,0,0,0,0,0,6,16,0,0,0,0
10/16/2025 1:46,5,0,0,0,0,0,0,0,0,0,0,0,0,0,0,4,18,0,0,0,0
10/16/2025 1:47,0,0,0,0,0,4,0,0,0,0,0,0,4,0,0,0,5,0,0,0,0
10/16/2025 1:48,10,0,0,0,0,0,0,0,0,0,0,0,0,0,0,0,6,0,0,0,0
10/16/2025 1:49,14,0,0,1,0,0,0,0,0,0,0,0,0,0,0,0,7,0,0,0,0
10/16/2025 1:50,0,0,0,0,0,0,0,0,0,0,0,0,0,0,0,0,9,0,0,0,0
10/16/2025 1:51,0,0,0,0,0,0,0,0,0,0,0,0,0,0,0,0,9,0,0,0,0
10/16/2025 1:52,0,0,0,0,0,0,0,0,0,0,0,6,0,0,0,0,19,0,0,0,0
10/16/2025 1:53,0,0,0,0,0,0,0,0,0,0,0,4,0,0,0,0,6,0,0,0,0
10/16/2025 1:54,0,0,0,0,0,0,0,0,0,0,0,4,0,0,0,0,3,0,0,0,0
10/16/2025 1:55,0,0,0,0,0,0,0,0,0,0,0,3,0,0,0,0,1,0,0,0,0
10/16/2025 1:56,0,0,0,0,0,0,0,0,0,0,0,4,0,0,0,0,0,0,0,0,0
10/16/2025 1:57,0,0,0,0,0,0,0,0,0,0,0,0,0,0,0,0,4,0,0,0,0
10/16/2025 1:58,0,0,0,0,0,0,0,0,0,0,0,0,0,0,0,0,10,0,0,0,0
10/16/2025 1:59,0,0,0,0,0,0,0,0,0,0,0,0,0,0,0,0,8,0,0,0,0
10/16/2025 2:00,0,0,0,1,0,0,0,0,0,14,0,0,0,0,0,0,0,0,0,0,0
10/16/2025 2:01,11,0,0,0,0,0,0,0,0,9,0,0,0,0,0,0,1,0,10,0,0
10/16/2025 2:02,0,0,0,0,0,0,0,0,0,0,0,0,0,0,0,0,0,0,6,0,0
10/16/2025 2:03,0,0,0,2,0,0,0,0,0,0,0,0,0,0,0,0,0,0,4,0,0
10/16/2025 2:04,0,0,0,0,0,0,0,0,0,0,0,0,0,0,0,0,0,6,0,0,0
10/16/2025 2:05,0,0,0,0,0,0,0,0,0,0,0,0,5,0,0,0,1,0,0,0,0
10/16/2025 2:06,0,0,0,1,0,0,0,0,4,0,0,0,0,0,0,0,0,0,0,0,0
10/16/2025 2:07,0,0,0,0,0,0,0,0,0,0,0,0,0,0,0,0,0,0,0,0,0
10/16/2025 2:08,0,0,0,0,0,0,0,0,2,0,0,0,0,0,0,0,0,0,0,0,0
10/16/2025 2:09,0,0,0,0,0,0,0,0,0,0,0,0,2,0,0,0,0,0,0,0,0
10/16/2025 2:10,0,0,0,0,0,0,0,0,0,0,0,1,0,0,0,0,0,0,0,0,0
10/16/2025 2:11,0,0,0,0,1,0,0,0,0,0,0,0,0,0,0,0,0,0,0,0,0
10/16/2025 2:12,0,0,0,0,3,0,0,0,0,0,0,0,0,0,0,0,0,0,0,0,0
10/16/2025 2:13,0,0,0,0,0,0,0,0,0,0,0,0,0,0,0,0,0,0,0,0,0
10/16/2025 2:14,0,0,0,0,0,0,0,0,0,0,0,0,0,0,0,0,0,0,0,0,0
10/16/2025 2:15,0,0,0,0,0,0,0,7,0,0,0,0,0,0,0,0,0,0,0,0,0
10/16/2025 2:16,0,0,0,0,0,0,0,0,0,0,0,0,0,0,0,0,0,0,0,0,0
10/16/2025 2:17,0,0,0,0,0,0,0,0,0,0,0,0,0,0,0,0,0,0,0,0,0
10/16/2025 2:18,0,0,0,0,0,0,0,0,0,0,0,0,0,0,0,0,0,0,0,0,0
10/16/2025 2:19,0,0,0,0,0,0,0,0,0,0,5,0,0,0,0,0,0,0,0,0,0
10/16/2025 2:20,0,0,0,0,0,0,0,0,0,0,3,0,0,0,0,0,0,0,0,0,0
10/16/2025 2:21,0,0,0,0,0,0,0,0,0,0,3,0,0,0,0,0,0,0,0,0,0
10/16/2025 2:22,0,0,0,2,0,0,0,0,0,0,0,0,0,0,0,0,0,0,0,0,0
10/16/2025 2:23,0,0,0,0,0,0,0,0,0,0,0,0,0,0,0,0,2,0,0,0,0
10/16/2025 2:24,0,0,0,0,0,0,0,0,0,0,0,0,0,0,0,0,0,0,0,0,0
10/16/2025 2:25,0,11,0,1,0,0,0,0,0,0,0,0,0,0,0,0,0,0,0,0,0
10/16/2025 2:26,1,0,0,0,0,0,0,0,0,0,0,0,0,0,0,0,0,0,0,0,0
10/16/2025 2:27,0,0,0,0,0,0,0,0,0,0,0,0,0,0,14,0,0,0,0,0,0
10/16/2025 2:28,0,0,0,0,0,0,0,0,0,0,0,0,0,0,0,0,0,0,0,0,0
10/16/2025 2:29,0,0,0,0,0,0,0,0,0,0,0,0,0,0,0,0,0,3,0,0,0
10/16/2025 2:30,0,0,0,0,0,0,0,0,0,0,0,0,0,0,0,0,0,0,0,0,0
10/16/2025 2:31,0,0,0,0,0,0,0,0,0,0,0,0,0,0,0,0,0,1,0,0,0
10/16/2025 2:32,0,0,0,0,0,0,0,0,0,0,0,0,2,0,0,0,0,0,0,0,0
10/16/2025 2:33,0,0,0,0,0,0,0,0,0,0,0,0,0,0,0,0,0,0,0,14,0
10/16/2025 2:34,0,0,0,0,0,0,0,0,0,0,0,0,0,0,0,0,0,0,0,16,0
10/16/2025 2:35,0,0,0,0,0,0,0,0,0,0,2,0,0,0,0,0,0,0,0,1,0
10/16/2025 2:36,0,0,0,0,0,0,0,0,0,0,8,0,0,0,0,0,0,12,0,0,0
10/16/2025 2:37,0,0,0,0,0,0,0,0,0,0,1,0,0,0,0,0,0,6,0,0,0
10/16/2025 2:38,0,0,0,0,0,0,0,0,0,0,2,0,0,0,0,0,0,2,0,0,0
10/16/2025 2:39,0,0,0,0,0,0,0,0,0,0,6,0,0,0,0,0,0,0,0,0,0
10/16/2025 2:40,0,0,0,0,0,0,0,5,0,0,4,0,0,0,0,0,0,0,0,0,0
10/16/2025 2:41,0,0,0,0,0,0,0,0,0,0,0,0,0,0,0,0,0,1,0,0,0
10/16/2025 2:42,0,0,0,0,0,0,0,2,0,0,8,0,0,0,0,0,0,5,0,0,0
10/16/2025 2:43,0,0,0,0,0,0,0,0,0,0,7,0,0,0,0,0,0,14,0,0,0
10/16/2025 2:44,0,0,0,0,0,0,0,0,0,0,12,0,0,0,0,0,0,7,0,0,0
10/16/2025 2:45,0,0,0,0,0,0,0,0,0,0,7,0,0,0,0,0,0,4,0,0,0
10/16/2025 2:46,0,0,0,0,0,0,0,0,0,0,8,0,0,0,0,0,0,0,0,0,0
10/16/2025 2:47,0,0,0,0,0,0,0,0,0,0,4,0,0,2,0,0,0,0,0,0,0
10/16/2025 2:48,0,0,0,0,1,0,0,0,0,0,5,0,0,10,0,0,0,0,0,0,0
10/16/2025 2:49,0,2,0,0,0,0,0,0,0,0,4,0,0,7,0,0,0,0,0,0,0
10/16/2025 2:50,0,9,0,0,0,0,0,0,0,0,10,0,0,1,0,0,0,0,0,0,0
10/16/2025 2:51,0,0,0,0,0,0,0,0,0,0,8,0,0,2,0,0,0,0,0,0,0
10/16/2025 2:52,0,0,0,0,0,0,0,0,0,0,0,0,0,7,0,0,0,0,0,0,0
10/16/2025 2:53,0,0,0,0,0,0,0,0,2,0,0,0,0,0,0,0,0,0,0,0,0
10/16/2025 2:54,0,0,0,0,0,0,0,0,6,0,0,0,3,0,0,0,0,0,0,0,0
10/16/2025 2:55,5,0,0,0,0,0,0,0,7,0,0,0,0,0,2,0,1,0,0,0,0
10/16/2025 2:56,3,0,0,0,0,0,0,0,2,0,0,0,0,0,0,0,0,0,0,0,0
10/16/2025 2:57,5,0,0,0,0,0,0,0,0,0,0,9,0,0,0,0,1,0,0,0,0
10/16/2025 2:58,0,0,0,0,0,0,0,0,0,0,0,3,0,0,0,0,0,0,0,0,0
10/16/2025 2:59,0,0,0,0,0,0,0,0,0,0,0,0,0,0,0,0,0,0,0,0,0
10/16/2025 3:00,0,0,0,0,0,0,0,0,7,0,0,5,0,0,0,0,0,0,0,0,0
10/16/2025 3:01,0,0,0,0,0,0,0,0,0,0,0,1,1,1,0,0,0,0,0,0,0
10/16/2025 3:02,0,0,0,0,0,0,0,0,0,0,0,0,0,0,0,0,0,0,0,0,0
10/16/2025 3:03,0,0,0,0,0,0,0,0,0,0,0,0,0,0,0,0,0,0,0,0,0
10/16/2025 3:04,0,0,0,0,3,0,0,0,0,0,0,0,0,0,0,0,0,0,0,0,0
10/16/2025 3:05,0,0,0,0,0,0,0,4,0,0,0,0,0,0,0,0,0,0,0,0,0
10/16/2025 3:06,1,0,0,0,0,0,0,5,2,0,0,0,0,0,0,0,0,0,2,0,0
10/16/2025 3:07,0,0,0,0,6,0,0,8,4,0,0,0,0,0,0,0,0,0,7,0,0
10/16/2025 3:08,0,0,0,0,0,0,0,4,0,0,0,0,0,0,0,0,0,0,7,0,0
10/16/2025 3:09,0,0,0,0,0,0,0,0,0,0,0,0,0,0,0,0,0,0,4,0,0
10/16/2025 3:10,0,0,0,0,0,0,0,0,0,0,0,0,0,0,0,0,0,0,11,0,0
10/16/2025 3:11,0,0,0,0,0,0,0,0,0,0,0,0,0,0,0,0,0,0,0,0,0
10/16/2025 3:12,0,0,0,0,0,0,0,0,0,0,0,0,0,0,0,0,0,0,0,0,0
10/16/2025 3:13,0,0,0,0,0,0,0,0,0,0,0,0,0,0,0,0,0,0,0,0,0
10/16/2025 3:14,0,0,0,0,0,0,0,0,0,0,0,0,0,0,0,0,0,0,0,0,0
10/16/2025 3:15,0,0,0,0,0,0,0,0,0,0,0,0,0,0,0,0,0,0,0,0,0
10/16/2025 3:16,0,0,0,0,0,0,0,0,0,0,0,0,0,0,0,0,0,0,0,0,0
10/16/2025 3:17,7,0,0,0,0,3,0,0,0,0,0,0,0,0,0,0,3,0,0,0,0
10/16/2025 3:18,1,0,5,0,0,5,0,0,0,0,0,0,0,0,0,0,0,0,0,0,0
10/16/2025 3:19,2,0,2,0,0,21,0,0,0,0,0,0,0,0,0,0,0,0,0,0,0
10/16/2025 3:20,0,0,0,0,0,3,0,0,0,0,0,0,0,0,0,0,0,0,0,0,0
10/16/2025 3:21,0,0,0,0,0,0,0,0,0,0,0,0,0,0,0,0,0,0,0,0,0
10/16/2025 3:22,0,0,0,0,0,0,0,0,0,0,0,0,0,0,0,0,0,0,0,0,0
10/16/2025 3:23,0,0,0,0,0,0,0,0,0,0,0,0,0,0,0,0,0,0,0,0,0
10/16/2025 3:24,0,0,0,0,0,0,0,0,0,0,0,0,0,0,0,0,0,0,0,0,0
10/16/2025 3:25,0,0,0,0,0,0,0,0,0,0,0,0,0,0,0,0,0,0,0,0,0
10/16/2025 3:26,0,0,0,0,0,0,0,0,0,0,0,0,0,0,0,0,8,0,0,0,0
10/16/2025 3:27,0,0,0,0,0,0,0,0,0,0,0,0,0,0,0,0,0,0,0,0,0
10/16/2025 3:28,0,0,0,0,0,0,0,0,0,0,0,0,0,0,0,0,0,0,0,0,0
10/16/2025 3:29,0,0,0,0,0,0,0,0,0,0,0,0,0,0,0,8,1,0,0,0,0
10/16/2025 3:30,0,0,0,0,0,0,0,0,0,0,0,0,0,0,0,2,0,0,0,0,0
10/16/2025 3:31,0,0,0,0,0,0,0,0,0,0,0,0,0,0,0,0,0,0,0,0,0
10/16/2025 3:32,0,0,0,0,0,0,0,0,0,0,0,0,0,0,0,0,0,0,0,0,0
10/16/2025 3:33,0,0,0,7,0,0,0,0,0,0,0,0,0,0,0,0,0,0,0,0,0
10/16/2025 3:34,0,0,0,0,0,0,0,0,0,0,0,0,0,0,0,0,0,0,0,0,0
10/16/2025 3:35,0,0,0,0,0,0,0,0,0,0,0,0,0,0,0,0,0,0,0,0,0
10/16/2025 3:36,0,0,0,0,0,0,0,0,0,0,0,0,0,0,0,0,0,0,0,0,0
10/16/2025 3:37,0,0,0,0,0,0,0,0,0,0,0,0,0,0,0,0,0,0,0,0,0
10/16/2025 3:38,0,0,0,0,0,0,0,0,0,0,0,0,0,0,0,0,0,0,0,0,0
10/16/2025 3:39,0,0,0,0,0,0,0,0,0,0,0,0,0,0,0,0,0,0,0,0,0
10/16/2025 3:40,0,0,0,0,0,0,0,0,0,0,0,0,0,0,0,0,0,0,0,0,0
10/16/2025 3:41,0,0,0,0,0,1,0,0,0,0,0,0,4,0,0,0,0,0,0,0,0
10/16/2025 3:42,0,0,0,0,0,0,0,0,0,0,0,0,0,0,0,0,0,0,0,0,0
10/16/2025 3:43,0,0,0,0,0,0,0,0,0,0,0,0,0,0,0,0,0,0,0,0,0
10/16/2025 3:44,0,0,0,0,0,0,0,0,0,0,0,0,0,0,0,0,0,0,0,0,0
10/16/2025 3:45,0,0,0,0,0,0,0,0,0,0,0,0,0,0,0,0,0,0,0,0,0
10/16/2025 3:46,0,0,0,0,0,0,0,0,9,0,0,0,0,0,0,0,0,0,0,0,0
10/16/2025 3:47,0,0,0,0,0,0,0,0,7,0,0,0,0,0,0,0,0,0,0,0,0
10/16/2025 3:48,0,0,0,0,0,0,0,0,3,0,0,0,0,0,0,0,0,0,0,0,0
10/16/2025 3:49,0,0,0,0,0,0,0,0,0,0,0,6,0,0,0,0,0,0,0,0,0
10/16/2025 3:50,0,0,0,0,0,0,0,0,0,0,0,3,0,0,0,0,3,0,0,0,0
10/16/2025 3:51,0,0,0,3,0,0,0,0,0,0,0,0,0,0,0,0,0,0,0,0,0
10/16/2025 3:52,0,0,0,0,0,0,0,0,0,0,0,0,0,0,0,0,0,0,0,0,0
10/16/2025 3:53,0,0,0,0,0,0,0,0,0,0,0,0,0,0,0,0,0,0,0,0,0
10/16/2025 3:54,0,0,0,0,0,0,0,0,0,0,0,0,0,0,0,0,0,0,0,0,0
10/16/2025 3:55,0,0,0,0,0,0,0,0,0,0,0,0,0,0,0,0,0,0,0,0,0
10/16/2025 3:56,0,0,0,0,0,0,0,0,0,0,0,0,0,0,0,0,0,0,0,0,0
10/16/2025 3:57,3,0,0,0,0,0,0,0,0,0,0,0,0,0,0,3,0,0,0,0,0
10/16/2025 3:58,6,0,0,0,0,0,0,0,1,0,0,0,0,0,0,0,0,0,0,0,0
10/16/2025 3:59,0,0,0,0,0,0,0,0,1,0,0,0,0,0,0,0,0,0,0,0,0
10/16/2025 4:00,3,0,0,0,0,0,0,0,2,0,0,0,0,0,0,0,0,0,0,0,0
10/16/2025 4:01,2,0,0,0,0,0,9,0,0,0,0,0,0,3,0,0,0,0,0,0,0
10/16/2025 4:02,0,0,0,0,0,0,20,0,0,0,0,0,0,0,0,0,0,0,0,0,0
10/16/2025 4:03,0,0,0,0,0,0,4,0,0,0,0,0,0,0,0,2,0,0,0,0,0
10/16/2025 4:04,0,0,0,0,0,0,12,0,0,0,0,0,0,0,0,0,0,0,0,0,0
10/16/2025 4:05,12,0,0,0,0,0,9,0,0,0,0,0,0,0,0,0,0,0,0,0,0
10/16/2025 4:06,19,0,0,0,0,0,12,0,0,0,0,0,0,0,0,0,2,0,0,0,0
10/16/2025 4:07,0,0,0,0,0,0,4,0,0,0,0,0,0,0,0,0,4,0,0,0,0
10/16/2025 4:08,5,0,0,0,0,0,2,0,0,0,0,0,0,0,0,0,3,0,0,0,0
10/16/2025 4:09,6,0,0,0,0,0,3,0,1,0,0,0,0,0,0,0,0,0,0,0,0
10/16/2025 4:10,0,0,0,0,0,0,3,0,0,0,0,0,0,0,0,0,0,0,0,0,0
10/16/2025 4:11,0,0,0,0,0,0,3,0,0,0,0,0,1,0,0,0,1,0,0,0,0
10/16/2025 4:12,0,0,0,0,0,0,12,0,0,0,0,0,0,0,0,0,0,0,0,0,0
10/16/2025 4:13,0,0,0,0,0,0,1,0,0,0,0,0,0,0,0,0,0,0,0,0,0
10/16/2025 4:14,0,0,0,0,0,0,6,0,0,0,0,0,0,0,0,0,0,0,0,0,0
10/16/2025 4:15,0,0,0,0,0,0,10,0,0,0,0,0,0,0,0,0,0,0,0,0,0
10/16/2025 4:16,0,0,0,0,0,0,8,0,0,0,0,0,0,0,0,0,0,0,0,0,0
10/16/2025 4:17,0,0,0,0,0,0,8,0,0,0,0,0,0,0,0,0,0,0,0,0,0
10/16/2025 4:18,9,0,0,0,0,0,11,0,0,0,0,0,3,0,0,0,0,0,0,0,0
10/16/2025 4:19,0,0,0,0,0,0,12,0,0,0,0,0,0,0,0,0,0,0,0,0,0
10/16/2025 4:20,0,0,0,0,0,0,8,0,0,0,0,0,0,0,0,0,0,0,0,0,0
10/16/2025 4:21,3,0,0,0,0,0,10,0,0,0,0,0,0,0,0,0,7,0,0,0,0
10/16/2025 4:22,4,0,0,0,0,0,14,0,0,0,0,0,0,0,0,0,0,0,0,0,0
10/16/2025 4:23,1,0,0,0,0,0,6,0,0,0,0,0,0,0,0,0,4,0,0,0,0
10/16/2025 4:24,3,0,0,0,0,0,7,0,0,0,1,0,0,0,0,0,5,0,0,0,0
10/16/2025 4:25,3,0,0,0,0,0,1,0,0,0,0,0,0,0,0,0,0,0,0,0,0
10/16/2025 4:26,4,0,0,0,0,0,0,0,0,0,1,0,0,0,0,0,0,0,0,0,0
10/16/2025 4:27,6,0,0,0,0,0,0,0,12,0,0,0,0,0,0,0,1,0,0,0,0
10/16/2025 4:28,5,0,0,0,0,0,2,0,0,0,0,0,0,0,0,0,0,0,0,0,0
10/16/2025 4:29,5,0,0,0,0,0,3,0,0,0,7,0,0,0,0,0,0,0,0,0,0
10/16/2025 4:30,6,0,0,0,0,0,0,0,5,0,2,0,0,0,0,0,0,0,0,0,0
10/16/2025 4:31,5,0,0,0,0,0,0,0,1,0,0,0,0,0,0,0,1,0,0,0,0
10/16/2025 4:32,6,0,0,0,0,0,0,0,0,0,0,0,0,0,0,0,0,0,0,0,0
10/16/2025 4:33,1,0,0,0,0,0,0,0,0,0,0,0,0,0,0,0,4,0,0,0,0
10/16/2025 4:34,14,0,0,0,0,0,0,0,0,0,3,0,0,0,0,0,2,0,0,0,0
10/16/2025 4:35,11,0,0,0,0,0,0,0,0,0,6,0,0,0,0,0,1,0,0,0,0
10/16/2025 4:36,1,0,0,0,0,0,0,0,0,0,2,0,0,0,0,0,0,0,0,0,0
10/16/2025 4:37,45,0,0,0,0,0,0,0,0,0,0,1,0,0,0,0,0,0,0,0,0
10/16/2025 4:38,23,0,0,0,0,0,1,0,0,0,0,0,0,0,0,0,0,0,0,0,0
10/16/2025 4:39,22,0,0,0,0,0,0,0,0,0,0,0,0,0,0,0,5,0,0,0,0
10/16/2025 4:40,4,0,0,0,0,0,0,0,0,0,0,0,0,0,0,1,1,0,0,0,0
10/16/2025 4:41,0,0,0,0,0,0,0,5,0,0,0,0,0,0,0,0,0,0,0,0,0
10/16/2025 4:42,0,0,0,0,0,0,0,5,0,0,0,0,0,0,0,0,0,0,0,0,0
10/16/2025 4:43,0,0,0,0,0,0,0,2,0,0,8,0,0,0,0,0,0,0,0,0,0
10/16/2025 4:44,0,0,0,0,0,0,0,0,0,0,1,0,0,0,0,0,0,0,0,0,0
10/16/2025 4:45,0,0,0,0,0,0,0,0,0,0,5,0,0,0,0,0,0,0,0,0,0
10/16/2025 4:46,0,0,0,0,0,0,0,0,0,0,0,0,0,0,0,0,0,0,0,0,0
10/16/2025 4:47,0,0,0,0,0,0,0,0,0,0,0,0,0,0,0,0,0,0,0,0,0
10/16/2025 4:48,0,0,0,0,0,0,0,0,0,0,0,0,0,0,0,0,0,0,0,0,0
10/16/2025 4:49,0,0,0,2,0,0,0,0,0,0,0,0,0,0,0,0,0,0,0,0,0
10/16/2025 4:50,4,0,0,3,0,0,0,0,0,0,0,0,0,0,0,0,0,0,0,0,0
10/16/2025 4:51,0,0,0,3,0,0,0,0,0,0,0,0,0,0,0,0,0,0,0,0,0
10/16/2025 4:52,7,0,0,6,0,0,0,0,0,0,0,0,0,0,0,0,0,0,0,0,0
10/16/2025 4:53,0,0,0,8,0,0,0,0,0,0,0,0,0,0,0,0,0,0,0,0,0
10/16/2025 4:54,0,0,0,0,0,0,0,0,0,0,0,0,0,0,0,0,0,0,0,0,0
10/16/2025 4:55,0,0,0,0,0,0,0,0,0,0,0,0,0,0,0,0,0,0,0,0,0
10/16/2025 4:56,0,0,0,2,0,0,0,0,4,0,0,0,0,0,0,0,0,0,0,0,0
10/16/2025 4:57,0,0,0,2,0,0,0,0,0,0,0,0,0,0,0,0,0,0,0,0,0
10/16/2025 4:58,0,0,0,1,0,0,0,0,0,0,0,0,0,0,0,0,0,0,11,0,0
10/16/2025 4:59,0,0,0,2,0,0,0,0,6,0,0,0,0,0,0,0,0,0,16,0,0
10/16/2025 5:00,0,0,0,2,0,0,0,0,0,0,0,0,0,0,0,0,0,0,1,0,0
10/16/2025 5:01,0,0,0,3,0,0,0,0,0,0,0,0,0,0,0,0,0,0,7,0,0
10/16/2025 5:02,0,0,0,3,0,0,0,0,0,0,0,0,0,0,0,0,0,0,21,0,0
10/16/2025 5:03,0,0,0,1,0,0,0,0,0,0,0,0,0,0,0,1,0,0,18,0,0
10/16/2025 5:04,0,0,0,7,0,7,0,0,0,0,0,0,0,0,0,0,0,0,23,0,0
10/16/2025 5:05,0,0,0,11,0,0,0,0,0,0,0,0,0,0,0,0,0,0,7,0,0
10/16/2025 5:06,0,0,0,15,0,0,0,0,0,0,0,0,0,0,0,0,0,0,9,0,0
10/16/2025 5:07,0,0,0,16,0,0,0,0,0,0,0,0,0,0,0,0,0,0,15,0,0
10/16/2025 5:08,25,0,0,13,0,0,0,0,0,0,0,0,0,0,0,0,0,0,12,0,0
10/16/2025 5:09,1,0,0,6,0,0,0,0,0,0,0,0,0,0,0,0,0,0,27,0,0
10/16/2025 5:10,1,0,0,10,0,0,0,0,0,0,0,0,0,0,0,0,0,0,8,0,0
10/16/2025 5:11,0,0,0,11,0,0,0,0,0,0,0,0,0,0,0,0,0,0,14,0,0
10/16/2025 5:12,1,0,0,17,0,0,0,0,5,0,0,0,0,0,0,0,0,0,9,0,0
10/16/2025 5:13,0,0,0,12,0,0,0,0,0,0,0,0,0,0,0,0,0,0,0,0,0
10/16/2025 5:14,1,0,0,7,0,0,0,0,0,0,0,0,0,0,0,0,0,0,1,0,0
10/16/2025 5:15,5,0,0,3,0,0,0,0,0,0,0,0,0,0,0,0,0,0,0,0,0
10/16/2025 5:16,0,0,0,4,0,0,0,0,0,0,0,0,0,0,0,0,0,0,2,0,0
10/16/2025 5:17,2,0,0,28,0,0,0,0,0,0,0,8,0,0,0,0,0,0,0,0,0
10/16/2025 5:18,0,0,0,5,0,0,0,0,0,0,0,3,0,0,0,0,0,0,1,0,0
10/16/2025 5:19,0,0,0,2,0,0,0,0,0,0,0,3,0,0,0,0,0,0,0,0,0
10/16/2025 5:20,0,0,0,0,0,0,0,0,0,0,0,7,0,0,0,0,0,0,0,0,0
10/16/2025 5:21,0,0,0,0,0,0,0,0,0,0,0,1,0,0,0,0,0,0,0,0,0
10/16/2025 5:22,0,0,0,0,0,0,0,0,0,0,0,0,0,0,0,0,0,0,0,0,0
10/16/2025 5:23,0,0,0,0,0,0,0,0,0,0,0,0,0,10,0,0,0,0,0,0,0
10/16/2025 5:24,0,0,0,0,0,0,0,0,0,0,0,0,0,18,0,4,0,0,0,0,0
10/16/2025 5:25,0,0,0,0,0,0,0,0,0,0,0,0,0,1,0,0,0,0,0,0,0
10/16/2025 5:26,0,0,0,0,0,0,0,0,0,0,0,0,0,0,0,0,8,0,0,0,0
10/16/2025 5:27,0,0,0,0,0,0,0,0,0,0,0,0,0,0,0,0,0,0,0,0,0
10/16/2025 5:28,0,0,0,0,0,0,0,0,0,0,0,0,0,0,0,0,0,0,0,0,0
10/16/2025 5:29,0,0,0,0,0,0,0,0,0,0,0,0,0,0,0,0,0,0,0,0,0
10/16/2025 5:30,0,0,0,0,0,0,0,0,0,0,0,0,0,0,0,0,0,0,0,0,0
10/16/2025 5:31,0,0,0,0,0,0,0,0,0,0,0,0,0,0,0,0,0,0,0,0,0
10/16/2025 5:32,0,0,0,0,0,0,0,0,0,0,0,0,0,0,0,0,0,0,0,0,0
10/16/2025 5:33,0,0,0,0,0,0,10,0,0,0,0,0,0,0,0,0,0,0,0,0,0
10/16/2025 5:34,0,0,0,0,0,0,0,2,0,0,0,0,0,0,0,0,0,0,0,0,0
10/16/2025 5:35,0,0,0,0,0,0,0,0,0,0,0,0,0,0,0,0,0,0,0,0,0
10/16/2025 5:36,0,0,0,0,0,0,0,0,0,0,0,0,0,0,0,0,0,0,0,0,0
10/16/2025 5:37,0,0,0,0,0,0,0,0,0,0,0,0,0,0,0,0,0,0,0,0,0
10/16/2025 5:38,0,0,0,0,0,0,0,0,0,0,0,0,0,0,0,0,0,0,0,0,0
10/16/2025 5:39,0,0,0,0,0,0,0,0,0,0,0,0,0,0,0,0,0,0,0,0,0
10/16/2025 5:40,0,0,0,0,0,0,0,1,0,0,0,0,0,0,0,0,0,0,0,0,0
10/16/2025 5:41,0,0,0,0,0,0,0,2,0,0,0,0,0,0,0,0,0,0,0,0,0
10/16/2025 5:42,0,0,0,0,0,0,0,1,0,0,0,0,0,0,0,0,0,0,0,0,0
10/16/2025 5:43,0,0,0,0,0,0,0,0,0,0,0,0,0,0,0,0,0,0,1,0,0
10/16/2025 5:44,0,0,0,0,0,0,0,0,0,0,0,0,0,0,0,0,0,0,1,0,0
10/16/2025 5:45,0,0,0,0,0,0,0,0,0,0,0,0,0,0,0,0,0,0,0,0,0
10/16/2025 5:46,0,0,0,0,0,0,0,0,0,0,5,0,0,0,0,0,0,0,0,0,0
10/16/2025 5:47,0,0,0,0,0,0,0,0,0,0,5,0,0,0,0,0,0,0,0,0,0
10/16/2025 5:48,0,0,0,0,0,0,2,0,0,0,3,0,0,0,0,0,0,0,0,0,0
10/16/2025 5:49,0,0,0,0,0,0,0,0,0,0,3,0,0,0,0,0,0,0,0,0,0
10/16/2025 5:50,0,0,0,0,0,0,0,0,0,0,0,0,0,0,0,0,0,0,0,0,0
10/16/2025 5:51,0,0,0,0,0,0,0,0,0,0,0,0,0,0,0,0,6,0,0,0,0
10/16/2025 5:52,0,0,0,0,0,0,1,0,0,0,0,0,0,0,0,0,18,0,0,0,0
10/16/2025 5:53,0,0,0,0,0,0,0,2,0,0,0,0,0,0,0,0,0,0,0,0,0
10/16/2025 5:54,0,0,0,0,0,0,0,3,0,0,0,0,0,0,0,0,0,0,0,0,0
10/16/2025 5:55,0,0,0,0,0,0,0,2,0,0,0,0,0,0,0,0,0,0,0,0,0
10/16/2025 5:56,0,0,0,0,0,0,0,1,0,0,0,0,0,0,0,0,0,0,0,0,0
10/16/2025 5:57,0,0,0,0,0,0,0,0,0,0,0,0,0,0,0,0,0,0,0,0,0
10/16/2025 5:58,0,0,0,0,0,0,0,0,0,0,0,0,0,0,0,0,0,0,0,0,0
10/16/2025 5:59,0,0,0,0,0,0,0,0,0,0,0,0,0,0,0,0,0,0,0,0,0
10/16/2025 6:00,0,0,0,0,0,0,0,0,0,0,0,0,0,0,0,0,0,0,0,0,0
10/16/2025 6:01,0,0,0,0,0,0,0,1,0,0,0,0,0,0,0,0,0,0,0,0,0
10/16/2025 6:02,0,0,0,0,0,0,0,0,0,0,0,0,0,0,0,0,0,0,1,0,0
10/16/2025 6:03,0,0,0,0,0,0,0,0,0,0,0,0,0,0,0,0,0,0,2,0,0
10/16/2025 6:04,0,0,0,0,0,0,0,0,0,0,0,0,0,0,0,0,0,0,0,0,0
10/16/2025 6:05,0,0,0,0,0,0,0,0,0,0,0,0,0,0,0,0,0,0,0,0,0
10/16/2025 6:06,0,0,0,0,0,0,0,2,0,0,0,0,0,0,0,0,0,0,0,0,0
10/16/2025 6:07,0,0,0,0,0,0,0,1,0,0,0,0,0,0,0,0,0,0,0,0,0
10/16/2025 6:08,0,0,6,0,0,0,0,0,0,0,0,0,0,0,0,0,0,0,0,0,0
10/16/2025 6:09,0,0,0,0,0,0,0,0,0,0,0,0,0,0,0,0,0,0,0,0,0
10/16/2025 6:10,0,0,0,0,0,0,0,0,0,0,0,0,0,0,0,0,0,0,0,0,0
10/16/2025 6:11,0,0,0,0,0,0,0,0,0,0,0,0,0,0,0,0,0,0,0,0,0
10/16/2025 6:12,0,0,0,0,0,0,0,0,0,0,0,0,0,0,0,0,0,0,0,0,0
10/16/2025 6:13,0,0,0,0,0,0,0,0,0,0,0,0,0,0,0,0,0,0,0,0,0
10/16/2025 6:14,0,0,0,0,0,0,0,0,0,0,0,0,0,0,0,0,0,0,0,0,0
10/16/2025 6:15,0,0,0,0,0,0,0,0,0,0,0,0,0,0,0,0,0,0,0,0,0
10/16/2025 6:16,0,0,0,0,0,0,0,0,0,0,0,0,0,0,0,0,0,0,0,0,0
10/16/2025 6:17,0,0,0,0,0,0,0,0,0,0,0,0,0,0,0,0,0,1,0,0,0
10/16/2025 6:18,0,0,0,0,0,0,0,3,0,0,0,0,0,0,0,0,0,0,0,0,0
10/16/2025 6:19,0,0,0,0,0,0,0,0,0,0,0,0,0,0,0,0,0,0,0,0,0
10/16/2025 6:20,0,0,0,0,0,0,0,0,0,0,0,0,0,0,0,0,0,0,0,0,0
10/16/2025 6:21,0,0,0,0,0,0,0,0,0,0,0,0,0,0,0,0,0,0,0,0,0
10/16/2025 6:22,0,0,0,0,0,0,0,4,0,0,0,0,0,0,0,0,0,0,0,0,0
10/16/2025 6:23,0,0,0,0,0,0,0,6,0,0,0,0,0,0,0,0,0,0,0,0,0
10/16/2025 6:24,0,0,0,0,0,0,0,7,7,0,0,0,0,0,0,0,0,0,7,0,0
10/16/2025 6:25,0,0,0,0,0,0,0,5,0,0,0,0,0,0,0,0,0,0,4,0,0
10/16/2025 6:26,0,0,0,0,0,0,0,4,0,0,0,0,0,0,0,0,0,0,5,0,0
10/16/2025 6:27,0,0,0,0,0,0,0,9,0,0,0,0,0,0,0,0,0,0,16,0,0
10/16/2025 6:28,0,0,0,0,0,0,0,2,2,0,0,0,0,0,0,0,0,2,7,0,0
10/16/2025 6:29,0,0,0,0,0,0,0,3,0,3,0,0,0,0,0,0,0,0,12,0,0
10/16/2025 6:30,0,0,0,0,0,0,0,5,6,22,0,0,0,0,0,0,0,1,9,0,0
10/16/2025 6:31,0,0,0,0,0,0,0,3,0,0,0,0,0,0,0,0,0,2,4,0,0
10/16/2025 6:32,0,0,0,0,0,0,0,3,0,0,0,0,0,0,0,0,0,0,8,0,0
10/16/2025 6:33,0,0,0,0,0,0,0,0,0,0,0,0,0,0,0,0,0,0,28,0,0
10/16/2025 6:34,0,0,0,0,0,0,0,0,0,0,0,0,0,0,0,0,0,0,4,0,0
10/16/2025 6:35,0,0,0,0,0,0,0,0,0,0,0,0,0,0,0,0,0,0,3,0,0
10/16/2025 6:36,0,0,0,0,0,0,0,0,0,0,0,0,0,0,0,0,0,0,0,0,0
10/16/2025 6:37,0,0,0,0,0,0,0,0,0,0,0,0,0,0,0,0,0,0,0,0,0
10/16/2025 6:38,0,0,0,0,0,0,0,0,0,0,0,0,0,0,0,0,0,0,0,0,0
10/16/2025 6:39,0,0,1,0,0,0,0,0,0,0,0,0,0,0,0,0,0,0,0,0,0
10/16/2025 6:40,0,0,0,0,0,0,0,0,0,0,0,4,0,0,0,0,0,0,0,0,0
10/16/2025 6:41,0,0,0,0,0,0,0,0,0,0,0,6,0,0,0,0,0,0,0,0,0
10/16/2025 6:42,0,0,0,0,0,0,0,0,0,0,0,4,0,0,0,0,0,0,0,0,0
10/16/2025 6:43,0,0,0,0,0,0,0,0,0,0,0,0,0,0,0,0,0,0,0,0,0
10/16/2025 6:44,0,0,0,0,0,0,0,0,0,0,0,0,0,0,0,0,0,0,0,0,0
10/16/2025 6:45,0,0,0,0,0,0,0,0,0,0,0,0,0,0,0,0,0,0,0,0,0
10/16/2025 6:46,0,0,0,0,0,0,0,10,0,0,0,0,0,0,0,0,0,2,0,0,0
10/16/2025 6:47,0,0,0,0,0,0,0,0,0,0,0,0,0,0,0,0,0,0,0,0,0
10/16/2025 6:48,0,0,0,0,0,0,2,0,0,0,0,0,0,0,0,0,0,0,0,0,0
10/16/2025 6:49,0,0,0,0,1,0,0,0,5,0,0,0,0,0,0,0,0,0,0,0,0
10/16/2025 6:50,0,0,2,0,0,0,2,0,0,0,0,0,0,0,0,0,0,0,0,0,0
10/16/2025 6:51,0,0,5,1,0,0,7,0,0,0,0,0,0,0,0,0,0,0,0,0,0
10/16/2025 6:52,0,0,13,1,0,0,4,0,0,0,0,0,0,0,0,0,1,0,0,0,0
10/16/2025 6:53,0,0,28,0,0,0,4,0,0,0,0,0,0,0,0,0,0,0,0,0,0
10/16/2025 6:54,0,0,28,0,0,0,1,0,0,0,0,0,0,0,0,0,0,0,0,0,0
10/16/2025 6:55,0,0,14,0,0,0,0,0,0,0,0,0,0,0,0,0,0,0,0,0,0
10/16/2025 6:56,0,0,12,0,0,0,0,0,0,0,0,0,0,0,0,0,0,0,0,0,0
10/16/2025 6:57,0,0,25,0,0,0,0,0,0,0,0,0,0,0,0,0,0,0,0,0,0
10/16/2025 6:58,0,0,8,0,0,0,0,0,0,0,0,0,0,0,0,0,0,0,0,0,0
10/16/2025 6:59,0,0,8,0,0,0,0,0,0,0,0,0,0,0,0,0,0,0,0,0,0
10/16/2025 7:00,0,0,22,0,0,0,0,0,0,0,0,0,0,0,0,0,0,0,0,0,0
10/16/2025 7:01,0,0,6,0,0,0,0,0,0,0,0,0,0,0,0,0,0,0,0,0,0
10/16/2025 7:02,0,0,0,0,0,0,0,0,0,0,0,0,0,0,0,0,0,0,0,0,0
10/16/2025 7:03,0,0,0,0,0,0,1,0,0,0,0,0,0,0,0,0,0,0,0,0,0
10/16/2025 7:04,0,0,0,0,0,0,4,0,0,0,0,0,0,0,0,0,0,0,0,0,0
10/16/2025 7:05,0,0,1,0,0,0,6,0,0,0,0,0,0,0,0,0,0,0,0,0,0
10/16/2025 7:06,0,0,2,0,0,0,6,0,0,0,0,0,0,0,0,0,0,0,0,0,0
10/16/2025 7:07,0,0,0,0,0,0,8,0,0,0,0,0,0,0,0,0,0,0,0,0,0
10/16/2025 7:08,0,0,1,0,0,0,21,0,0,0,0,0,0,0,0,0,0,0,0,0,0
10/16/2025 7:09,0,0,0,0,0,0,17,0,0,0,0,0,0,0,0,0,0,0,2,0,0
10/16/2025 7:10,2,0,0,0,0,0,16,0,0,0,0,0,0,0,0,0,0,0,5,0,0
10/16/2025 7:11,1,0,0,0,0,0,20,0,0,0,0,0,0,0,0,0,0,0,5,0,0
10/16/2025 7:12,12,0,0,0,0,0,22,0,0,0,0,0,0,0,0,0,0,0,0,0,0
10/16/2025 7:13,0,0,0,0,0,0,25,0,0,0,0,0,0,0,0,0,0,0,0,0,0
10/16/2025 7:14,0,0,0,0,0,0,18,0,0,0,0,0,0,0,0,0,0,8,0,0,0
10/16/2025 7:15,0,0,0,0,0,0,22,0,0,0,0,0,0,0,0,0,0,0,0,0,0
10/16/2025 7:16,0,0,0,0,0,0,8,0,0,0,0,0,0,0,0,0,0,0,0,0,0
10/16/2025 7:17,0,0,0,0,0,0,10,0,0,0,0,0,0,0,0,0,0,0,0,0,0
10/16/2025 7:18,0,0,0,0,0,0,8,0,0,0,0,0,0,0,0,0,0,0,0,0,0
10/16/2025 7:19,0,0,0,0,0,0,18,0,0,0,0,0,0,0,0,0,0,0,0,0,0
10/16/2025 7:20,0,0,0,0,0,0,17,0,0,0,0,0,0,0,3,0,0,0,0,0,0
10/16/2025 7:21,0,0,0,0,0,0,0,0,0,0,0,0,0,0,19,0,0,0,0,0,0
10/16/2025 7:22,0,0,0,0,0,0,0,0,0,0,0,0,0,0,6,0,0,0,0,0,0
10/16/2025 7:23,0,0,0,0,0,0,0,0,4,0,0,0,0,0,0,0,0,0,0,0,0
10/16/2025 7:24,0,0,0,0,0,0,4,0,3,0,0,0,0,0,0,0,0,0,0,0,0
10/16/2025 7:25,0,0,0,0,0,0,8,0,0,0,0,0,0,0,0,0,0,0,0,0,0
10/16/2025 7:26,0,0,0,0,0,0,0,0,0,0,0,0,0,0,0,0,0,0,0,0,0
10/16/2025 7:27,0,0,0,0,0,0,0,0,1,0,0,0,0,0,0,0,0,0,0,0,0
10/16/2025 7:28,0,0,0,0,0,0,0,0,3,0,0,0,0,0,0,0,0,0,0,0,0
10/16/2025 7:29,0,0,0,0,0,0,1,0,0,0,0,0,0,0,0,0,0,0,0,0,0
10/16/2025 7:30,0,0,0,0,0,0,0,0,0,0,0,0,0,0,0,0,0,0,0,0,0
10/16/2025 7:31,0,0,0,0,0,0,0,0,0,0,0,0,0,0,0,0,0,0,0,0,0
10/16/2025 7:32,0,0,0,0,1,0,0,0,0,0,0,0,0,0,0,0,0,0,0,0,0
10/16/2025 7:33,0,0,0,0,0,0,0,0,0,0,0,0,0,0,0,0,0,6,0,0,0
10/16/2025 7:34,0,0,0,0,0,0,0,0,0,0,0,0,0,0,0,0,0,0,0,0,0
10/16/2025 7:35,0,0,0,0,0,0,0,0,0,0,0,0,0,0,0,0,0,0,0,0,0
10/16/2025 7:36,0,0,0,0,0,0,0,0,0,0,0,0,0,0,0,0,0,0,0,0,0
10/16/2025 7:37,0,0,0,0,0,0,0,0,0,0,0,0,0,0,0,0,0,0,0,0,0
10/16/2025 7:38,0,0,0,0,0,0,0,0,0,0,0,0,0,0,0,0,0,0,0,0,0
10/16/2025 7:39,0,0,0,0,0,0,0,0,0,0,0,0,0,0,0,0,0,0,0,0,0
10/16/2025 7:40,0,0,0,0,1,0,0,0,0,0,0,0,0,0,1,0,0,0,0,0,0
10/16/2025 7:41,0,0,0,0,0,0,0,0,0,0,0,0,0,0,0,0,0,0,0,0,0
10/16/2025 7:42,0,0,0,0,0,0,1,0,0,0,0,0,0,0,0,0,0,0,0,0,0
10/16/2025 7:43,0,0,0,0,0,0,0,0,0,0,0,0,0,0,0,0,0,0,0,0,0
10/16/2025 7:44,0,0,0,0,0,0,0,0,0,0,0,0,0,0,0,0,0,0,0,0,0
10/16/2025 7:45,0,0,0,0,0,0,0,0,0,0,0,0,0,0,0,0,0,0,0,0,0
10/16/2025 7:46,0,0,0,0,0,0,0,0,0,0,0,0,0,0,0,0,0,0,0,0,0
10/16/2025 7:47,0,0,0,0,0,0,0,0,0,0,0,0,0,0,0,0,0,0,0,0,0
10/16/2025 7:48,0,0,0,0,1,0,0,0,0,0,0,0,0,0,0,0,0,0,0,0,0
10/16/2025 7:49,0,0,0,0,0,0,0,0,0,0,0,0,0,0,1,0,0,0,0,0,0
10/16/2025 7:50,0,0,0,0,0,0,0,0,0,0,0,0,0,0,0,0,0,0,0,0,0
10/16/2025 7:51,0,0,0,0,0,0,0,0,0,0,0,0,0,0,0,0,1,0,0,0,0
10/16/2025 7:52,0,0,0,0,0,0,0,0,0,0,0,0,0,0,0,0,0,0,0,0,0
10/16/2025 7:53,0,0,0,0,0,0,0,0,0,0,0,0,0,0,0,0,0,0,0,0,0
10/16/2025 7:54,0,0,0,0,0,0,0,0,0,0,0,0,0,0,0,0,0,0,0,0,0
10/16/2025 7:55,0,0,0,0,0,0,0,0,0,0,0,0,0,0,0,0,0,0,0,0,0
10/16/2025 7:56,0,0,0,0,0,0,0,0,0,0,0,0,0,0,0,0,0,0,0,0,0
10/16/2025 7:57,0,0,0,0,0,0,0,0,0,0,0,0,0,0,0,0,0,0,4,0,0
10/16/2025 7:58,0,0,0,0,0,0,0,0,0,0,0,0,0,0,0,0,0,0,1,0,0
10/16/2025 7:59,0,10,0,0,0,0,0,0,0,0,0,0,0,0,0,0,0,0,2,0,1
10/16/2025 8:00,0,9,0,0,0,0,0,0,0,0,0,0,0,0,0,0,0,0,1,0,1
10/16/2025 8:01,1,0,0,0,0,0,0,0,0,0,0,5,0,0,0,0,0,0,1,0,1
10/16/2025 8:02,0,6,0,0,0,0,0,0,0,0,0,1,0,0,0,0,0,0,0,0,1
10/16/2025 8:03,0,6,0,0,0,0,0,0,0,0,0,1,0,0,0,0,0,0,0,0,1
10/16/2025 8:04,0,3,0,0,0,0,0,0,0,0,0,0,0,0,0,0,0,0,0,0,1
10/16/2025 8:05,0,6,0,0,0,0,3,0,0,0,0,0,0,0,0,0,0,0,0,0,1
10/16/2025 8:06,0,1,0,4,0,0,0,0,0,0,0,0,0,0,0,0,0,0,0,0,1
10/16/2025 8:07,0,11,0,0,0,0,0,0,0,0,0,0,0,0,0,3,0,0,0,0,1
10/16/2025 8:08,0,9,0,0,0,0,0,0,0,0,0,0,0,0,0,7,0,0,0,0,1
10/16/2025 8:09,0,7,0,0,0,0,0,0,0,0,0,0,0,0,0,1,0,0,0,0,1
10/16/2025 8:10,0,7,0,0,0,0,0,0,0,0,0,0,0,0,1,8,0,0,0,0,1
10/16/2025 8:11,0,8,0,0,0,0,0,0,0,0,0,0,0,0,0,0,0,0,0,0,1
10/16/2025 8:12,0,7,0,0,0,0,0,0,0,0,0,0,0,0,0,0,0,0,0,0,1
10/16/2025 8:13,0,11,0,0,0,0,0,0,0,0,0,0,0,0,0,0,0,0,0,0,1
10/16/2025 8:14,0,3,0,0,0,0,0,0,0,0,0,0,0,0,0,0,0,0,0,0,1
10/16/2025 8:15,0,3,2,0,0,0,0,0,0,0,0,0,0,0,0,0,0,0,0,0,1
10/16/2025 8:16,0,12,0,0,0,0,0,0,0,0,0,0,0,0,0,0,0,0,0,0,1
10/16/2025 8:17,0,5,8,0,0,0,0,0,0,0,0,0,0,0,0,0,0,0,0,0,1
10/16/2025 8:18,5,11,4,0,0,0,0,0,0,0,0,0,0,0,0,0,0,0,0,0,1
10/16/2025 8:19,0,0,5,0,0,0,1,0,0,0,0,0,0,0,0,1,0,0,0,0,1
10/16/2025 8:20,0,0,0,0,0,0,4,0,0,0,0,0,0,0,0,0,0,0,0,0,1
10/16/2025 8:21,1,3,0,0,0,0,0,0,0,0,0,0,0,0,0,0,0,0,0,0,1
10/16/2025 8:22,2,11,13,0,0,0,0,0,0,0,0,0,0,0,0,0,0,0,0,0,1
10/16/2025 8:23,4,9,2,4,0,0,0,0,0,0,0,0,0,0,0,0,0,3,0,0,1
10/16/2025 8:24,0,14,0,0,0,0,0,0,0,0,0,0,0,0,0,0,1,1,0,0,1
10/16/2025 8:25,0,5,5,0,8,0,0,0,0,0,0,0,0,0,0,0,0,0,0,0,1
10/16/2025 8:26,0,3,2,0,14,0,0,0,0,0,0,0,0,0,0,0,0,0,0,0,1
10/16/2025 8:27,0,10,0,0,12,0,9,0,0,0,0,0,0,0,0,0,0,0,0,0,1
10/16/2025 8:28,0,0,5,0,16,0,11,0,0,0,0,0,0,0,0,0,0,0,0,0,1
10/16/2025 8:29,0,0,0,0,20,0,15,0,0,0,0,7,0,0,0,0,0,0,0,0,1
10/16/2025 8:30,0,3,0,0,12,0,6,0,0,0,0,6,0,0,0,0,0,0,0,0,1
10/16/2025 8:31,0,0,0,0,14,0,5,0,0,0,0,7,0,0,0,0,0,0,0,0,1
10/16/2025 8:32,0,0,0,0,11,0,1,0,0,0,0,7,0,0,0,0,0,1,0,0,1
10/16/2025 8:33,0,0,0,0,9,0,1,0,0,0,0,1,0,0,0,0,0,14,0,0,1
10/16/2025 8:34,0,0,0,0,13,0,4,0,0,3,0,8,0,0,0,0,0,16,0,0,1
10/16/2025 8:35,0,0,0,0,34,0,3,0,0,2,0,1,0,0,0,0,0,14,0,0,1
10/16/2025 8:36,0,0,0,0,33,0,4,0,0,0,0,1,0,0,0,0,0,17,0,0,1
10/16/2025 8:37,0,0,0,0,21,0,0,0,0,0,0,1,0,0,0,0,0,43,0,0,1
10/16/2025 8:38,0,0,0,0,0,0,0,0,0,0,0,2,0,0,1,0,0,16,0,0,1
10/16/2025 8:39,0,4,0,0,0,0,0,0,0,0,0,1,0,0,0,0,0,18,0,0,1
10/16/2025 8:40,0,5,0,0,0,0,0,0,0,0,0,3,0,0,9,0,0,4,0,0,1
10/16/2025 8:41,0,2,0,0,0,0,0,0,0,0,0,3,0,0,29,0,0,7,0,0,1
10/16/2025 8:42,0,0,0,0,0,0,0,0,0,0,0,9,0,0,16,0,0,9,0,0,1
10/16/2025 8:43,0,3,0,0,1,0,0,0,0,0,0,4,0,0,0,0,0,1,0,0,1
10/16/2025 8:44,0,1,0,0,0,0,0,0,0,0,0,2,0,0,0,0,0,0,0,0,1
10/16/2025 8:45,0,8,0,0,0,0,0,0,0,0,0,3,0,0,0,0,0,3,11,0,1
10/16/2025 8:46,0,0,0,0,0,0,0,0,0,0,0,1,5,0,0,0,0,0,0,0,1
10/16/2025 8:47,0,4,0,0,0,0,0,0,0,0,0,3,0,0,0,0,0,0,0,0,1
10/16/2025 8:48,0,5,0,0,0,0,0,0,0,0,0,1,0,0,0,0,1,0,0,0,1
10/16/2025 8:49,0,5,0,0,0,0,0,0,0,0,0,0,0,0,0,0,17,0,0,0,1
10/16/2025 8:50,0,0,0,0,0,0,0,0,0,0,0,0,0,0,0,0,0,0,0,0,1
10/16/2025 8:51,0,0,0,0,0,0,0,0,0,0,0,0,0,0,0,0,10,0,0,0,1
10/16/2025 8:52,0,0,0,0,0,0,0,0,0,0,0,2,0,0,0,0,24,0,0,0,1
10/16/2025 8:53,0,0,0,0,0,0,0,0,0,0,0,6,0,0,0,0,32,0,0,0,1
10/16/2025 8:54,0,2,0,0,0,0,0,0,0,0,0,1,0,0,0,0,26,0,0,0,1
10/16/2025 8:55,0,19,0,0,0,0,0,0,0,0,0,4,0,0,0,0,17,0,0,0,1
10/16/2025 8:56,0,8,0,0,0,0,0,0,0,0,0,2,0,0,0,0,12,0,0,0,1
10/16/2025 8:57,0,0,0,0,0,0,0,0,0,0,0,0,0,0,0,0,12,0,0,0,1
10/16/2025 8:58,0,0,0,0,0,0,0,0,0,0,0,0,0,0,0,0,14,0,0,0,1
10/16/2025 8:59,0,0,0,0,0,0,1,0,0,0,0,0,0,0,0,0,18,0,0,0,1
10/16/2025 9:00,0,0,0,0,0,0,0,0,0,0,0,0,0,0,0,0,12,0,0,0,1
10/16/2025 9:01,0,0,0,0,0,0,0,0,0,0,0,0,0,0,0,0,2,0,0,0,1
10/16/2025 9:02,0,0,0,0,0,0,0,0,0,0,0,0,0,0,0,0,5,0,0,0,1
10/16/2025 9:03,0,0,0,0,0,0,0,0,0,0,0,0,0,0,0,0,0,0,0,0,1
10/16/2025 9:04,0,0,0,0,0,0,0,0,0,0,0,0,0,0,0,0,2,0,0,0,1
10/16/2025 9:05,0,5,0,0,0,0,0,0,0,0,0,0,0,0,0,0,0,0,0,2,1
10/16/2025 9:06,0,8,0,0,0,0,0,0,0,0,0,0,0,0,0,0,0,0,0,0,1
10/16/2025 9:07,0,6,0,0,0,0,0,0,0,0,0,0,0,0,0,0,0,0,0,0,1
10/16/2025 9:08,0,4,0,0,0,0,0,0,0,0,0,0,0,0,0,0,0,0,0,0,1
10/16/2025 9:09,0,0,0,0,0,0,0,0,0,0,0,0,0,0,0,0,0,0,0,0,1
10/16/2025 9:10,0,0,0,0,0,0,0,0,0,0,0,0,0,0,0,0,0,0,0,0,1
10/16/2025 9:11,0,0,0,0,0,0,0,0,0,0,0,0,0,0,0,0,0,0,0,0,1
10/16/2025 9:12,0,0,0,0,0,0,0,0,0,2,0,0,0,0,0,0,0,2,0,0,1
10/16/2025 9:13,0,0,0,0,0,0,0,0,0,0,0,0,0,0,0,0,0,0,0,0,1
10/16/2025 9:14,0,0,0,0,0,0,0,0,0,0,0,0,0,0,0,0,0,0,0,0,1
10/16/2025 9:15,0,0,0,0,0,0,0,0,0,0,0,0,0,0,0,0,0,0,0,0,1
10/16/2025 9:16,0,0,0,0,0,0,0,0,0,0,0,0,0,0,0,0,0,0,0,0,1
10/16/2025 9:17,0,0,0,0,0,0,0,0,0,0,0,0,0,0,0,0,0,0,0,0,1
10/16/2025 9:18,0,0,0,0,0,0,0,0,0,0,0,0,0,0,0,0,0,0,0,0,1
10/16/2025 9:19,0,0,0,0,0,5,0,0,0,0,0,0,0,0,0,0,0,0,0,0,1
10/16/2025 9:20,0,0,0,0,0,0,0,0,0,0,0,1,0,0,0,0,0,0,0,0,1
10/16/2025 9:21,0,0,0,0,0,0,0,0,0,0,0,0,0,0,0,0,0,0,0,0,1
10/16/2025 9:22,0,0,0,0,0,0,0,0,0,0,0,0,0,0,0,0,0,0,0,0,1
10/16/2025 9:23,0,0,0,0,0,0,0,0,0,0,0,1,0,0,0,0,0,0,0,0,1
10/16/2025 9:24,0,0,0,0,0,0,0,0,0,0,0,0,0,0,0,0,0,0,0,0,1
10/16/2025 9:25,0,5,0,0,0,0,0,0,0,0,0,1,0,0,0,0,0,0,0,0,1
10/16/2025 9:26,0,13,0,0,0,0,0,0,0,0,0,0,0,0,0,0,0,0,0,0,1
10/16/2025 9:27,0,10,0,0,0,0,0,0,0,0,0,0,0,0,0,0,0,0,0,0,1
10/16/2025 9:28,0,3,0,0,0,0,0,0,0,0,0,0,0,0,0,0,0,0,0,0,1
10/16/2025 9:29,0,7,0,0,0,0,0,0,0,0,0,0,0,0,0,0,0,0,0,0,1
10/16/2025 9:30,0,0,0,0,0,0,0,0,0,0,0,0,0,0,0,0,0,0,0,0,1
10/16/2025 9:31,0,0,0,0,0,0,0,0,0,0,0,0,0,0,0,0,0,0,0,0,1
10/16/2025 9:32,0,0,0,0,0,0,0,0,0,0,0,0,0,0,0,0,1,0,0,0,1
10/16/2025 9:33,0,0,0,0,0,0,0,0,0,0,0,0,0,0,0,0,1,0,0,0,1
10/16/2025 9:34,0,0,0,0,0,0,0,0,0,0,0,0,0,0,0,0,0,0,0,0,1
10/16/2025 9:35,0,4,0,0,0,0,0,0,0,0,0,0,0,0,0,0,0,0,0,0,1
10/16/2025 9:36,0,5,0,0,0,0,0,0,0,0,0,0,0,0,0,0,0,0,0,0,1
10/16/2025 9:37,0,6,0,0,0,0,0,0,0,0,0,0,0,0,0,0,0,0,0,0,1
10/16/2025 9:38,0,0,0,0,0,0,0,0,0,0,0,0,0,0,0,0,0,1,0,0,1
10/16/2025 9:39,0,0,0,0,0,0,0,0,0,0,0,0,0,0,0,0,0,0,0,0,1
10/16/2025 9:40,0,0,0,0,0,0,0,0,0,0,0,0,0,0,0,0,0,0,0,0,1
10/16/2025 9:41,0,0,0,0,0,0,1,0,0,0,0,0,0,0,0,0,0,0,0,0,1
10/16/2025 9:42,0,0,0,0,0,0,0,0,0,0,0,0,0,0,0,0,0,0,0,0,1
10/16/2025 9:43,0,0,0,0,0,0,0,0,0,0,0,0,0,0,0,0,0,0,0,0,1
10/16/2025 9:44,0,0,0,0,0,0,0,0,0,0,0,0,0,0,0,0,0,0,0,0,1
10/16/2025 9:45,0,0,0,0,0,0,0,0,0,0,0,0,0,0,0,0,0,0,0,0,1
10/16/2025 9:46,0,0,0,0,0,0,0,0,0,0,0,0,0,0,0,0,0,0,0,0,1
10/16/2025 9:47,0,0,0,0,0,0,0,0,0,0,0,0,0,0,0,0,0,0,0,0,1
10/16/2025 9:48,1,0,0,0,0,0,0,0,0,0,0,0,0,0,0,0,0,0,0,0,1
10/16/2025 9:49,0,0,0,0,0,0,0,0,0,0,0,0,0,0,0,0,0,0,0,0,1
10/16/2025 9:50,0,0,0,0,0,0,0,0,0,0,0,0,0,0,0,8,0,0,0,0,1
10/16/2025 9:51,0,0,0,0,0,0,0,0,0,0,0,0,0,0,0,1,0,0,0,0,1
10/16/2025 9:52,0,2,0,0,0,0,0,0,0,0,0,0,0,0,0,9,0,0,0,0,1
10/16/2025 9:53,0,4,0,0,0,0,0,0,0,0,0,0,0,0,0,0,0,0,0,0,1
10/16/2025 9:54,0,5,0,0,0,0,0,0,0,0,0,0,0,0,0,0,0,0,0,0,1
10/16/2025 9:55,0,5,0,0,0,0,0,0,0,0,0,0,0,0,0,0,0,0,0,0,1
10/16/2025 9:56,0,0,0,0,0,0,0,0,0,0,0,0,0,0,0,0,0,0,0,0,1
10/16/2025 9:57,0,5,0,0,0,0,0,0,0,0,0,0,0,0,0,0,0,0,0,0,1
10/16/2025 9:58,0,3,0,0,0,0,0,0,0,0,0,0,0,0,0,0,0,0,0,0,1
10/16/2025 9:59,0,0,0,0,0,0,0,0,0,0,0,0,0,0,0,0,0,0,0,0,1
10/16/2025 10:00,0,0,0,0,0,0,0,0,0,0,0,0,0,0,0,0,0,0,0,0,1
10/16/2025 10:01,0,0,0,0,0,0,0,0,0,0,0,0,0,0,0,0,0,0,0,0,1
10/16/2025 10:02,0,0,0,0,0,0,0,0,0,0,0,0,0,0,0,3,0,0,0,0,1
10/16/2025 10:03,0,0,0,0,0,0,0,0,0,0,0,0,0,0,0,0,0,0,0,0,1
10/16/2025 10:04,0,0,0,0,0,0,0,0,0,0,0,0,0,0,0,0,0,0,0,0,1
10/16/2025 10:05,0,0,0,0,0,0,0,0,0,0,0,0,0,0,0,0,0,0,0,0,1
10/16/2025 10:06,0,0,0,0,0,0,0,0,0,0,0,0,0,0,0,0,0,0,0,0,1
10/16/2025 10:07,0,0,0,0,0,0,0,0,0,0,0,0,0,0,0,0,0,0,0,0,1
10/16/2025 10:08,0,0,0,0,0,0,0,0,0,0,0,0,0,0,0,2,0,0,0,0,1
10/16/2025 10:09,0,0,0,0,0,0,0,0,0,0,0,0,0,0,0,0,0,0,0,0,1
10/16/2025 10:10,0,2,0,0,0,0,0,0,0,0,0,0,0,0,0,0,0,0,0,0,1
10/16/2025 10:11,0,1,0,0,0,0,0,0,9,0,0,0,0,0,0,8,0,0,0,0,1
10/16/2025 10:12,0,0,0,0,0,0,0,0,2,0,0,0,0,0,0,8,0,0,0,0,1
10/16/2025 10:13,0,0,0,0,0,0,0,0,0,0,0,0,0,0,0,4,0,0,0,0,1
10/16/2025 10:14,0,0,0,0,0,0,0,0,0,0,0,0,0,0,0,2,0,0,0,0,1
10/16/2025 10:15,0,0,0,0,0,0,0,0,0,0,0,0,0,0,0,6,0,0,0,0,1
10/16/2025 10:16,0,0,0,0,0,0,0,0,0,0,0,0,0,0,0,2,0,0,0,0,1
10/16/2025 10:17,0,0,0,0,0,0,0,0,0,0,0,0,0,0,0,22,0,0,0,0,1
10/16/2025 10:18,0,0,0,0,0,0,0,0,0,0,0,0,0,0,0,37,0,0,0,0,1
10/16/2025 10:19,0,0,0,0,0,0,0,0,0,0,0,0,0,0,0,0,0,0,0,0,1
10/16/2025 10:20,0,9,0,0,0,0,0,0,0,0,0,0,0,0,0,0,0,0,0,0,1
10/16/2025 10:21,0,0,0,0,0,0,1,0,0,0,0,0,0,0,0,1,0,0,0,0,1
10/16/2025 10:22,0,0,0,0,0,0,0,0,0,0,0,0,0,0,0,2,0,0,0,0,1
10/16/2025 10:23,0,0,0,0,0,0,0,0,0,0,0,0,0,0,0,0,0,0,0,0,1
10/16/2025 10:24,0,0,0,0,0,0,0,0,0,0,0,0,0,0,0,0,0,0,0,0,1
10/16/2025 10:25,0,0,0,0,0,0,0,0,0,0,0,0,0,0,0,4,0,0,0,0,1
10/16/2025 10:26,0,0,0,0,0,0,0,0,0,0,0,0,0,0,0,0,0,0,0,0,1
10/16/2025 10:27,0,0,0,0,0,0,0,0,0,0,0,0,0,0,0,0,0,0,0,0,1
10/16/2025 10:28,0,0,0,0,0,0,0,0,0,0,0,0,0,0,0,0,0,0,0,0,1
10/16/2025 10:29,0,0,0,0,0,0,0,0,0,0,0,0,0,0,0,0,0,0,0,0,1
10/16/2025 10:30,0,0,0,0,0,0,0,0,1,0,0,0,0,0,0,0,0,0,0,0,1
10/16/2025 10:31,0,0,0,0,0,0,0,0,0,0,0,0,0,0,0,0,0,0,0,0,1
10/16/2025 10:32,0,0,0,0,0,0,0,0,0,0,0,0,0,0,0,0,0,0,0,0,1
10/16/2025 10:33,0,0,0,0,0,0,0,0,0,0,0,0,0,0,0,0,0,0,0,0,1
10/16/2025 10:34,1,0,0,0,0,0,0,0,0,0,0,0,0,0,0,0,0,0,0,0,1
10/16/2025 10:35,0,0,0,0,0,0,0,0,0,0,0,0,0,0,0,0,0,0,0,0,1
10/16/2025 10:36,0,0,0,0,0,0,0,0,0,0,0,0,0,0,0,0,0,0,0,0,1
10/16/2025 10:37,0,0,0,0,0,0,0,0,0,0,0,0,0,0,0,0,0,0,0,0,1
10/16/2025 10:38,0,2,0,0,0,0,0,0,0,0,0,0,0,0,0,0,0,0,0,0,1
10/16/2025 10:39,0,7,0,0,0,0,0,0,0,0,0,0,0,0,0,0,0,0,0,0,1
10/16/2025 10:40,0,0,0,0,0,0,0,0,0,0,0,0,0,0,0,0,0,0,0,0,1
10/16/2025 10:41,0,3,0,0,0,0,0,0,0,0,0,0,0,0,0,5,0,0,0,0,1
10/16/2025 10:42,0,1,0,0,0,0,0,0,0,0,0,0,0,0,0,0,0,0,0,0,1
10/16/2025 10:43,0,0,0,0,0,0,0,0,0,0,0,0,0,0,0,0,0,0,0,0,1
10/16/2025 10:44,0,0,0,0,0,0,0,0,6,0,0,0,0,0,0,1,0,0,0,0,1
10/16/2025 10:45,0,0,0,0,0,0,0,0,5,0,0,0,0,0,0,0,0,0,0,0,1
10/16/2025 10:46,0,0,0,0,0,0,0,0,7,0,0,0,0,0,0,0,0,0,0,0,1
10/16/2025 10:47,0,0,1,0,0,0,1,0,11,0,0,0,0,0,0,4,0,0,0,0,1
10/16/2025 10:48,0,0,0,0,0,0,0,0,0,0,0,0,0,0,0,0,0,0,0,0,1
10/16/2025 10:49,0,0,0,0,0,0,0,0,0,0,0,0,0,0,0,0,0,0,0,0,1
10/16/2025 10:50,0,0,0,0,0,0,0,0,0,0,0,0,0,0,0,0,0,0,0,0,1
10/16/2025 10:51,0,0,0,0,0,0,0,0,0,0,0,0,0,0,0,0,0,0,0,0,1
10/16/2025 10:52,0,5,0,0,0,0,0,0,4,0,0,0,0,0,0,0,0,14,0,0,1
10/16/2025 10:53,0,11,0,0,0,0,0,0,7,0,0,0,0,0,0,0,0,6,0,0,1
10/16/2025 10:54,0,0,0,0,0,0,0,0,3,0,0,0,0,0,0,0,0,11,0,0,1
10/16/2025 10:55,0,0,0,0,0,0,0,0,0,0,0,0,0,0,0,0,0,11,0,0,1
10/16/2025 10:56,0,0,0,0,0,0,0,0,0,0,0,0,0,0,0,0,0,17,0,0,1
10/16/2025 10:57,0,0,0,0,0,0,0,0,0,0,0,0,0,0,0,0,0,0,0,0,1
10/16/2025 10:58,0,0,0,0,0,0,0,0,0,0,0,0,0,0,0,0,0,4,0,0,1
10/16/2025 10:59,0,0,0,0,0,0,0,0,0,2,0,0,0,0,0,0,0,9,0,0,1
10/16/2025 11:00,0,0,0,0,0,0,0,0,0,0,0,0,0,0,0,0,0,4,0,0,1
10/16/2025 11:01,0,0,0,0,0,0,0,0,0,0,0,0,0,0,0,0,0,6,0,0,1
10/16/2025 11:02,0,0,0,0,0,0,0,0,0,0,0,0,0,0,0,0,0,0,0,0,1
10/16/2025 11:03,0,0,0,0,0,0,0,0,0,0,0,0,0,0,0,0,0,14,0,0,1
10/16/2025 11:04,0,0,0,0,0,0,0,0,0,0,0,0,0,0,0,0,0,4,0,0,1
10/16/2025 11:05,0,1,0,0,0,0,0,0,0,0,0,0,0,0,0,0,0,1,0,0,1
10/16/2025 11:06,0,4,0,0,0,0,0,0,0,0,0,0,0,0,0,0,0,0,0,0,1
10/16/2025 11:07,0,1,0,0,0,0,0,0,0,0,0,0,0,0,0,6,0,0,0,0,1
10/16/2025 11:08,0,0,0,0,0,0,0,0,0,0,0,0,0,0,0,2,0,0,0,0,1
10/16/2025 11:09,0,5,0,0,0,0,0,0,0,0,0,0,0,0,0,1,0,0,0,0,1
10/16/2025 11:10,0,0,0,0,0,0,1,0,0,0,0,0,0,0,0,0,0,0,0,0,1
10/16/2025 11:11,0,0,0,0,0,0,0,0,0,0,0,0,0,0,0,0,0,1,10,0,1
10/16/2025 11:12,0,0,0,0,0,0,0,0,1,0,0,0,0,0,0,0,0,0,5,0,1
10/16/2025 11:13,0,0,0,0,0,0,0,0,0,0,0,0,0,0,0,0,0,0,5,0,1
10/16/2025 11:14,0,0,0,0,0,0,0,0,0,0,0,0,0,0,0,0,0,0,6,0,1
10/16/2025 11:15,0,0,0,0,0,0,0,0,0,0,0,0,0,0,0,0,0,0,0,0,1
10/16/2025 11:16,0,0,0,0,0,0,0,0,0,0,0,0,0,0,5,0,0,0,0,0,1
10/16/2025 11:17,0,0,0,0,0,0,0,0,0,0,0,0,0,0,3,0,0,0,0,0,1
10/16/2025 11:18,0,0,0,0,0,0,0,0,0,0,0,0,0,0,0,0,0,0,0,0,1
10/16/2025 11:19,0,0,0,0,0,0,0,0,0,0,0,0,0,0,0,0,0,0,0,0,1
10/16/2025 11:20,0,0,0,0,0,0,0,0,5,0,0,0,0,0,0,0,0,0,0,0,1
10/16/2025 11:21,0,0,0,0,0,0,0,0,0,0,0,0,0,0,0,0,0,0,0,0,1
10/16/2025 11:22,0,0,0,0,0,0,0,0,0,0,0,0,0,0,0,0,0,0,0,0,1
10/16/2025 11:23,0,0,0,6,0,0,1,0,0,0,0,0,0,0,0,0,0,0,0,0,1
10/16/2025 11:24,0,0,0,0,0,0,0,0,1,0,0,0,0,0,0,0,0,0,0,0,1
10/16/2025 11:25,0,0,0,0,0,0,0,0,0,0,0,0,0,0,0,0,0,0,0,0,1
10/16/2025 11:26,0,0,0,0,0,0,0,0,0,1,0,0,0,0,0,0,0,0,0,0,1
10/16/2025 11:27,0,0,0,0,0,0,0,0,0,0,0,0,0,0,0,0,0,0,0,0,1
10/16/2025 11:28,0,0,0,0,0,0,0,0,0,0,0,0,0,0,0,0,0,0,0,0,1
10/16/2025 11:29,0,0,0,0,0,0,0,0,0,0,0,0,0,0,0,0,0,0,0,0,1
10/16/2025 11:30,0,0,0,0,0,0,0,0,0,0,0,0,0,0,0,0,0,0,0,0,1
10/16/2025 11:31,0,0,0,0,0,0,0,0,4,0,0,0,0,0,0,0,0,0,0,0,1
10/16/2025 11:32,0,0,0,0,0,0,0,0,0,0,0,0,0,0,0,0,0,0,0,0,1
10/16/2025 11:33,0,0,0,0,0,0,12,0,0,0,0,0,0,0,0,0,0,0,0,0,1
10/16/2025 11:34,0,0,2,0,0,0,7,0,0,0,0,0,0,0,0,0,0,0,0,0,1
10/16/2025 11:35,0,0,0,0,0,0,5,0,0,0,0,0,0,0,0,0,0,0,0,0,1
10/16/2025 11:36,0,0,0,0,0,0,7,0,0,0,0,0,0,0,0,0,0,0,0,0,1
10/16/2025 11:37,6,3,0,0,0,0,15,0,0,0,0,0,0,0,0,0,0,0,0,0,1
10/16/2025 11:38,0,10,7,0,1,0,11,0,0,0,0,0,0,0,0,0,0,0,0,0,1
10/16/2025 11:39,0,0,3,0,0,0,27,0,0,0,0,0,0,0,0,0,0,0,0,0,1
10/16/2025 11:40,0,0,0,0,1,0,41,0,0,0,0,0,0,0,0,0,0,0,0,0,1
10/16/2025 11:41,0,0,0,0,0,0,48,0,0,0,0,0,0,0,0,0,0,0,0,0,1
10/16/2025 11:42,0,0,0,0,0,0,30,0,0,0,0,0,0,0,0,0,0,0,0,0,1
10/16/2025 11:43,0,1,4,0,9,0,14,0,0,0,0,0,0,0,0,0,0,0,0,0,1
10/16/2025 11:44,0,10,0,0,7,0,0,0,0,0,0,0,0,0,0,0,0,0,0,0,1
10/16/2025 11:45,0,0,0,0,8,0,0,0,0,0,0,0,0,0,0,0,0,0,0,0,1
10/16/2025 11:46,0,0,0,0,8,0,1,0,0,0,0,0,0,0,0,0,0,0,0,0,1
10/16/2025 11:47,0,0,0,0,8,0,8,0,0,0,0,0,0,0,0,0,0,0,0,0,1
10/16/2025 11:48,0,0,0,0,2,0,9,0,0,0,0,0,0,0,0,0,0,0,0,0,1
10/16/2025 11:49,0,0,0,0,3,0,23,0,0,0,0,0,0,0,0,0,0,0,0,0,1
10/16/2025 11:50,0,0,0,0,13,0,2,0,0,0,0,0,0,0,0,0,0,0,0,0,1
10/16/2025 11:51,0,0,0,0,8,0,7,0,0,0,0,0,0,0,0,0,0,0,0,0,1
10/16/2025 11:52,0,5,0,0,14,0,2,0,0,0,0,0,0,0,0,0,0,0,0,0,1
10/16/2025 11:53,0,0,0,0,7,0,14,0,0,0,0,0,0,0,0,0,0,0,0,0,1
10/16/2025 11:54,0,0,0,0,25,0,1,0,4,0,0,0,0,0,0,0,0,0,0,0,1
10/16/2025 11:55,0,0,0,0,11,0,0,0,0,0,0,0,0,0,0,0,1,0,0,0,1
10/16/2025 11:56,0,0,0,0,9,0,0,0,0,0,0,0,0,0,0,0,1,0,0,0,1
10/16/2025 11:57,0,0,0,0,11,0,0,0,0,0,0,0,0,0,0,0,0,0,0,0,1
10/16/2025 11:58,0,0,0,0,16,0,0,0,0,0,0,0,0,0,0,0,0,0,0,0,1
10/16/2025 11:59,0,0,0,0,19,0,0,0,0,0,0,0,0,0,0,0,0,0,0,0,1
10/16/2025 12:00,0,0,0,0,11,0,0,0,0,6,0,0,0,0,0,0,0,0,0,0,1
10/16/2025 12:01,0,0,0,0,23,0,0,0,0,15,0,0,0,0,0,0,0,0,0,0,1
10/16/2025 12:02,0,0,0,0,32,0,0,0,0,7,0,0,0,0,0,0,0,0,0,0,1
10/16/2025 12:03,0,0,0,0,20,0,0,0,0,1,0,0,0,0,0,0,0,0,0,0,1
10/16/2025 12:04,0,2,0,0,9,0,0,0,0,0,0,0,0,0,0,2,0,0,0,0,1
10/16/2025 12:05,0,0,0,0,0,0,0,0,0,0,0,0,0,0,0,0,0,0,0,0,1
10/16/2025 12:06,0,0,0,0,0,0,0,0,0,0,0,0,0,0,0,0,0,0,0,0,1
10/16/2025 12:07,0,0,0,0,0,0,0,0,0,2,0,0,0,0,0,0,0,0,0,0,1
10/16/2025 12:08,0,0,0,0,0,0,0,0,0,0,0,0,0,0,0,0,0,0,0,0,1
10/16/2025 12:09,0,0,0,0,0,0,0,0,0,1,0,0,0,0,0,0,0,0,0,0,1
10/16/2025 12:10,0,0,0,0,0,0,0,0,0,0,0,0,0,0,0,0,0,0,0,0,1
10/16/2025 12:11,0,0,0,0,0,0,0,0,0,0,0,0,0,0,0,0,0,0,0,0,1
10/16/2025 12:12,0,0,0,0,0,0,0,0,0,0,0,0,0,0,0,0,0,0,0,0,1
10/16/2025 12:13,0,0,0,0,0,0,0,0,0,0,0,0,0,0,0,0,0,0,0,0,1
10/16/2025 12:14,0,0,0,0,0,0,0,0,0,0,0,0,0,0,0,0,0,0,0,0,1
10/16/2025 12:15,0,0,0,0,0,0,0,0,0,0,0,0,0,0,0,0,0,0,0,0,1
10/16/2025 12:16,0,0,0,0,0,0,0,0,0,0,0,0,0,0,0,0,0,0,0,0,1
10/16/2025 12:17,0,0,0,0,0,0,0,0,0,0,0,0,0,0,0,0,0,0,0,0,1
10/16/2025 12:18,0,0,0,0,0,0,0,0,0,0,0,0,0,0,0,0,0,0,0,0,1
10/16/2025 12:19,0,0,0,0,0,0,0,0,0,0,0,0,0,0,0,0,0,0,0,0,1
10/16/2025 12:20,0,0,0,0,0,0,0,0,0,0,0,0,0,0,0,0,0,0,0,0,1
10/16/2025 12:21,0,0,0,0,0,0,0,0,0,0,0,0,0,0,0,7,0,0,0,0,1
10/16/2025 12:22,0,0,0,0,0,0,0,0,0,0,0,0,0,0,0,2,0,0,0,0,1
10/16/2025 12:23,0,0,0,0,0,0,0,0,0,0,0,0,0,0,0,2,0,0,0,0,1
10/16/2025 12:24,0,0,0,0,0,0,0,0,0,0,0,0,0,0,0,0,0,0,0,0,1
10/16/2025 12:25,0,5,0,0,0,0,0,0,0,0,0,0,0,0,0,0,9,0,0,0,1
10/16/2025 12:26,0,0,0,0,0,0,0,0,0,0,0,0,0,0,0,0,12,0,0,0,1
10/16/2025 12:27,0,1,0,0,0,0,1,0,0,0,0,0,0,0,0,0,1,0,0,0,1
10/16/2025 12:28,0,0,0,0,0,0,0,4,0,0,0,0,0,0,0,0,0,0,0,0,1
10/16/2025 12:29,0,2,0,0,0,0,0,0,0,0,0,0,0,0,0,0,3,0,0,0,1
10/16/2025 12:30,0,6,0,0,0,0,0,3,0,0,0,0,0,0,0,2,3,0,0,0,1
10/16/2025 12:31,0,2,0,0,0,0,0,0,0,0,0,0,0,0,0,0,3,0,0,0,1
10/16/2025 12:32,0,0,0,0,0,0,0,0,0,0,0,0,0,0,0,2,2,0,0,0,1
10/16/2025 12:33,0,0,0,0,0,0,0,0,0,0,0,0,0,0,0,11,0,0,0,0,1
10/16/2025 12:34,0,0,0,0,0,0,0,0,0,0,0,0,0,0,0,7,7,0,0,0,1
10/16/2025 12:35,0,0,0,0,0,0,0,0,0,0,0,0,0,0,0,0,15,0,0,0,1
10/16/2025 12:36,0,0,0,0,0,0,0,0,0,0,0,0,0,0,0,5,12,0,0,0,1
10/16/2025 12:37,0,0,0,0,0,0,0,0,0,0,0,0,0,0,0,2,3,0,0,0,1
10/16/2025 12:38,0,0,0,0,3,0,0,0,0,0,0,0,0,0,0,6,7,0,0,0,1
10/16/2025 12:39,0,0,0,0,7,0,0,0,0,0,0,0,0,0,0,8,9,0,0,0,1
10/16/2025 12:40,0,0,0,0,0,0,0,0,0,0,0,0,0,0,0,0,10,0,0,0,1
10/16/2025 12:41,0,0,0,0,0,0,0,0,0,0,0,0,0,0,0,0,7,0,0,0,1
10/16/2025 12:42,0,0,0,0,0,0,0,0,0,0,0,0,0,0,0,0,3,0,0,0,1
10/16/2025 12:43,0,0,0,0,0,0,0,0,0,0,0,0,0,0,0,0,7,0,0,0,1
10/16/2025 12:44,0,0,0,0,0,0,0,0,0,0,0,0,0,0,0,0,0,0,0,0,1
10/16/2025 12:45,0,0,0,0,0,0,0,0,0,0,0,0,0,0,0,0,7,0,0,0,1
10/16/2025 12:46,0,0,0,0,0,0,0,0,0,0,0,0,0,0,0,0,3,0,0,0,1
10/16/2025 12:47,0,0,0,0,0,0,0,0,0,0,0,0,0,0,0,0,0,0,0,0,1
10/16/2025 12:48,0,0,0,0,0,0,5,0,0,0,0,0,0,0,0,0,5,0,0,0,1
10/16/2025 12:49,0,0,0,0,0,0,0,0,0,0,0,0,0,0,0,0,0,0,0,0,1
10/16/2025 12:50,0,11,0,0,0,0,0,0,0,0,0,0,0,0,0,0,0,0,0,0,1
10/16/2025 12:51,0,0,0,0,0,0,0,0,0,0,0,0,0,0,0,0,0,0,0,0,1
10/16/2025 12:52,0,0,0,0,0,0,0,0,0,0,0,0,0,0,0,0,0,0,0,0,1
10/16/2025 12:53,0,3,0,0,0,0,0,0,0,0,0,0,0,0,0,0,0,0,0,0,1
10/16/2025 12:54,0,0,0,0,0,0,0,0,0,0,0,0,0,0,0,0,0,0,0,0,1
10/16/2025 12:55,0,0,0,0,0,0,0,0,0,0,0,0,0,0,0,0,0,0,0,0,1
10/16/2025 12:56,0,0,0,0,0,0,0,0,0,0,0,0,0,0,0,0,0,0,0,0,1
10/16/2025 12:57,0,0,0,0,0,0,0,0,0,0,0,0,0,0,0,0,0,0,0,0,1
10/16/2025 12:58,0,0,0,0,0,0,0,0,0,0,0,0,0,0,0,0,0,0,0,0,1
10/16/2025 12:59,0,0,0,0,0,0,0,0,0,0,0,0,0,0,0,0,0,0,0,0,1
10/16/2025 13:00,0,0,0,0,0,0,0,0,0,0,0,0,0,0,0,0,0,0,0,0,1
10/16/2025 13:01,0,0,0,0,0,0,0,0,0,0,0,0,0,0,0,0,0,0,0,0,1
10/16/2025 13:02,0,0,0,0,0,0,0,0,0,0,0,0,0,0,0,0,0,0,0,0,1
10/16/2025 13:03,0,0,0,0,0,0,0,0,0,0,0,0,0,0,0,0,0,0,0,0,1
10/16/2025 13:04,0,0,0,0,0,0,0,0,0,0,0,0,0,0,0,0,0,0,0,0,1
10/16/2025 13:05,0,0,0,0,0,0,0,0,0,0,0,0,0,0,0,0,0,0,0,0,1
10/16/2025 13:06,0,0,0,0,0,0,0,0,0,0,0,0,0,0,0,0,0,0,0,0,1
10/16/2025 13:07,0,0,0,0,0,0,0,0,0,0,0,0,0,0,0,0,0,0,0,0,1
10/16/2025 13:08,0,0,0,0,0,0,0,0,0,0,0,0,0,0,0,0,0,0,0,0,1
10/16/2025 13:09,0,0,0,0,0,0,0,0,0,0,0,0,0,0,0,0,0,0,0,0,1
10/16/2025 13:10,0,0,0,0,0,0,0,0,0,0,0,0,0,0,0,0,1,0,0,0,1
10/16/2025 13:11,0,0,0,0,0,0,0,0,0,0,0,0,0,0,0,0,0,0,0,0,1
10/16/2025 13:12,0,0,0,0,1,0,0,0,0,0,0,0,0,0,0,0,0,0,0,0,1
10/16/2025 13:13,0,0,0,0,1,0,0,0,0,0,0,0,0,0,0,0,0,0,0,0,1
10/16/2025 13:14,0,0,0,0,0,0,0,0,0,0,0,0,0,0,0,0,0,0,0,0,1
10/16/2025 13:15,0,0,0,0,0,0,0,0,0,0,0,0,0,0,0,2,0,0,0,0,1
10/16/2025 13:16,0,0,0,0,0,0,0,0,0,0,0,0,0,0,0,2,0,0,0,0,1
10/16/2025 13:17,0,0,0,0,0,0,0,0,0,0,0,0,0,0,0,0,0,0,0,0,1
10/16/2025 13:18,0,0,0,0,0,0,0,0,0,0,0,0,0,0,0,0,0,0,0,0,1
10/16/2025 13:19,0,0,0,0,0,0,0,0,0,0,0,0,0,0,0,0,0,0,0,0,1
10/16/2025 13:20,0,0,0,0,0,0,0,0,0,0,0,0,0,0,0,0,3,0,0,0,1
10/16/2025 13:21,0,0,0,0,0,0,0,0,0,0,0,0,0,0,0,0,2,0,0,0,1
10/16/2025 13:22,0,0,0,0,0,0,0,0,0,0,0,0,0,0,0,0,0,0,0,0,1
10/16/2025 13:23,0,0,0,0,0,0,0,0,0,0,0,0,0,0,0,0,0,0,0,0,1
10/16/2025 13:24,0,0,0,0,0,0,0,0,0,0,0,0,0,0,0,0,0,0,0,0,1
10/16/2025 13:25,0,0,0,0,0,0,0,0,0,0,0,0,0,0,0,0,0,0,0,0,1
10/16/2025 13:26,0,0,0,0,0,0,0,0,0,0,0,0,0,0,0,0,0,0,0,0,1
10/16/2025 13:27,0,0,0,0,0,0,0,0,0,0,0,0,0,0,0,0,0,0,0,0,1
10/16/2025 13:28,0,8,0,0,0,0,0,0,0,0,0,0,0,0,0,0,0,0,0,0,1
10/16/2025 13:29,0,0,0,0,0,0,0,0,0,0,3,0,0,0,0,0,0,0,0,0,1
10/16/2025 13:30,0,0,0,0,0,0,0,0,0,0,0,0,0,0,0,0,1,0,0,0,1
10/16/2025 13:31,0,0,0,0,0,0,0,0,0,0,0,0,0,0,0,0,0,0,0,0,1
10/16/2025 13:32,0,0,0,0,0,0,0,0,0,0,0,0,0,0,0,0,0,0,0,0,1
10/16/2025 13:33,0,0,0,0,0,0,0,0,0,0,0,0,0,0,0,0,0,0,0,0,1
10/16/2025 13:34,0,0,0,0,0,0,0,0,0,0,0,0,0,0,0,0,0,0,0,0,1
10/16/2025 13:35,0,0,0,0,1,0,2,0,0,0,0,0,0,0,0,0,0,0,0,0,1
10/16/2025 13:36,0,0,0,0,7,0,3,0,0,0,0,0,0,0,0,0,0,0,0,0,1
10/16/2025 13:37,0,0,0,0,0,0,3,0,0,0,0,0,0,0,0,0,0,0,0,0,1
10/16/2025 13:38,0,0,0,0,2,0,0,0,0,0,0,0,0,0,0,0,0,0,0,0,1
10/16/2025 13:39,0,0,0,0,0,0,0,0,0,0,0,0,0,0,0,0,0,0,0,0,1
10/16/2025 13:40,0,0,0,0,0,0,0,0,0,0,0,0,0,0,0,0,0,0,0,0,1
10/16/2025 13:41,0,0,0,0,0,0,0,0,0,0,0,0,0,0,0,0,0,0,0,0,1
10/16/2025 13:42,0,0,0,0,0,0,0,0,0,0,0,0,0,0,0,0,0,0,0,0,1
10/16/2025 13:43,0,0,0,0,0,0,0,0,0,0,0,0,0,0,0,0,0,0,1,0,1
10/16/2025 13:44,0,0,0,0,0,0,0,0,0,0,0,0,0,0,0,0,0,0,7,0,1
10/16/2025 13:45,0,0,0,0,0,0,0,0,0,0,0,0,0,0,0,0,0,0,0,0,1
10/16/2025 13:46,0,0,0,0,0,0,0,0,0,0,0,0,0,0,0,0,0,0,0,0,1
10/16/2025 13:47,0,0,0,0,0,0,0,0,0,0,0,0,0,0,0,0,0,0,0,0,1
10/16/2025 13:48,0,0,1,0,0,0,0,0,0,0,0,0,0,0,0,0,0,0,0,0,1
10/16/2025 13:49,0,0,0,0,0,0,0,0,0,0,0,0,0,0,0,0,0,0,0,0,1
10/16/2025 13:50,0,0,7,0,0,0,0,0,0,0,0,0,0,0,0,0,0,0,0,0,1
10/16/2025 13:51,0,0,0,0,0,0,0,0,0,0,0,0,0,0,0,0,0,0,0,0,1
10/16/2025 13:52,0,0,0,0,0,0,0,0,0,0,0,0,0,0,0,0,0,0,0,0,1
10/16/2025 13:53,0,0,0,0,0,0,0,0,0,0,0,0,0,0,0,0,0,0,0,0,1
10/16/2025 13:54,0,0,0,0,0,0,0,0,0,0,0,0,0,0,0,0,0,0,0,0,1
10/16/2025 13:55,0,0,0,0,0,0,0,0,0,0,0,0,0,0,0,0,0,0,0,0,1
10/16/2025 13:56,0,0,0,0,0,0,0,0,0,0,0,0,0,0,0,0,0,0,0,0,1
10/16/2025 13:57,0,0,0,0,0,0,0,0,0,0,0,0,0,0,0,0,0,0,0,0,1
10/16/2025 13:58,0,0,0,0,0,0,0,0,0,0,0,0,0,0,0,0,0,0,0,0,1
10/16/2025 13:59,0,0,0,0,0,0,0,0,0,0,0,0,0,0,0,0,0,0,0,0,1
10/16/2025 14:00,0,0,0,0,0,0,0,0,0,0,0,0,0,0,0,0,0,0,0,0,1
10/16/2025 14:01,0,0,0,0,0,0,0,0,0,0,0,0,0,0,0,0,0,0,0,0,1
10/16/2025 14:02,1,0,0,0,0,0,0,0,0,0,0,0,0,0,0,0,0,0,0,0,1
10/16/2025 14:03,0,0,0,0,0,0,0,0,0,0,0,0,0,0,0,0,0,0,0,0,1
10/16/2025 14:04,0,0,0,0,0,0,0,0,0,0,0,0,0,0,0,0,0,0,0,0,1
10/16/2025 14:05,5,0,0,0,0,0,0,0,0,0,0,0,0,0,0,0,0,0,0,0,1
10/16/2025 14:06,0,0,0,0,0,0,0,0,0,0,0,0,0,0,0,0,0,0,0,0,1
10/16/2025 14:07,0,0,0,0,0,0,0,0,0,0,0,0,0,0,0,0,0,0,0,0,1
10/16/2025 14:08,0,0,0,0,0,3,0,0,0,0,0,0,0,0,0,0,0,0,0,0,1
10/16/2025 14:09,0,0,0,0,0,14,0,0,0,0,0,0,0,0,0,0,0,0,0,0,1
10/16/2025 14:10,0,0,0,0,0,8,8,0,0,0,0,0,0,0,0,1,0,0,0,0,1
10/16/2025 14:11,0,0,0,0,0,0,5,0,0,0,0,0,0,0,0,0,0,0,0,0,1
10/16/2025 14:12,0,0,0,0,0,0,5,0,0,0,0,0,0,0,0,0,0,0,0,0,1
10/16/2025 14:13,0,0,0,0,0,0,9,0,0,0,0,0,0,0,0,0,0,0,0,0,1
10/16/2025 14:14,0,0,0,0,0,0,2,0,1,0,0,0,0,0,0,0,0,0,0,0,1
10/16/2025 14:15,0,0,0,0,0,0,5,0,0,0,0,0,0,0,0,0,0,0,0,0,1
10/16/2025 14:16,0,0,0,0,0,0,1,0,0,0,0,0,0,0,0,0,0,0,0,0,1
10/16/2025 14:17,0,0,0,0,0,0,0,0,0,0,0,0,0,0,0,0,0,0,0,0,1
10/16/2025 14:18,0,0,0,0,0,0,0,0,0,0,0,0,0,0,0,0,0,0,0,0,1
10/16/2025 14:19,0,0,0,0,0,0,0,0,0,0,0,0,0,0,0,0,0,0,0,0,1
10/16/2025 14:20,0,0,0,0,0,0,0,0,0,0,0,0,0,0,0,0,0,0,0,0,1
10/16/2025 14:21,0,0,0,0,0,0,0,0,0,0,0,0,0,0,0,0,0,0,0,0,1
10/16/2025 14:22,0,0,0,0,0,0,0,0,0,0,0,0,0,0,0,0,0,0,0,0,1
10/16/2025 14:23,0,0,0,0,0,0,0,0,0,0,0,0,0,0,0,0,0,0,0,0,1
10/16/2025 14:24,0,0,0,0,0,0,0,0,0,0,0,0,0,0,0,0,0,0,0,0,1
10/16/2025 14:25,0,0,0,0,0,0,0,0,0,0,0,0,0,0,0,0,0,0,0,0,1
10/16/2025 14:26,0,0,0,1,0,0,0,0,0,0,0,0,0,0,0,0,0,0,0,0,1
10/16/2025 14:27,0,0,0,0,0,0,0,0,0,0,0,0,0,0,0,0,0,0,0,0,1
10/16/2025 14:28,0,0,0,0,0,0,0,0,0,0,0,0,0,0,0,0,0,0,0,0,1
10/16/2025 14:29,0,0,0,0,0,0,0,0,0,0,0,0,0,0,0,0,0,0,0,0,1
10/16/2025 14:30,0,0,0,0,0,0,0,0,0,0,0,0,0,0,0,0,0,0,0,0,1
10/16/2025 14:31,0,0,0,0,0,0,0,0,0,0,0,0,0,0,0,0,0,0,0,0,1
10/16/2025 14:32,0,0,0,0,0,0,0,0,0,0,0,0,0,0,0,0,0,0,0,0,1
10/16/2025 14:33,0,0,0,0,0,0,0,0,0,0,0,0,0,0,0,0,0,0,0,0,1
10/16/2025 14:34,0,0,0,0,0,0,0,0,0,0,0,0,0,0,0,0,0,0,0,0,1
10/16/2025 14:35,0,0,0,0,0,0,0,0,0,0,0,0,0,0,0,0,0,0,0,0,1
10/16/2025 14:36,0,0,0,0,0,0,0,0,0,0,0,0,0,0,0,0,0,0,0,0,1
10/16/2025 14:37,0,0,0,0,0,0,0,0,0,0,0,0,0,0,0,0,0,0,0,0,1
10/16/2025 14:38,0,0,0,0,0,0,0,0,0,0,0,0,0,0,0,0,0,0,0,0,1
10/16/2025 14:39,0,0,0,0,0,0,0,0,0,0,0,0,0,0,0,0,0,0,0,0,1
10/16/2025 14:40,0,0,0,0,0,0,0,0,0,0,0,0,0,0,0,0,0,0,0,0,1
10/16/2025 14:41,0,0,0,0,0,0,0,0,0,0,0,0,0,0,4,0,0,0,0,0,1
10/16/2025 14:42,0,0,0,0,0,0,0,0,0,0,0,0,0,0,0,0,0,0,0,0,1
10/16/2025 14:43,0,0,0,0,0,0,0,0,0,0,0,0,0,0,5,0,0,0,0,0,1
10/16/2025 14:44,0,0,0,0,0,0,0,0,0,0,0,0,0,0,7,0,0,0,0,0,1
10/16/2025 14:45,0,0,0,0,0,0,0,0,0,0,0,0,0,0,4,0,0,0,0,0,1
10/16/2025 14:46,0,0,0,0,0,0,0,0,0,0,0,0,0,0,0,0,0,0,0,0,1
10/16/2025 14:47,0,0,0,0,0,0,0,0,0,0,0,0,0,0,0,0,0,0,0,0,1
10/16/2025 14:48,0,0,0,0,0,0,0,0,0,0,0,0,0,0,0,0,0,0,0,0,1
10/16/2025 14:49,0,0,0,0,0,0,0,0,0,0,0,0,0,0,0,0,0,0,0,0,1
10/16/2025 14:50,0,0,0,0,0,0,0,0,0,0,0,0,0,0,0,0,0,0,0,0,1
10/16/2025 14:51,0,0,0,0,0,0,0,0,0,0,0,0,0,0,0,0,0,0,0,0,1
10/16/2025 14:52,0,0,0,0,0,0,0,0,0,0,0,0,0,0,0,0,0,0,0,0,1
10/16/2025 14:53,0,0,0,0,0,0,0,0,0,0,0,0,0,0,0,0,0,0,0,0,1
10/16/2025 14:54,0,0,0,0,0,0,0,0,0,0,0,0,0,0,0,0,0,0,0,0,1
10/16/2025 14:55,0,0,0,0,0,0,0,0,0,0,0,0,0,0,0,0,0,0,0,0,1
10/16/2025 14:56,0,0,0,0,0,0,0,0,0,0,0,0,0,0,0,0,0,0,0,0,1
10/16/2025 14:57,0,0,0,0,0,0,0,0,0,0,0,0,0,0,0,0,0,0,0,0,1
10/16/2025 14:58,0,0,0,0,0,0,0,0,0,0,0,0,0,0,0,0,0,0,0,0,1
10/16/2025 14:59,0,0,0,0,0,0,0,0,0,0,0,0,0,0,1,0,0,0,0,0,1
10/16/2025 15:00,0,2,0,0,0,0,1,0,0,0,0,0,0,0,0,0,0,0,0,0,1
10/16/2025 15:01,0,3,0,0,0,0,0,0,0,0,0,0,0,0,0,0,0,0,0,0,1
10/16/2025 15:02,0,0,0,0,0,0,0,0,0,0,0,0,0,0,0,0,0,0,0,0,1
10/16/2025 15:03,0,0,0,0,0,0,0,0,0,0,0,0,0,0,0,0,0,0,0,0,1
10/16/2025 15:04,0,0,0,0,0,0,0,0,0,0,0,0,0,0,0,0,0,0,0,0,1
10/16/2025 15:05,0,0,0,0,0,0,0,0,0,0,0,0,0,0,0,0,0,0,0,0,1
10/16/2025 15:06,0,6,0,0,0,0,0,0,0,0,0,0,0,0,0,0,0,0,0,0,1
10/16/2025 15:07,0,0,0,0,0,0,0,0,0,0,0,0,0,0,0,0,0,0,0,0,1
10/16/2025 15:08,0,0,0,0,0,0,0,0,0,0,0,0,0,0,0,0,0,0,0,0,1
10/16/2025 15:09,0,0,0,0,0,0,0,0,0,0,0,0,0,0,0,0,0,0,0,0,1
10/16/2025 15:10,0,4,0,0,0,0,0,0,0,0,0,0,0,0,1,0,0,0,0,0,1
10/16/2025 15:11,0,0,0,0,0,0,0,0,0,0,0,0,0,0,0,0,0,0,0,0,1
10/16/2025 15:12,0,0,0,0,0,0,0,0,0,0,0,0,0,0,0,0,0,0,0,0,1
10/16/2025 15:13,0,1,0,0,0,0,0,0,0,0,0,0,0,0,9,0,0,0,0,0,1
10/16/2025 15:14,0,0,0,0,0,0,0,0,0,0,0,0,0,0,13,0,0,0,0,0,1
10/16/2025 15:15,0,1,0,0,0,0,0,0,0,0,0,0,0,0,11,0,0,0,0,0,1
10/16/2025 15:16,0,0,0,0,0,0,1,0,0,0,0,0,0,0,5,0,0,0,0,0,1
10/16/2025 15:17,0,0,0,0,2,0,0,0,0,0,0,0,0,0,6,0,0,0,0,0,1
10/16/2025 15:18,0,0,0,0,2,0,0,0,0,0,0,0,0,0,0,0,0,0,0,0,1
10/16/2025 15:19,0,0,0,0,3,0,0,0,0,0,0,0,0,0,4,0,0,0,0,0,1
10/16/2025 15:20,0,0,0,0,0,0,0,4,0,0,0,0,0,0,5,0,0,0,0,0,1
10/16/2025 15:21,0,0,0,0,0,0,0,0,0,0,0,0,0,0,0,0,0,0,0,0,1
10/16/2025 15:22,0,0,0,0,0,0,0,0,0,0,0,0,0,0,0,0,0,0,0,0,1
10/16/2025 15:23,0,0,0,0,0,0,0,0,0,0,0,0,0,0,3,0,0,0,0,0,1
10/16/2025 15:24,0,0,0,0,0,0,0,0,0,0,0,0,0,0,0,0,0,0,0,0,1
10/16/2025 15:25,0,0,0,0,0,0,0,0,0,0,0,0,0,0,0,0,0,0,0,0,1
10/16/2025 15:26,0,0,0,0,0,0,0,0,0,0,0,0,0,0,0,0,0,0,0,0,1
10/16/2025 15:27,0,0,0,0,0,0,0,0,0,0,0,0,0,0,0,0,0,0,0,0,1
10/16/2025 15:28,0,0,0,0,0,0,0,0,0,0,0,0,0,0,0,0,0,0,0,0,1
10/16/2025 15:29,0,0,0,0,0,0,0,0,0,0,0,0,0,0,0,0,0,0,0,0,1
10/16/2025 15:30,0,0,0,0,0,0,0,0,0,0,0,0,0,0,0,0,1,0,0,0,1
10/16/2025 15:31,0,0,0,0,0,0,0,0,0,0,0,0,0,0,0,0,2,0,0,0,1
10/16/2025 15:32,0,0,0,0,0,0,0,0,0,0,0,0,0,0,0,0,2,0,0,0,1
10/16/2025 15:33,0,0,0,0,0,0,0,0,0,0,0,0,0,0,0,0,0,0,0,0,1
10/16/2025 15:34,0,0,0,0,0,0,0,0,0,0,0,0,0,0,0,0,0,0,0,0,1
10/16/2025 15:35,0,0,0,0,0,0,0,0,0,0,0,0,0,0,0,0,4,0,0,0,1
10/16/2025 15:36,0,0,0,0,0,0,0,0,0,0,0,0,0,0,0,0,0,0,0,0,1
10/16/2025 15:37,0,0,0,0,0,0,0,0,0,0,0,0,0,0,0,0,0,0,0,0,1
10/16/2025 15:38,0,1,0,0,0,0,0,0,0,0,0,0,0,0,0,0,0,0,0,0,1
10/16/2025 15:39,0,0,0,0,0,0,0,0,0,0,0,0,0,0,0,1,0,0,0,0,1
10/16/2025 15:40,0,0,0,0,0,0,0,0,0,0,0,0,0,0,0,0,0,0,0,0,1
10/16/2025 15:41,0,0,0,0,1,0,0,0,0,0,0,0,0,0,0,0,0,0,0,0,1
10/16/2025 15:42,0,0,0,0,0,0,0,0,0,0,0,0,0,0,0,0,0,0,0,0,1
10/16/2025 15:43,0,0,0,0,0,0,0,0,0,0,0,0,0,0,0,0,0,0,0,0,1
10/16/2025 15:44,0,1,0,0,0,0,0,0,0,0,0,0,0,0,0,0,0,0,0,0,1
10/16/2025 15:45,0,0,0,0,0,0,1,0,0,0,0,0,0,0,0,0,2,0,0,0,1
10/16/2025 15:46,0,0,0,0,1,0,0,0,0,0,0,0,0,0,0,0,6,0,0,0,1
10/16/2025 15:47,0,0,0,0,0,0,0,0,0,0,0,0,0,0,0,0,4,0,0,0,1
10/16/2025 15:48,0,0,0,0,2,0,0,0,0,0,0,0,0,0,0,0,11,0,0,0,1
10/16/2025 15:49,0,0,0,0,3,0,0,0,0,0,0,0,0,0,0,0,17,0,0,0,1
10/16/2025 15:50,0,1,0,0,0,0,0,0,0,0,0,0,0,0,0,0,1,0,0,0,1
10/16/2025 15:51,0,0,0,0,0,0,0,0,0,0,0,0,0,0,0,0,1,0,0,0,1
10/16/2025 15:52,0,0,0,0,0,0,0,0,0,0,0,0,0,0,0,0,11,0,0,0,1
10/16/2025 15:53,0,0,0,0,0,0,0,0,0,0,0,0,0,0,0,0,15,0,0,0,1
10/16/2025 15:54,0,0,0,0,0,0,0,0,0,0,0,0,0,0,0,0,14,4,0,0,1
10/16/2025 15:55,0,0,0,0,0,0,0,0,0,0,0,0,0,0,0,0,11,0,0,0,1
10/16/2025 15:56,0,0,0,0,0,0,0,0,0,0,0,0,0,0,0,0,24,0,0,0,1
10/16/2025 15:57,0,1,0,0,1,0,0,0,0,0,0,0,0,0,0,0,6,0,0,0,1
10/16/2025 15:58,0,0,0,0,0,0,0,0,0,0,0,0,0,0,0,0,5,0,0,0,1
10/16/2025 15:59,0,0,0,0,0,0,0,0,0,0,0,0,0,0,0,0,1,0,0,0,1
10/16/2025 16:00,0,3,0,0,0,0,0,0,0,0,0,0,0,0,0,0,1,0,0,0,1
10/16/2025 16:01,0,0,0,0,0,0,0,0,0,0,0,0,0,0,0,0,0,0,0,0,1
10/16/2025 16:02,0,2,1,0,0,0,1,0,0,0,0,0,0,0,0,0,0,0,0,0,1
10/16/2025 16:03,0,1,0,0,0,0,0,0,0,0,0,0,0,0,0,2,0,0,0,0,1
10/16/2025 16:04,0,1,1,0,0,0,0,0,0,0,0,0,0,0,0,2,0,0,0,0,1
10/16/2025 16:05,0,0,0,0,0,0,0,0,0,0,0,0,0,0,0,8,0,0,0,0,1
10/16/2025 16:06,0,0,0,0,0,0,0,0,0,0,0,0,0,0,1,0,0,0,0,0,1
10/16/2025 16:07,0,0,0,0,0,0,0,0,0,0,0,0,0,0,0,0,0,0,0,0,1
10/16/2025 16:08,0,0,0,0,0,0,0,0,0,0,0,0,0,0,0,0,0,0,0,0,1
10/16/2025 16:09,0,0,0,0,0,0,0,0,0,0,0,0,0,0,0,0,0,0,0,0,1
10/16/2025 16:10,0,0,0,0,0,0,0,0,0,0,0,0,0,0,0,0,0,0,0,0,1
10/16/2025 16:11,0,5,0,0,0,0,0,0,0,0,0,0,0,0,0,0,0,0,0,0,1
10/16/2025 16:12,0,1,0,0,0,0,0,0,0,0,0,0,0,0,0,0,0,0,0,0,1
10/16/2025 16:13,0,0,2,0,0,0,0,0,0,0,0,0,0,0,0,0,0,0,0,0,1
10/16/2025 16:14,0,4,8,0,0,0,0,0,0,0,0,0,0,0,0,0,0,0,0,0,1
10/16/2025 16:15,0,1,12,0,0,0,0,0,0,9,0,0,0,0,0,0,0,0,0,0,1
10/16/2025 16:16,0,3,1,0,0,0,0,0,0,15,0,0,0,0,0,0,0,0,0,0,1
10/16/2025 16:17,0,1,2,0,0,0,0,0,0,0,0,0,0,0,0,0,4,0,0,0,1
10/16/2025 16:18,0,1,2,0,0,0,0,0,0,0,0,0,0,0,0,0,0,0,0,0,1
10/16/2025 16:19,0,1,5,0,0,0,0,0,0,0,0,0,0,0,0,0,0,0,0,0,1
10/16/2025 16:20,0,0,6,0,0,0,0,0,0,0,0,0,0,0,0,0,0,0,0,0,1
10/16/2025 16:21,0,1,2,0,0,0,0,0,0,0,0,0,0,0,0,0,0,0,0,0,1
10/16/2025 16:22,0,3,4,0,0,0,0,0,0,0,0,0,0,0,0,0,0,0,0,0,1
10/16/2025 16:23,0,4,0,0,0,0,0,0,3,0,0,0,0,0,0,0,0,0,0,0,1
10/16/2025 16:24,0,1,5,0,0,0,0,0,6,0,0,0,0,0,0,0,0,0,0,0,1
10/16/2025 16:25,0,2,1,0,0,0,0,0,0,0,0,0,0,0,0,0,0,0,0,0,1
10/16/2025 16:26,0,2,0,0,0,0,0,0,0,0,0,0,0,0,0,0,0,0,0,0,1
10/16/2025 16:27,0,0,0,0,0,0,0,0,0,0,0,0,0,0,0,0,0,0,2,0,1
10/16/2025 16:28,0,3,0,0,0,0,0,0,0,0,0,0,0,0,0,0,0,0,0,0,1
10/16/2025 16:29,0,2,0,0,0,0,0,0,0,0,0,0,0,0,0,0,0,0,0,0,1
10/16/2025 16:30,0,0,0,0,0,0,0,0,0,0,0,0,0,0,0,0,0,0,0,0,1
10/16/2025 16:31,0,1,0,0,0,0,0,0,0,0,0,0,0,0,0,0,0,0,0,0,1
10/16/2025 16:32,0,1,0,0,0,0,0,0,0,0,0,0,0,0,0,0,0,0,0,0,1
10/16/2025 16:33,0,0,0,0,0,0,0,0,0,0,0,0,0,0,2,0,0,0,0,0,1
10/16/2025 16:34,0,1,0,0,0,0,0,0,0,0,0,0,0,0,0,0,0,0,0,0,1
10/16/2025 16:35,0,0,0,0,0,0,0,0,0,0,0,0,0,0,0,2,0,0,0,0,1
10/16/2025 16:36,0,0,0,0,0,0,0,0,0,0,0,0,0,0,0,0,0,0,0,0,1
10/16/2025 16:37,0,1,0,0,0,0,0,0,0,0,0,0,0,0,0,0,0,0,0,0,1
10/16/2025 16:38,0,0,0,0,0,0,0,0,0,0,0,0,0,0,0,0,0,0,0,0,1
10/16/2025 16:39,0,1,0,0,0,0,0,0,0,0,0,0,0,0,0,0,0,0,0,0,1
10/16/2025 16:40,0,1,0,0,0,0,0,0,0,0,0,0,0,0,0,0,0,0,0,0,1
10/16/2025 16:41,0,0,0,0,0,0,0,0,0,0,0,0,0,0,0,0,0,0,0,0,1
10/16/2025 16:42,0,0,0,0,0,0,0,0,0,0,0,0,0,0,0,0,0,0,0,0,1
10/16/2025 16:43,0,0,0,0,0,0,0,0,0,0,13,0,0,0,0,0,0,0,0,0,1
10/16/2025 16:44,0,0,0,0,0,0,0,0,0,0,0,0,0,0,0,0,0,0,0,0,1
10/16/2025 16:45,0,0,0,0,0,0,0,0,0,0,0,0,0,0,0,0,0,0,0,6,1
10/16/2025 16:46,0,0,0,0,0,0,0,0,0,0,0,0,0,0,0,0,0,0,0,9,1
10/16/2025 16:47,0,0,0,0,0,0,0,0,0,0,0,0,0,0,0,0,0,0,0,12,1
10/16/2025 16:48,0,0,0,0,0,0,0,0,0,0,0,0,0,0,0,0,0,0,0,10,1
10/16/2025 16:49,0,0,0,4,0,0,0,0,0,0,0,0,0,0,0,0,0,4,0,12,1
10/16/2025 16:50,0,0,0,0,0,0,0,0,0,0,0,0,0,0,0,0,0,0,0,0,1
10/16/2025 16:51,0,0,0,8,0,0,0,0,0,0,0,0,0,0,0,0,0,0,0,0,1
10/16/2025 16:52,0,0,1,0,0,0,0,0,0,0,0,0,0,0,0,0,0,0,0,0,1
10/16/2025 16:53,0,0,0,0,0,0,0,0,0,0,0,0,0,0,0,0,0,0,0,0,1
10/16/2025 16:54,0,0,0,0,0,0,0,0,0,0,0,0,0,0,0,0,0,0,0,0,1
10/16/2025 16:55,0,0,0,0,0,0,0,0,0,0,0,0,0,0,0,0,0,0,0,0,1
10/16/2025 16:56,0,0,0,0,0,0,0,0,0,0,0,0,0,0,0,0,0,0,0,0,1
10/16/2025 16:57,0,0,0,0,0,0,0,0,0,0,0,0,0,0,0,0,0,0,0,0,1
10/16/2025 16:58,0,4,0,0,0,0,0,0,0,0,0,0,0,0,0,0,0,0,0,0,1
10/16/2025 16:59,0,4,0,0,0,0,0,0,0,0,0,0,0,0,0,0,0,0,0,0,1
10/16/2025 17:00,0,0,0,0,0,0,2,0,0,0,0,0,0,0,0,0,0,0,0,0,1
10/16/2025 17:01,0,0,0,0,0,0,1,0,0,0,0,0,0,0,0,1,0,0,0,0,1
10/16/2025 17:02,0,0,0,0,0,0,1,0,0,0,0,0,0,0,0,0,0,0,0,0,1
10/16/2025 17:03,0,0,0,0,0,0,0,0,0,0,0,0,0,0,0,0,0,0,0,0,1
10/16/2025 17:04,0,0,0,0,0,0,8,0,0,0,0,0,0,0,0,1,0,0,0,0,1
10/16/2025 17:05,0,0,0,0,0,0,0,0,0,0,0,0,0,0,0,0,0,0,0,0,1
10/16/2025 17:06,0,0,0,0,0,0,0,0,0,0,0,0,0,0,0,0,0,0,0,0,1
10/16/2025 17:07,0,0,0,0,0,0,0,0,0,0,3,0,0,0,0,0,0,0,0,0,1
10/16/2025 17:08,0,0,0,0,0,0,0,0,0,0,0,0,0,0,0,0,0,0,0,0,1
10/16/2025 17:09,0,0,0,0,0,0,0,0,0,0,0,0,0,0,0,0,0,0,0,0,1
10/16/2025 17:10,0,0,0,0,0,0,0,0,0,0,0,0,0,0,0,0,0,0,0,0,1
10/16/2025 17:11,0,0,0,7,0,0,0,0,0,0,0,0,0,0,0,0,0,0,0,0,1
10/16/2025 17:12,0,0,0,3,0,0,0,0,0,0,3,0,0,0,0,0,0,0,0,0,1
10/16/2025 17:13,0,0,0,0,0,0,0,0,0,0,1,0,0,0,0,0,0,0,0,0,1
10/16/2025 17:14,0,0,0,0,0,0,0,0,0,0,0,0,0,0,0,3,0,0,0,0,1
10/16/2025 17:15,0,0,0,0,0,0,0,0,0,0,0,0,0,0,0,1,0,0,0,0,1
10/16/2025 17:16,0,0,0,0,0,0,0,0,0,0,0,0,0,0,0,0,0,0,0,0,1
10/16/2025 17:17,0,0,0,0,0,0,0,0,0,0,0,0,0,0,0,0,0,0,0,0,1
10/16/2025 17:18,0,0,0,0,0,0,0,0,0,0,0,0,0,0,0,2,0,0,0,0,1
10/16/2025 17:19,0,0,0,0,0,0,0,0,0,0,0,0,0,0,0,0,0,0,0,0,1
10/16/2025 17:20,0,0,0,0,0,0,0,6,0,0,0,0,0,0,0,0,0,0,0,0,1
10/16/2025 17:21,0,0,0,0,0,0,0,5,0,0,0,0,0,0,0,0,0,0,0,0,1
10/16/2025 17:22,0,0,0,0,0,0,0,0,0,0,0,0,0,0,0,0,0,0,0,0,1
10/16/2025 17:23,12,0,0,0,0,0,0,0,0,0,0,0,0,0,0,0,0,0,0,0,1
10/16/2025 17:24,3,0,0,0,0,0,0,0,0,0,0,0,0,0,0,0,0,0,0,0,1
10/16/2025 17:25,0,0,0,0,0,0,0,0,0,0,0,0,0,0,0,0,0,0,0,0,1
10/16/2025 17:26,0,0,0,0,0,0,0,0,0,0,0,0,0,0,0,0,0,0,0,0,1
10/16/2025 17:27,0,0,0,0,0,0,0,0,0,0,0,0,0,0,0,0,0,0,0,0,1
10/16/2025 17:28,0,0,0,0,0,0,0,0,0,0,0,0,0,0,0,0,0,0,0,0,1
10/16/2025 17:29,0,0,0,0,0,0,0,0,0,0,0,0,0,0,0,0,0,0,0,0,1
10/16/2025 17:30,0,0,0,0,0,0,0,0,0,0,0,0,0,0,0,0,0,0,0,0,1
10/16/2025 17:31,0,0,0,0,0,0,0,0,0,0,0,0,0,0,0,0,0,2,0,0,1
10/16/2025 17:32,0,0,0,0,0,0,0,0,0,0,0,0,0,0,0,0,0,0,0,0,1
10/16/2025 17:33,0,0,0,0,0,0,0,0,0,0,0,0,0,0,0,0,0,0,0,0,1
10/16/2025 17:34,0,0,0,0,0,0,0,2,0,0,0,0,0,0,0,0,0,0,0,0,1
10/16/2025 17:35,0,0,0,0,0,0,0,0,0,0,0,0,0,0,0,0,0,0,0,0,1
10/16/2025 17:36,0,0,0,0,0,0,0,0,0,0,0,0,0,0,0,0,0,0,0,0,1
10/16/2025 17:37,0,0,0,0,0,0,0,0,0,0,0,0,0,0,0,0,0,0,0,0,1
10/16/2025 17:38,0,0,0,0,0,0,0,0,0,0,0,0,0,0,0,0,0,0,0,0,1
10/16/2025 17:39,0,0,0,0,0,0,0,0,0,0,0,0,0,0,0,0,0,0,0,0,1
10/16/2025 17:40,0,0,0,0,0,0,0,0,0,0,0,0,0,0,0,0,0,0,0,0,1
10/16/2025 17:41,0,0,0,0,0,0,4,0,0,0,0,0,0,0,0,0,0,0,0,0,1
10/16/2025 17:42,0,0,0,0,0,0,8,0,0,0,0,0,0,0,0,0,0,0,0,0,1
10/16/2025 17:43,0,0,0,0,0,0,0,0,0,0,0,0,0,0,0,0,0,0,0,0,1
10/16/2025 17:44,0,0,0,0,0,0,0,0,0,0,0,0,0,0,0,0,0,0,0,0,1
10/16/2025 17:45,0,0,0,0,0,0,0,0,0,0,0,0,0,0,0,0,0,0,0,0,1
10/16/2025 17:46,0,0,0,0,0,0,0,0,0,0,0,0,0,0,0,0,0,0,0,0,1
10/16/2025 17:47,0,0,0,0,0,0,0,0,0,0,0,0,0,0,0,0,0,0,0,0,1
10/16/2025 17:48,0,0,0,4,0,0,0,0,0,0,0,0,0,0,0,0,0,0,0,0,1
10/16/2025 17:49,0,0,0,1,0,0,0,0,0,0,0,0,0,0,0,0,0,0,0,0,1
10/16/2025 17:50,0,0,0,0,0,0,0,0,0,0,1,0,0,0,0,0,0,0,1,0,1
10/16/2025 17:51,0,0,0,0,0,0,0,0,0,0,0,0,0,0,0,2,0,0,0,0,1
10/16/2025 17:52,0,0,0,0,0,0,0,0,0,0,3,0,0,0,0,8,0,0,0,0,1
10/16/2025 17:53,0,0,0,0,0,0,0,0,0,0,0,0,0,0,0,0,0,0,0,0,1
10/16/2025 17:54,0,0,0,0,0,0,0,0,0,0,0,0,0,0,0,0,0,0,0,0,1
10/16/2025 17:55,0,0,0,0,0,0,0,0,0,0,0,0,0,0,0,0,0,0,0,0,1
10/16/2025 17:56,0,0,0,0,0,0,0,0,0,0,0,0,3,0,0,0,0,0,0,0,1
10/16/2025 17:57,0,0,0,0,0,0,0,0,0,0,0,0,0,0,0,0,0,0,0,0,1
10/16/2025 17:58,0,0,0,0,9,0,0,1,0,0,0,0,0,0,0,0,0,0,0,0,1
10/16/2025 17:59,0,0,0,0,0,0,0,0,0,0,0,0,0,0,0,0,0,0,0,0,1
10/16/2025 18:00,0,0,1,0,0,0,0,0,0,0,0,0,0,0,0,0,0,0,0,0,1
10/16/2025 18:01,0,0,5,1,0,0,0,7,0,0,0,0,0,0,0,0,0,0,0,0,1
10/16/2025 18:02,0,0,0,0,0,0,0,0,0,0,0,0,0,0,0,0,0,0,0,0,1
10/16/2025 18:03,0,0,0,0,0,0,0,0,0,0,0,0,0,0,0,0,0,0,0,0,1
10/16/2025 18:04,0,0,0,0,0,0,0,0,0,0,0,0,0,0,0,0,0,0,0,0,1
10/16/2025 18:05,0,0,0,0,0,0,0,0,0,0,0,0,0,0,0,0,0,0,0,0,1
10/16/2025 18:06,0,0,0,0,0,0,0,0,0,0,0,0,0,0,0,0,0,0,0,0,1
10/16/2025 18:07,0,0,0,0,0,0,0,0,0,0,0,0,0,0,0,0,0,0,0,0,1
10/16/2025 18:08,0,0,0,0,0,0,0,0,0,0,0,0,0,0,0,0,0,0,0,0,1
10/16/2025 18:09,0,0,0,0,0,0,0,0,0,0,0,0,0,0,0,0,0,0,0,0,1
10/16/2025 18:10,0,0,0,0,0,0,0,0,0,0,1,0,0,0,0,0,0,0,0,0,1
10/16/2025 18:11,0,0,0,3,0,0,0,0,0,0,0,0,0,0,0,0,0,0,0,0,1
10/16/2025 18:12,0,0,0,5,0,0,0,0,0,0,0,0,0,0,0,0,0,0,0,0,1
10/16/2025 18:13,0,0,0,2,0,0,0,0,0,0,0,0,0,0,0,0,0,0,0,0,1
10/16/2025 18:14,0,0,0,1,0,0,0,0,0,0,0,0,0,0,0,0,0,0,0,0,1
10/16/2025 18:15,0,0,0,0,0,0,0,0,0,0,0,0,0,0,0,0,0,0,0,0,1
10/16/2025 18:16,0,0,0,1,0,0,0,0,0,0,0,0,0,0,0,0,0,0,0,0,1
10/16/2025 18:17,0,0,0,2,0,0,0,0,0,0,0,0,0,0,0,0,0,0,0,0,1
10/16/2025 18:18,0,0,0,0,0,0,0,0,0,0,0,0,0,0,0,0,0,0,0,0,1
10/16/2025 18:19,0,0,0,2,2,0,0,0,0,0,0,0,0,0,0,0,1,0,0,0,1
10/16/2025 18:20,0,0,0,0,1,0,0,0,0,0,0,0,0,0,0,0,1,0,0,0,1
10/16/2025 18:21,0,0,0,3,0,0,0,0,0,0,0,0,0,0,0,0,0,0,0,0,1
10/16/2025 18:22,0,0,0,1,0,0,0,0,0,0,0,0,0,0,0,0,0,0,0,0,1
10/16/2025 18:23,0,0,0,0,0,0,0,0,0,0,0,0,0,0,0,0,0,0,0,0,1
10/16/2025 18:24,0,0,0,0,12,0,0,0,0,0,0,0,0,0,0,0,0,0,0,0,1
10/16/2025 18:25,0,0,0,0,0,0,0,0,0,0,0,0,0,0,0,0,0,0,0,0,1
10/16/2025 18:26,0,0,0,0,0,0,0,0,0,0,0,11,0,0,0,0,0,0,0,0,1
10/16/2025 18:27,0,0,0,0,0,0,0,0,0,0,0,8,0,0,6,0,0,0,0,0,1
10/16/2025 18:28,0,0,0,0,0,0,0,0,0,0,0,1,0,0,0,0,0,0,0,0,1
10/16/2025 18:29,0,0,0,0,0,0,0,0,0,10,0,0,0,0,0,0,0,0,0,0,1
10/16/2025 18:30,0,0,0,0,0,0,0,0,0,8,0,0,0,0,0,0,0,0,0,0,1
10/16/2025 18:31,0,0,0,0,0,0,0,0,0,12,0,0,0,0,0,0,0,0,0,0,1
10/16/2025 18:32,0,0,0,0,0,0,0,0,0,5,0,0,0,0,0,0,1,0,0,0,1
10/16/2025 18:33,0,0,0,0,0,0,0,0,0,16,0,0,0,0,0,0,0,0,0,0,1
10/16/2025 18:34,0,0,0,0,0,0,4,0,0,16,0,0,0,0,0,0,0,0,0,0,1
10/16/2025 18:35,0,0,0,0,0,0,1,0,0,0,0,0,0,0,0,0,0,0,0,0,1
10/16/2025 18:36,0,0,0,0,0,0,0,0,0,0,0,0,0,0,0,0,0,0,0,0,1
10/16/2025 18:37,0,0,0,0,0,0,0,0,0,0,0,0,5,0,0,0,0,0,0,0,1
10/16/2025 18:38,0,0,0,0,0,0,0,0,0,0,0,30,0,0,0,0,0,0,0,0,1
10/16/2025 18:39,0,0,0,0,0,0,0,0,0,0,0,14,0,0,0,0,0,0,0,0,1
10/16/2025 18:40,0,0,0,0,0,0,0,0,0,0,0,35,0,0,0,0,0,1,0,0,1
10/16/2025 18:41,0,0,0,0,0,0,0,0,0,0,0,18,0,0,0,0,0,1,0,0,1
10/16/2025 18:42,0,0,0,0,0,0,0,0,0,0,0,22,0,0,0,0,0,0,0,0,1
10/16/2025 18:43,0,0,0,4,0,0,0,0,0,0,0,11,0,0,0,0,0,5,0,0,1
10/16/2025 18:44,0,0,0,0,0,0,0,0,0,0,0,0,0,0,0,0,0,0,0,0,1
10/16/2025 18:45,0,0,0,1,0,0,0,0,0,0,0,0,0,0,0,0,0,0,0,0,1
10/16/2025 18:46,0,0,0,0,0,0,0,0,0,0,0,0,0,0,0,0,0,0,0,0,1
10/16/2025 18:47,0,0,0,0,0,0,0,0,0,0,0,0,0,0,0,0,0,0,0,0,1
10/16/2025 18:48,0,0,0,0,0,0,0,0,0,0,0,1,0,0,0,0,0,0,0,0,1
10/16/2025 18:49,0,0,0,0,0,0,0,0,0,0,0,9,0,0,0,1,0,0,0,0,1
10/16/2025 18:50,0,0,0,0,0,0,0,0,0,0,0,2,0,0,0,0,0,0,0,0,1
10/16/2025 18:51,0,0,0,0,0,0,0,0,0,0,0,3,0,0,0,0,0,0,0,0,1
10/16/2025 18:52,0,0,0,0,0,0,0,0,0,0,0,5,0,0,0,0,0,0,0,0,1
10/16/2025 18:53,0,0,0,0,0,0,0,0,0,0,0,0,0,0,0,0,0,0,0,0,1
10/16/2025 18:54,0,0,4,0,0,0,0,0,0,0,0,3,0,0,0,0,0,0,0,0,1
10/16/2025 18:55,0,0,0,0,0,0,0,0,0,0,0,4,0,0,0,0,0,0,0,0,1
10/16/2025 18:56,0,0,0,0,0,0,0,0,0,0,0,2,0,0,0,0,0,1,0,0,1
10/16/2025 18:57,0,0,0,0,0,0,0,0,0,0,0,8,0,0,1,0,0,0,0,0,1
10/16/2025 18:58,0,0,0,0,0,0,0,0,0,0,0,4,0,0,0,0,0,0,0,0,1
10/16/2025 18:59,0,0,0,0,0,0,0,0,0,0,0,3,0,0,0,0,0,0,0,0,1
10/16/2025 19:00,0,0,0,0,0,0,0,0,0,0,0,1,0,0,0,0,0,0,0,0,1
10/16/2025 19:01,0,0,0,0,0,0,0,0,0,0,0,4,0,0,0,0,0,0,0,0,1
10/16/2025 19:02,0,0,1,0,0,0,0,0,0,0,0,1,0,0,0,0,0,0,0,0,1
10/16/2025 19:03,0,0,1,0,0,0,0,0,0,0,0,5,0,0,0,0,0,0,0,0,1
10/16/2025 19:04,0,0,0,2,0,0,0,0,0,0,0,12,0,0,0,0,0,0,0,0,1
10/16/2025 19:05,0,0,0,10,0,0,0,0,0,0,0,7,0,0,0,0,0,0,0,0,1
10/16/2025 19:06,0,0,0,3,0,0,0,0,0,0,0,0,0,0,1,0,0,0,0,0,1
10/16/2025 19:07,0,0,0,0,0,0,0,0,0,0,0,0,0,0,0,0,1,0,0,0,1
10/16/2025 19:08,0,0,10,0,0,0,0,0,0,0,0,0,0,0,0,0,1,0,0,0,1
10/16/2025 19:09,0,0,0,0,0,0,0,0,0,0,0,0,0,0,0,0,1,0,0,0,1
10/16/2025 19:10,0,0,0,0,2,0,0,0,0,0,0,0,0,0,0,0,3,0,0,0,1
10/16/2025 19:11,0,0,0,0,0,0,0,0,0,0,0,0,0,0,0,0,0,0,0,0,1
10/16/2025 19:12,0,0,0,0,0,0,0,0,0,0,0,0,0,0,0,0,0,0,0,0,1
10/16/2025 19:13,0,0,0,0,0,0,0,0,0,0,0,0,0,0,0,0,0,0,0,0,1
10/16/2025 19:14,0,0,0,0,0,0,0,0,0,0,0,0,0,0,0,0,0,0,0,0,1
10/16/2025 19:15,0,0,0,0,6,0,0,0,0,0,0,0,0,0,0,2,0,0,0,0,1
10/16/2025 19:16,0,0,0,0,14,0,0,0,0,0,0,0,0,0,0,0,0,0,0,0,1
10/16/2025 19:17,0,0,0,0,6,0,0,0,0,0,0,0,0,0,0,0,0,1,0,0,1
10/16/2025 19:18,0,0,0,0,4,0,0,0,0,0,0,0,0,0,0,0,0,0,0,0,1
10/16/2025 19:19,0,0,0,0,15,0,0,0,0,0,0,0,0,0,0,0,0,0,0,0,1
10/16/2025 19:20,0,0,0,0,1,0,0,0,0,0,0,0,0,0,0,0,0,0,0,0,1
10/16/2025 19:21,0,0,0,0,0,0,0,0,0,0,0,0,0,0,0,0,0,0,0,0,1
10/16/2025 19:22,0,0,0,0,0,0,0,0,0,0,0,0,0,0,0,0,0,0,0,0,1
10/16/2025 19:23,0,0,0,0,0,0,0,0,0,0,0,0,0,0,0,0,1,0,0,0,1
10/16/2025 19:24,0,0,0,0,0,0,0,0,0,0,0,0,0,0,0,0,0,0,0,0,1
10/16/2025 19:25,0,0,0,1,0,0,0,0,0,0,0,0,0,0,0,0,0,0,1,0,1
10/16/2025 19:26,0,0,0,0,0,0,0,0,0,0,0,0,0,0,0,0,0,0,0,0,1
10/16/2025 19:27,0,0,0,0,0,0,0,0,0,0,0,0,0,0,0,0,0,0,0,0,1
10/16/2025 19:28,0,0,0,0,0,0,0,0,0,0,0,0,0,0,0,0,0,0,0,0,1
10/16/2025 19:29,0,0,0,0,0,0,0,0,0,0,0,0,0,0,0,0,0,0,0,0,1
10/16/2025 19:30,0,0,0,0,0,0,4,0,0,0,0,0,0,0,0,0,0,0,0,0,1
10/16/2025 19:31,0,0,0,0,0,0,0,0,0,0,0,0,0,0,0,0,1,0,0,0,1
10/16/2025 19:32,0,0,0,0,0,0,0,0,0,0,0,0,0,0,4,1,0,0,0,0,1
10/16/2025 19:33,0,0,0,0,0,0,0,0,0,0,0,0,0,0,0,3,0,0,0,0,1
10/16/2025 19:34,0,0,0,0,0,0,0,0,0,0,0,0,0,0,0,5,0,0,0,0,1
10/16/2025 19:35,0,0,0,0,0,0,0,0,0,0,0,0,0,0,0,0,0,0,0,0,1
10/16/2025 19:36,0,0,0,0,0,0,0,0,0,0,1,0,0,0,0,0,6,0,0,0,1
10/16/2025 19:37,0,0,0,0,0,0,0,0,2,0,1,0,0,0,0,0,3,0,0,0,1
10/16/2025 19:38,0,0,0,0,0,0,0,0,0,0,4,0,0,0,0,0,3,0,0,0,1
10/16/2025 19:39,0,0,0,0,0,0,1,0,0,0,0,0,0,0,0,0,6,0,0,0,1
10/16/2025 19:40,0,0,0,0,0,0,0,0,0,0,0,0,0,0,0,0,9,0,0,0,1
10/16/2025 19:41,0,0,0,0,0,0,0,0,0,0,0,0,0,0,0,0,1,0,0,0,1
10/16/2025 19:42,0,0,0,0,0,0,0,0,0,0,0,0,0,0,0,0,0,0,0,0,1
10/16/2025 19:43,0,0,0,0,0,0,0,0,0,0,0,0,0,0,0,0,0,0,0,0,1
10/16/2025 19:44,0,0,0,0,0,0,0,0,0,0,0,0,0,1,0,0,0,1,0,0,1
10/16/2025 19:45,0,0,0,0,0,0,0,0,0,0,0,0,0,0,0,0,0,0,0,0,1
10/16/2025 19:46,0,0,0,0,0,0,0,0,0,0,0,0,0,0,0,0,0,0,0,0,1
10/16/2025 19:47,0,0,0,0,0,0,0,0,0,2,0,0,0,0,0,0,0,0,0,0,1
10/16/2025 19:48,0,0,0,0,0,0,0,0,0,1,0,0,0,0,0,0,0,0,0,0,1
10/16/2025 19:49,0,0,0,0,0,0,0,0,0,0,0,0,0,0,0,0,0,0,0,0,1
10/16/2025 19:50,0,0,0,0,0,0,0,0,0,0,0,0,0,0,0,0,1,0,0,0,1
10/16/2025 19:51,0,0,0,0,0,0,0,0,0,0,0,0,0,0,0,0,1,0,0,0,1
10/16/2025 19:52,0,0,0,0,0,0,0,0,0,0,0,0,0,0,0,0,0,0,0,0,1
10/16/2025 19:53,0,0,0,0,0,0,0,0,0,0,0,0,0,0,0,0,0,0,0,0,1
10/16/2025 19:54,0,0,0,0,0,0,0,0,0,0,0,0,0,0,0,0,0,0,0,0,1
10/16/2025 19:55,0,0,0,0,0,0,0,0,0,0,0,0,0,0,0,0,0,0,0,0,1
10/16/2025 19:56,0,0,0,0,0,0,0,0,0,0,0,0,0,0,0,0,0,0,0,0,1
10/16/2025 19:57,0,0,0,0,0,0,0,0,0,0,0,0,0,0,0,0,0,0,0,0,1
10/16/2025 19:58,0,0,0,0,0,0,0,0,0,0,0,0,0,0,0,0,0,0,0,0,1
10/16/2025 19:59,0,0,0,0,0,0,0,0,0,0,0,0,0,0,0,0,0,0,0,0,1
10/16/2025 20:00,4,0,0,1,0,0,4,0,0,0,0,0,0,0,0,0,1,5,0,0,0
10/16/2025 20:01,0,0,0,0,0,0,5,0,0,0,0,0,0,0,0,0,0,0,0,0,0
10/16/2025 20:02,0,0,0,0,0,0,0,0,0,0,0,0,0,0,0,0,0,1,0,0,0
10/16/2025 20:03,0,0,0,0,6,2,0,0,0,0,0,0,0,0,0,0,0,0,0,0,0
10/16/2025 20:04,0,0,5,0,0,0,0,8,0,0,0,0,0,0,0,0,0,0,0,0,0
10/16/2025 20:05,0,0,0,0,0,0,0,2,0,0,0,0,0,0,0,0,0,0,0,0,0
10/16/2025 20:06,0,0,4,0,0,0,0,0,0,0,0,0,0,0,0,0,6,0,0,0,0
10/16/2025 20:07,0,0,4,0,0,3,0,0,0,0,0,11,0,0,0,0,0,0,0,0,0
10/16/2025 20:08,0,0,0,0,0,0,1,3,0,0,0,0,0,0,0,0,0,0,0,0,0
10/16/2025 20:09,0,0,3,0,0,0,17,2,7,0,0,3,0,0,0,0,0,0,0,0,0
10/16/2025 20:10,0,0,2,0,0,0,4,1,0,0,0,0,0,0,0,0,0,1,0,0,0
10/16/2025 20:11,0,0,0,0,0,0,1,0,0,0,0,0,0,0,0,0,0,0,0,0,0
10/16/2025 20:12,0,0,0,0,0,0,0,0,0,0,0,0,0,0,0,0,0,1,0,0,0
10/16/2025 20:13,0,0,14,0,0,0,0,0,0,0,0,0,0,0,0,0,0,4,0,0,0
10/16/2025 20:14,0,0,2,4,0,0,0,0,0,0,1,0,0,0,0,0,0,7,0,0,0
10/16/2025 20:15,0,0,0,2,0,0,0,0,1,0,0,0,0,4,0,0,0,1,0,0,0
10/16/2025 20:16,0,0,0,6,0,0,0,0,1,0,0,0,0,15,0,0,0,0,0,2,0
10/16/2025 20:17,0,0,0,0,0,0,0,0,1,0,0,0,0,1,0,0,0,1,0,1,0
10/16/2025 20:18,0,0,0,0,0,0,0,5,18,7,0,0,0,10,0,0,0,0,0,0,0
10/16/2025 20:19,0,0,0,0,0,9,0,0,4,5,0,0,0,13,0,0,0,0,0,6,0
10/16/2025 20:20,0,0,0,0,0,0,0,0,0,0,0,0,3,6,0,8,0,0,0,0,0
10/16/2025 20:21,0,0,0,0,11,0,0,0,0,0,0,0,17,11,0,10,0,0,0,0,0
10/16/2025 20:22,1,0,0,0,15,0,0,0,0,0,0,0,25,11,0,0,5,0,0,0,0
10/16/2025 20:23,0,0,0,0,9,0,0,0,0,0,0,0,1,9,0,0,0,0,0,0,0
10/16/2025 20:24,0,0,0,0,5,0,0,10,0,0,0,0,2,15,0,0,0,0,0,0,0
10/16/2025 20:25,0,0,0,0,2,0,0,0,0,0,0,0,10,8,0,0,11,0,0,0,0
10/16/2025 20:26,0,0,0,0,0,0,0,0,0,0,2,0,6,8,0,0,1,0,0,0,0
10/16/2025 20:27,0,0,0,0,0,0,0,0,0,0,2,0,0,7,0,0,2,0,0,0,0
10/16/2025 20:28,0,0,0,0,0,0,0,0,0,0,5,0,27,7,0,0,9,0,7,0,0
10/16/2025 20:29,0,0,0,0,0,0,0,0,0,0,0,0,12,6,0,0,0,0,5,0,0
10/16/2025 20:30,0,0,0,0,0,0,0,0,0,0,0,0,14,12,0,0,0,4,4,0,0
10/16/2025 20:31,0,0,0,0,0,0,0,0,0,0,0,0,11,1,0,0,0,0,0,0,0
10/16/2025 20:32,0,0,0,0,0,0,0,0,0,0,0,0,4,1,1,0,0,1,0,0,0
10/16/2025 20:33,0,0,0,0,0,0,0,0,0,0,0,0,18,0,0,0,0,0,0,0,0
10/16/2025 20:34,0,0,0,0,0,0,0,0,0,0,0,0,5,0,0,0,0,0,0,0,0
10/16/2025 20:35,0,0,0,0,0,0,0,0,0,0,0,0,0,0,0,0,0,0,0,0,0
10/16/2025 20:36,0,0,0,0,0,0,0,0,0,0,0,0,2,0,0,0,0,0,0,0,0
10/16/2025 20:37,0,0,0,0,0,0,0,0,0,0,9,0,0,0,0,0,0,0,0,0,0
10/16/2025 20:38,0,0,0,0,0,0,0,0,0,0,2,0,0,0,0,0,7,0,0,0,0
10/16/2025 20:39,0,0,0,0,0,7,0,0,0,0,1,0,0,0,2,0,0,0,0,0,0
10/16/2025 20:40,5,0,0,0,0,6,0,0,0,0,0,0,0,0,6,0,0,0,0,0,0
10/16/2025 20:41,0,0,0,1,0,0,0,0,0,0,0,7,0,0,0,0,0,0,0,0,0
10/16/2025 20:42,0,0,0,2,0,0,0,0,0,0,0,3,0,0,0,0,0,0,0,4,0
10/16/2025 20:43,2,0,0,7,0,0,0,0,3,0,0,0,0,0,0,0,0,0,0,8,0
10/16/2025 20:44,0,0,0,0,0,0,0,0,8,0,0,2,0,0,0,0,0,0,0,2,0
10/16/2025 20:45,0,0,0,0,0,0,0,0,6,0,0,0,0,0,0,0,0,0,3,0,0
10/16/2025 20:46,0,0,0,0,0,0,0,0,3,0,0,0,0,0,0,0,0,0,18,0,0
10/16/2025 20:47,0,0,0,0,0,0,0,0,0,0,0,0,0,0,0,0,0,0,9,0,0
10/16/2025 20:48,0,0,0,0,0,0,0,0,0,0,0,0,0,0,0,0,0,0,1,0,0
10/16/2025 20:49,0,0,0,0,0,0,0,0,0,0,0,0,1,0,0,0,0,0,4,0,0
10/16/2025 20:50,0,0,0,0,0,0,8,6,0,0,0,0,1,0,0,0,0,0,6,0,0
10/16/2025 20:51,0,0,0,0,0,0,0,2,0,0,0,0,0,6,0,0,0,0,7,0,0
10/16/2025 20:52,0,0,0,0,0,0,1,1,0,0,0,0,0,2,0,0,0,2,5,0,0
10/16/2025 20:53,0,0,0,0,0,0,0,0,0,0,0,0,0,2,0,0,0,5,5,0,0
10/16/2025 20:54,0,0,0,0,0,0,0,0,0,0,0,0,0,0,0,0,0,4,2,0,0
10/16/2025 20:55,0,0,0,0,0,0,0,0,0,0,0,0,1,0,0,0,0,0,1,0,0
10/16/2025 20:56,0,0,0,0,0,0,0,0,0,0,0,0,0,0,0,0,0,0,0,0,0
10/16/2025 20:57,0,0,0,0,0,0,0,0,0,2,0,0,3,0,0,0,0,6,0,0,0
10/16/2025 20:58,0,0,0,0,0,0,0,0,0,9,0,0,11,0,0,0,0,5,0,0,0
10/16/2025 20:59,0,0,0,0,0,0,0,0,0,2,0,0,18,9,0,1,0,0,0,0,0
10/16/2025 21:00,0,0,0,0,0,0,0,0,0,0,0,0,7,4,0,0,0,0,0,0,0
10/16/2025 21:01,0,0,0,0,0,0,0,0,0,0,0,0,4,0,0,0,0,9,0,0,0
10/16/2025 21:02,2,0,0,0,0,0,0,0,0,0,0,0,1,2,0,0,0,0,0,0,0
10/16/2025 21:03,11,0,0,0,0,0,0,0,0,0,0,0,2,0,0,0,0,0,0,0,0
10/16/2025 21:04,5,0,0,0,0,0,0,0,0,0,0,0,0,0,0,0,0,0,0,0,0
10/16/2025 21:05,0,0,0,0,0,0,0,0,0,0,5,0,0,0,0,0,0,0,0,0,0
10/16/2025 21:06,18,0,0,0,0,0,0,0,0,0,9,0,2,0,0,0,0,0,0,0,0
10/16/2025 21:07,15,0,0,0,0,0,0,0,0,0,9,0,0,0,0,0,0,0,0,0,0
10/16/2025 21:08,0,0,0,0,0,0,0,0,0,0,3,0,0,0,0,0,0,0,0,0,0
10/16/2025 21:09,0,0,0,0,0,0,0,0,0,0,0,0,0,0,0,0,0,0,0,0,0
10/16/2025 21:10,0,0,0,0,0,0,0,0,0,0,0,0,9,0,0,0,0,0,0,0,0
10/16/2025 21:11,0,0,0,0,0,0,0,0,0,0,0,0,2,0,0,0,0,0,0,0,0
10/16/2025 21:12,0,0,0,0,0,0,0,0,0,0,0,0,4,0,0,0,0,0,0,0,0
10/16/2025 21:13,0,0,0,0,0,0,0,0,0,0,0,0,0,0,0,0,0,0,0,0,0
10/16/2025 21:14,0,0,0,0,0,0,0,0,0,0,0,0,2,0,0,0,0,0,0,0,0
10/16/2025 21:15,0,0,0,0,1,0,0,0,0,0,0,0,3,0,0,0,0,0,0,0,0
10/16/2025 21:16,0,0,0,0,0,0,0,0,0,0,0,0,0,0,0,0,0,0,0,0,0
10/16/2025 21:17,0,0,0,0,0,0,0,0,0,0,0,0,1,0,0,0,0,0,0,0,0
10/16/2025 21:18,0,0,0,0,1,0,0,0,0,0,0,0,4,0,0,0,0,0,0,0,0
10/16/2025 21:19,0,0,0,0,1,0,1,0,0,0,0,0,0,0,0,0,0,0,0,0,0
10/16/2025 21:20,0,0,0,0,0,0,0,0,0,0,0,0,0,0,0,0,0,0,0,0,0
10/16/2025 21:21,0,0,0,0,0,0,0,0,0,0,0,0,0,0,0,0,2,0,0,0,0
10/16/2025 21:22,0,0,0,0,0,0,0,0,0,0,0,0,0,0,0,0,0,0,0,0,0
10/16/2025 21:23,0,0,0,0,0,0,0,0,0,0,0,0,0,0,0,0,0,0,0,0,0
10/16/2025 21:24,0,0,0,0,0,0,0,0,0,0,0,0,0,0,9,0,0,0,0,0,0
10/16/2025 21:25,0,0,0,1,0,0,0,0,0,0,0,0,2,0,7,0,0,0,0,0,0
10/16/2025 21:26,0,0,0,0,0,0,0,0,0,0,0,3,1,0,0,0,0,0,0,0,0
10/16/2025 21:27,0,0,0,0,0,0,0,0,0,0,0,2,0,0,0,0,0,0,0,0,0
10/16/2025 21:28,0,0,0,0,0,0,0,0,0,0,0,0,0,0,0,0,0,0,0,0,0
10/16/2025 21:29,0,0,0,0,0,0,0,0,0,0,0,0,0,0,0,0,0,0,0,0,0
10/16/2025 21:30,0,0,0,0,0,0,0,0,0,0,0,0,0,0,0,0,0,0,0,0,0
10/16/2025 21:31,0,0,0,2,0,0,0,0,0,0,0,0,0,0,0,0,0,0,0,0,0
10/16/2025 21:32,0,0,0,0,0,0,0,0,0,0,0,0,0,0,0,0,0,0,0,0,0
10/16/2025 21:33,0,0,0,0,0,0,0,0,0,0,0,0,0,0,0,0,0,0,0,0,0
10/16/2025 21:34,0,0,0,0,0,0,0,0,0,0,0,0,0,0,0,0,0,0,0,0,0
10/16/2025 21:35,0,0,0,0,0,0,0,0,0,3,0,0,1,0,0,0,0,0,0,0,0
10/16/2025 21:36,0,0,0,0,0,0,0,0,0,0,0,0,0,0,0,0,0,0,0,0,0
10/16/2025 21:37,0,0,0,0,0,0,0,0,0,0,0,0,0,0,0,0,0,0,0,0,0
10/16/2025 21:38,0,0,0,0,0,0,0,0,0,0,0,0,0,0,0,0,0,0,0,0,0
10/16/2025 21:39,0,0,0,0,0,0,0,0,1,0,0,0,0,0,0,0,0,0,0,0,0
10/16/2025 21:40,0,0,0,0,0,0,0,0,0,0,0,0,0,0,0,0,0,0,0,0,0
10/16/2025 21:41,0,0,0,0,0,0,0,0,7,0,0,0,0,0,0,0,0,0,0,0,0
10/16/2025 21:42,0,0,0,0,0,0,8,0,0,0,0,0,0,0,0,0,0,0,0,0,0
10/16/2025 21:43,0,0,0,0,0,0,4,0,0,0,0,0,0,0,0,2,0,0,0,0,0
10/16/2025 21:44,0,0,0,0,0,0,3,0,0,0,0,0,0,0,0,0,0,0,0,0,0
10/16/2025 21:45,0,0,0,0,0,0,16,0,0,0,0,0,9,0,0,0,0,0,0,0,0
10/16/2025 21:46,0,0,0,0,0,0,1,0,0,0,10,0,9,0,0,0,0,0,0,0,0
10/16/2025 21:47,0,0,0,0,0,0,1,0,0,0,7,0,5,0,0,0,0,0,0,0,0
10/16/2025 21:48,0,0,0,0,0,0,0,0,0,0,6,0,5,0,0,0,0,0,0,0,0
10/16/2025 21:49,0,0,0,0,0,0,0,0,0,0,0,0,7,0,0,0,0,0,0,0,0
10/16/2025 21:50,0,0,0,0,0,0,0,0,0,0,5,0,0,0,0,0,0,0,0,0,0
10/16/2025 21:51,0,0,0,3,0,0,0,0,0,0,0,0,0,0,0,0,0,0,0,0,0
10/16/2025 21:52,0,0,0,0,0,0,1,1,0,0,0,0,0,0,0,0,0,0,0,0,0
10/16/2025 21:53,0,0,0,0,0,0,0,0,0,0,0,0,0,0,0,0,0,0,0,0,0
10/16/2025 21:54,0,0,0,4,0,0,0,0,0,0,0,0,0,0,0,0,2,0,0,0,0
10/16/2025 21:55,0,0,0,0,0,0,0,0,0,0,0,0,0,0,0,0,5,0,0,0,0
10/16/2025 21:56,0,0,0,0,0,0,0,0,0,0,0,0,3,0,1,0,9,0,0,0,0
10/16/2025 21:57,0,0,0,0,0,0,0,0,0,0,0,0,0,0,0,0,0,0,0,0,0
10/16/2025 21:58,0,0,0,0,0,0,0,0,0,0,0,0,0,0,0,0,3,0,0,0,0
10/16/2025 21:59,0,0,0,0,0,0,0,0,0,0,0,0,0,0,0,0,0,0,0,0,0
10/16/2025 22:00,0,0,0,8,0,0,0,0,0,0,0,0,0,0,0,0,0,0,0,0,0
10/16/2025 22:01,0,0,0,5,0,0,0,0,0,0,0,0,0,0,0,0,0,0,0,0,0
10/16/2025 22:02,0,0,0,0,0,0,0,0,0,0,0,0,0,0,0,0,0,0,0,0,0
10/16/2025 22:03,0,0,0,0,0,0,0,0,0,0,0,0,0,0,0,0,0,0,0,0,0
10/16/2025 22:04,0,0,0,0,0,0,0,0,0,0,0,0,0,0,0,0,0,0,0,0,0
10/16/2025 22:05,0,0,0,0,0,0,0,0,0,0,0,5,0,0,0,0,0,0,0,0,0
10/16/2025 22:06,0,0,0,0,0,0,0,0,0,0,0,7,0,0,0,0,0,0,0,0,0
10/16/2025 22:07,0,0,0,0,0,0,0,0,0,0,0,14,1,0,0,0,0,0,0,0,0
10/16/2025 22:08,0,0,0,0,0,0,0,7,7,0,0,15,1,0,0,0,0,0,0,0,0
10/16/2025 22:09,0,0,0,0,0,0,0,0,6,0,0,0,1,0,0,0,0,0,0,0,0
10/16/2025 22:10,0,0,8,0,0,0,0,0,0,0,0,2,1,0,0,0,0,0,0,0,0
10/16/2025 22:11,0,0,0,0,0,0,0,0,0,0,0,1,1,0,0,0,0,0,0,0,0
10/16/2025 22:12,0,0,0,0,0,0,0,0,0,0,0,0,1,0,0,0,0,0,0,0,0
10/16/2025 22:13,0,0,0,0,0,0,0,0,0,0,0,1,1,0,0,0,0,0,0,0,0
10/16/2025 22:14,0,0,0,0,0,0,0,0,0,0,0,0,1,0,0,0,0,0,0,0,0
10/16/2025 22:15,0,0,0,0,0,0,0,0,0,0,0,0,0,0,0,0,0,0,0,0,0
10/16/2025 22:16,0,0,0,0,0,0,0,0,0,0,0,0,1,0,0,0,0,0,0,0,0
10/16/2025 22:17,0,0,0,0,0,0,0,0,0,0,0,0,0,0,0,0,0,0,0,0,0
10/16/2025 22:18,0,0,0,0,0,0,0,0,0,0,0,0,1,4,0,0,0,0,0,0,0
10/16/2025 22:19,0,0,0,0,0,0,0,0,0,0,0,0,1,0,0,0,0,0,0,0,0
10/16/2025 22:20,0,0,0,0,0,0,8,0,0,0,0,2,1,0,0,0,0,0,0,0,0
10/16/2025 22:21,0,0,0,0,3,3,0,0,0,0,0,0,0,0,0,0,0,0,0,0,0
10/16/2025 22:22,0,0,0,0,0,4,0,0,0,0,0,0,1,0,0,0,0,0,0,0,0
10/16/2025 22:23,0,0,0,0,0,0,0,0,0,0,0,0,0,0,0,0,0,0,0,0,0
10/16/2025 22:24,0,0,0,0,0,8,0,0,0,0,0,0,0,0,0,0,0,0,0,0,0
10/16/2025 22:25,0,0,0,0,0,14,0,0,0,0,0,0,0,0,4,0,0,0,0,0,0
10/16/2025 22:26,0,0,0,0,0,0,0,0,0,0,0,0,0,0,5,0,0,0,0,0,0
10/16/2025 22:27,0,0,0,0,0,0,0,0,0,0,0,0,0,0,0,0,0,0,0,0,0
10/16/2025 22:28,0,0,0,0,0,2,0,0,0,0,0,0,0,0,0,0,0,0,0,0,0
10/16/2025 22:29,0,0,0,0,0,0,0,0,0,0,0,0,2,0,0,0,0,0,0,0,0
10/16/2025 22:30,0,0,0,0,0,0,0,0,0,0,0,0,2,0,0,0,0,0,0,0,0
10/16/2025 22:31,0,0,0,0,0,0,0,0,0,0,0,0,0,0,0,0,0,0,0,0,0
10/16/2025 22:32,0,0,0,0,0,0,0,0,0,0,0,0,0,0,0,0,0,0,0,0,0
10/16/2025 22:33,0,0,0,0,0,0,0,0,0,0,0,0,1,0,0,0,0,0,0,0,0
10/16/2025 22:34,0,0,0,0,0,0,0,0,0,0,0,0,0,0,0,0,0,0,0,0,0
10/16/2025 22:35,0,0,0,0,0,0,0,0,0,0,0,0,0,0,0,0,0,0,0,0,0
10/16/2025 22:36,0,0,0,0,0,0,0,0,0,0,0,0,0,0,0,0,0,0,0,0,0
10/16/2025 22:37,0,0,0,0,0,0,0,0,0,0,0,0,0,0,0,0,0,0,0,0,0
10/16/2025 22:38,0,0,0,0,0,0,0,0,0,1,0,0,0,0,0,0,0,0,0,0,0
10/16/2025 22:39,0,0,0,0,0,0,0,0,0,17,0,0,0,0,0,0,0,0,0,0,0
10/16/2025 22:40,0,0,0,0,0,0,8,0,0,7,0,0,0,0,0,0,0,0,0,0,0
10/16/2025 22:41,0,0,0,0,0,0,5,0,0,0,0,0,0,0,0,0,0,0,0,0,0
10/16/2025 22:42,0,0,0,0,0,0,0,0,3,0,0,0,0,0,0,0,0,0,0,0,0
10/16/2025 22:43,0,0,0,0,0,1,4,0,5,0,0,0,0,0,0,0,0,0,0,0,0
10/16/2025 22:44,0,0,0,0,0,1,6,0,1,0,0,0,0,0,0,0,0,0,0,0,0
10/16/2025 22:45,0,0,0,0,0,0,11,0,3,0,0,0,0,0,0,0,0,0,0,0,0
10/16/2025 22:46,0,0,0,0,0,0,2,0,3,0,0,0,0,0,0,0,0,0,0,0,0
10/16/2025 22:47,0,0,0,0,0,0,4,0,0,0,0,0,0,0,0,0,0,0,0,0,0
10/16/2025 22:48,0,0,0,0,0,0,17,0,0,0,0,0,0,0,0,0,0,0,0,0,0
10/16/2025 22:49,0,0,0,0,0,0,0,0,0,0,0,0,0,0,0,0,0,0,0,0,0
10/16/2025 22:50,0,0,0,0,10,0,0,0,0,0,0,0,0,0,0,0,0,0,0,0,0
10/16/2025 22:51,0,0,0,0,7,0,0,0,0,0,0,0,0,0,0,0,0,0,0,0,0
10/16/2025 22:52,0,0,0,0,0,0,0,0,0,0,0,0,0,0,0,0,0,0,0,0,0
10/16/2025 22:53,0,0,0,0,0,0,0,0,0,0,0,1,0,0,0,0,0,0,0,0,0
10/16/2025 22:54,0,0,0,1,0,0,0,0,0,0,0,0,0,0,0,0,0,0,0,0,0
10/16/2025 22:55,0,0,0,0,0,0,0,0,0,0,0,0,1,0,0,0,0,0,0,0,0
10/16/2025 22:56,0,0,0,0,0,0,0,0,0,0,0,0,0,0,0,0,0,0,0,0,0
10/16/2025 22:57,0,0,0,0,0,0,0,0,0,0,0,0,0,0,0,0,0,0,0,0,0
10/16/2025 22:58,0,0,0,0,0,0,0,0,0,0,0,0,0,0,0,0,0,0,0,0,0
10/16/2025 22:59,0,0,0,0,0,0,0,0,0,0,0,0,0,0,0,0,0,0,0,0,0
10/16/2025 23:00,0,0,0,0,0,0,0,0,0,0,0,0,0,0,0,0,0,0,0,0,0
10/16/2025 23:01,0,0,0,0,0,0,0,0,0,0,0,0,0,0,0,0,0,0,0,0,0
10/16/2025 23:02,0,0,0,0,0,0,1,0,0,0,0,0,0,0,0,3,0,0,0,0,0
10/16/2025 23:03,0,0,0,0,0,0,2,0,0,0,0,0,0,0,0,1,0,0,0,0,0
10/16/2025 23:04,0,0,0,0,0,0,4,0,0,0,0,0,1,0,0,0,0,0,0,0,0
10/16/2025 23:05,0,0,0,0,0,0,0,0,0,0,0,0,0,0,0,0,0,0,0,0,0
10/16/2025 23:06,0,0,0,0,0,0,0,0,0,0,0,0,1,0,0,0,0,0,0,0,0
10/16/2025 23:07,0,0,0,0,0,0,0,0,0,0,0,0,0,0,0,0,0,0,0,8,0
10/16/2025 23:08,15,0,0,0,0,0,0,0,0,0,0,0,0,0,0,0,0,0,0,0,0
10/16/2025 23:09,10,0,0,0,0,0,0,0,0,0,0,0,0,0,0,0,0,4,0,0,0
10/16/2025 23:10,14,0,0,0,0,0,2,0,0,0,0,0,0,0,0,0,0,0,0,0,0
10/16/2025 23:11,0,0,0,0,0,0,0,0,0,0,0,0,0,0,0,0,0,0,0,0,0
10/16/2025 23:12,2,0,0,0,0,0,0,6,0,0,0,0,0,0,0,0,0,0,0,0,0
10/16/2025 23:13,0,0,0,0,0,0,0,0,0,0,0,0,0,0,0,0,0,0,0,0,0
10/16/2025 23:14,0,0,0,0,0,0,0,0,0,0,0,1,0,0,0,1,0,0,0,0,0
10/16/2025 23:15,0,0,0,0,0,0,0,0,0,0,0,8,0,0,0,1,0,0,0,0,0
10/16/2025 23:16,0,0,0,0,0,0,0,0,0,0,0,0,0,0,0,0,0,0,0,0,0
10/16/2025 23:17,0,0,0,0,0,0,0,0,0,0,0,4,0,0,0,0,0,0,0,0,0
10/16/2025 23:18,0,0,0,0,0,0,0,0,0,0,0,0,0,0,0,0,0,0,0,0,0
10/16/2025 23:19,0,0,0,0,0,0,0,0,0,0,0,0,0,0,0,0,1,0,0,0,0
10/16/2025 23:20,0,0,0,0,0,0,0,0,0,0,0,0,0,0,0,0,0,0,0,0,0
10/16/2025 23:21,0,0,0,0,0,0,0,0,0,0,0,0,0,0,0,0,0,0,0,0,0
10/16/2025 23:22,0,0,0,0,0,0,0,0,0,0,0,0,0,0,0,0,0,0,0,0,0
10/16/2025 23:23,0,0,0,0,0,0,0,0,0,0,0,0,1,0,0,0,0,0,0,0,0
10/16/2025 23:24,0,0,0,0,0,0,0,0,0,0,0,0,0,0,0,0,0,0,0,0,0
10/16/2025 23:25,0,0,0,0,0,0,0,0,0,0,0,0,0,0,0,0,0,0,0,0,0
10/16/2025 23:26,0,0,0,0,0,0,0,0,0,0,0,0,0,0,0,0,0,0,0,0,0
10/16/2025 23:27,0,0,0,0,0,0,0,0,0,0,0,0,0,0,0,0,0,0,0,0,0
10/16/2025 23:28,0,0,0,0,0,0,0,0,0,0,0,0,0,0,0,0,0,0,0,0,0
10/16/2025 23:29,0,0,0,0,0,0,0,0,0,0,0,0,0,0,0,0,0,0,0,0,0
10/16/2025 23:30,0,0,0,0,0,0,0,0,0,0,0,0,9,0,0,0,0,0,0,0,0
10/16/2025 23:31,0,0,0,0,0,0,0,0,0,0,0,0,2,0,0,0,0,0,0,0,0
10/16/2025 23:32,0,0,0,0,0,0,0,0,0,0,0,0,0,0,0,0,0,0,0,0,0
10/16/2025 23:33,0,0,0,0,0,0,0,0,0,0,0,0,0,0,0,0,0,0,0,0,0
10/16/2025 23:34,0,0,0,0,0,0,0,0,0,0,0,0,0,0,5,0,0,0,0,0,0
10/16/2025 23:35,0,0,0,0,0,0,0,0,0,0,0,0,0,0,0,0,0,0,0,0,0
10/16/2025 23:36,0,0,0,0,0,0,0,0,0,0,0,0,0,0,0,0,0,0,0,0,0
10/16/2025 23:37,0,0,0,0,0,0,0,0,0,0,0,0,0,0,0,0,0,0,0,0,0
10/16/2025 23:38,0,0,0,0,0,0,0,0,0,0,0,0,0,0,0,0,0,0,0,0,0
10/16/2025 23:39,0,0,0,0,0,0,0,0,0,0,0,0,0,0,0,0,0,0,0,0,0
10/16/2025 23:40,0,0,0,0,0,0,0,0,0,0,0,0,0,0,0,0,0,0,0,0,0
10/16/2025 23:41,0,0,0,0,0,0,0,0,0,0,0,0,0,0,0,0,0,0,0,0,0
10/16/2025 23:42,0,0,0,0,0,0,0,0,0,0,0,0,0,0,0,0,0,0,0,0,0
10/16/2025 23:43,0,0,0,0,0,0,0,0,0,0,0,0,0,0,0,0,0,0,0,0,0
10/16/2025 23:44,0,0,0,0,0,0,0,0,0,0,0,0,0,0,0,4,0,0,0,0,0
10/16/2025 23:45,0,0,0,0,0,0,0,0,0,0,0,0,0,0,0,10,0,0,0,0,0
10/16/2025 23:46,0,0,0,0,0,0,0,0,0,0,0,0,0,0,0,0,0,0,0,0,0
10/16/2025 23:47,0,0,0,0,0,0,0,0,0,0,0,0,0,0,0,0,0,0,0,0,0
10/16/2025 23:48,0,0,0,0,0,0,9,0,0,0,0,0,0,0,0,1,0,0,0,0,0
10/16/2025 23:49,0,0,0,0,0,0,0,0,0,0,0,0,0,0,0,0,0,0,0,0,0
10/16/2025 23:50,0,0,0,0,0,0,0,0,0,0,4,0,3,0,0,0,2,0,0,0,0
10/16/2025 23:51,0,0,0,0,0,0,0,0,0,0,7,0,0,0,0,0,0,0,0,0,0
10/16/2025 23:52,0,0,0,0,0,0,0,0,0,0,6,0,0,0,0,0,0,0,0,0,0
10/16/2025 23:53,0,0,0,0,0,0,0,0,0,0,0,0,0,0,0,0,0,2,0,0,0
10/16/2025 23:54,0,0,0,0,0,0,1,0,0,0,0,0,0,0,0,0,0,0,0,0,0
10/16/2025 23:55,0,0,0,0,0,0,0,0,0,0,0,0,0,0,0,0,0,0,0,0,0
10/16/2025 23:56,0,0,0,0,0,0,0,0,0,0,4,0,0,0,0,0,0,0,0,0,0
10/16/2025 23:57,0,0,0,0,0,0,0,0,0,0,3,0,0,0,0,0,0,0,0,0,0
10/16/2025 23:58,0,0,0,0,0,0,0,0,0,0,6,0,0,0,0,0,0,0,3,0,0
10/16/2025 23:59,0,0,0,0,0,0,0,0,0,0,4,0,0,0,0,0,0,0,3,0,0
10/17/2025 0:00,0,0,0,0,0,0,0,0,0,0,4,0,0,0,0,0,0,0,3,0,0
10/17/2025 0:01,0,0,0,0,0,0,0,0,0,0,6,0,0,0,0,0,0,0,3,0,0
10/17/2025 0:02,0,0,0,0,0,0,0,0,0,0,7,0,0,0,0,0,0,0,0,0,0
10/17/2025 0:03,0,0,0,0,0,0,0,0,0,0,11,0,0,0,0,0,0,0,0,0,0
10/17/2025 0:04,0,0,0,0,0,0,0,0,0,0,7,0,0,0,0,0,0,0,0,0,0
10/17/2025 0:05,0,0,0,0,0,0,0,0,0,0,0,0,0,0,0,0,0,0,0,0,0
10/17/2025 0:06,0,0,0,0,0,0,0,0,0,0,9,0,0,0,0,0,0,0,0,0,0
10/17/2025 0:07,0,0,0,0,0,0,0,0,0,0,1,0,0,0,0,0,0,0,0,0,0
10/17/2025 0:08,0,0,0,0,0,0,0,0,0,0,7,0,0,0,0,0,0,0,0,0,0
10/17/2025 0:09,0,0,0,0,0,0,0,0,0,0,3,0,0,0,0,0,0,0,0,0,0
10/17/2025 0:10,0,0,0,1,0,0,2,0,0,0,0,0,0,0,0,0,0,0,0,0,0
10/17/2025 0:11,0,0,0,0,0,0,0,0,0,0,5,0,0,0,0,0,0,0,0,0,0
10/17/2025 0:12,0,0,2,0,0,0,0,0,0,0,6,0,0,0,0,0,0,0,0,0,0
10/17/2025 0:13,0,0,4,0,2,0,0,0,0,0,2,0,0,0,0,0,0,0,0,0,0
10/17/2025 0:14,0,0,0,2,8,0,0,0,0,0,0,0,0,0,0,0,0,0,0,0,0
10/17/2025 0:15,0,0,0,0,9,0,0,0,0,0,2,0,0,0,0,0,0,0,0,0,0
10/17/2025 0:16,0,0,0,0,1,0,0,0,0,0,0,0,0,0,0,0,0,0,0,0,0
10/17/2025 0:17,0,0,0,0,3,0,0,0,0,0,0,0,0,0,0,0,0,0,0,0,0
10/17/2025 0:18,0,0,0,0,5,0,0,0,0,0,0,5,0,0,0,0,0,0,0,0,0
10/17/2025 0:19,0,0,0,0,6,0,0,0,0,0,0,3,0,0,0,0,0,0,0,0,0
10/17/2025 0:20,0,0,0,0,5,0,0,0,0,0,0,0,0,0,0,0,0,0,0,0,0
10/17/2025 0:21,0,0,0,0,3,0,0,0,0,0,0,0,0,3,0,0,0,0,0,0,0
10/17/2025 0:22,0,0,0,0,4,0,0,0,0,0,0,0,0,10,0,0,0,0,0,0,0
10/17/2025 0:23,0,0,0,0,5,0,0,0,0,2,0,0,0,4,0,0,0,0,0,0,0
10/17/2025 0:24,0,0,0,0,8,0,0,0,0,0,0,0,0,3,0,0,0,0,0,0,0
10/17/2025 0:25,0,0,0,0,7,0,0,0,0,0,0,0,0,6,0,0,0,0,0,0,0
10/17/2025 0:26,0,0,0,0,10,0,0,0,0,0,0,0,0,0,0,0,0,0,0,0,0
10/17/2025 0:27,0,0,0,0,5,0,0,0,0,0,0,0,0,2,0,0,0,0,0,0,0
10/17/2025 0:28,0,0,0,0,6,0,0,0,0,0,0,0,0,0,0,0,0,0,0,0,0
10/17/2025 0:29,0,0,0,0,2,0,0,0,0,0,0,0,0,0,0,0,0,0,0,0,0
10/17/2025 0:30,0,0,0,0,3,0,0,0,0,0,0,0,0,0,0,0,11,0,0,0,0
10/17/2025 0:31,0,0,0,0,12,0,0,0,0,0,0,0,0,0,0,0,1,0,0,0,0
10/17/2025 0:32,0,0,0,0,0,0,0,0,0,0,0,0,0,0,0,0,0,0,0,0,0
10/17/2025 0:33,0,0,0,0,0,0,0,0,0,0,0,0,0,0,0,0,0,0,0,0,0
10/17/2025 0:34,0,0,0,0,0,0,0,0,0,0,0,0,0,0,0,0,0,0,0,0,0
10/17/2025 0:35,0,0,0,0,0,0,0,0,0,0,0,0,0,0,0,0,0,0,0,0,0
10/17/2025 0:36,0,0,0,0,0,0,0,0,0,0,0,0,0,0,0,0,0,0,0,0,0
10/17/2025 0:37,0,0,0,0,0,0,5,0,0,0,0,0,2,0,0,0,0,0,0,0,0
10/17/2025 0:38,0,0,0,0,0,0,4,0,0,0,0,0,0,0,0,0,0,1,0,0,0
10/17/2025 0:39,0,0,0,0,0,0,6,0,0,0,0,0,0,0,0,0,0,0,0,0,0
10/17/2025 0:40,0,0,0,0,0,0,0,0,6,0,0,0,0,0,0,0,0,0,0,0,0
10/17/2025 0:41,0,0,0,0,0,0,0,0,0,0,0,0,0,0,0,0,0,0,0,0,0
10/17/2025 0:42,0,0,0,0,0,0,0,0,1,0,0,0,0,1,0,0,0,0,0,0,0
10/17/2025 0:43,0,0,0,0,0,0,0,0,0,0,0,0,0,0,0,0,0,0,0,0,0
10/17/2025 0:44,0,0,0,0,0,3,0,0,0,0,0,0,0,0,0,0,0,0,0,0,0
10/17/2025 0:45,0,0,0,0,0,5,0,0,0,0,0,0,0,0,0,0,0,0,0,0,0
10/17/2025 0:46,0,0,0,0,0,0,0,0,0,0,0,0,0,0,0,0,0,0,0,0,0
10/17/2025 0:47,0,0,0,0,0,0,0,0,0,0,0,0,0,0,5,0,0,0,0,0,0
10/17/2025 0:48,0,0,0,0,0,0,0,0,0,0,0,0,0,0,2,0,0,0,0,0,0
10/17/2025 0:49,0,0,0,0,0,0,0,0,0,0,0,1,0,0,1,0,0,0,0,0,0
10/17/2025 0:50,0,0,0,0,0,0,0,0,0,0,0,0,0,0,1,0,0,0,0,0,0
10/17/2025 0:51,0,0,0,0,0,0,0,0,0,0,0,1,0,0,0,0,0,0,0,0,0
10/17/2025 0:52,0,0,0,0,0,0,0,0,0,0,0,0,0,0,0,0,0,6,0,0,0
10/17/2025 0:53,0,0,0,0,0,0,0,0,0,0,0,0,0,0,0,0,0,0,0,0,0
10/17/2025 0:54,0,0,0,0,0,0,0,0,0,0,0,0,0,0,0,0,0,0,0,0,0
10/17/2025 0:55,0,0,0,0,0,0,0,0,0,0,0,0,0,0,0,0,0,0,0,0,0
10/17/2025 0:56,0,0,0,0,0,0,0,0,0,0,0,0,0,0,0,0,2,0,0,0,0
10/17/2025 0:57,0,0,0,0,0,0,0,0,0,0,0,0,0,0,0,0,0,0,0,0,0
10/17/2025 0:58,0,0,0,0,0,0,0,0,0,0,0,0,0,0,0,0,0,0,0,0,0
10/17/2025 0:59,0,0,0,6,0,0,0,0,0,0,0,0,0,0,0,0,0,0,0,0,0
10/17/2025 1:00,0,0,0,0,0,0,0,0,0,0,0,0,0,0,0,0,0,0,0,0,0
10/17/2025 1:01,0,0,0,0,0,0,0,0,0,0,0,0,0,0,0,0,0,0,0,0,0
10/17/2025 1:02,0,0,0,0,0,0,0,0,0,0,0,0,0,1,0,0,0,0,0,0,0
10/17/2025 1:03,0,0,0,0,0,0,0,0,0,0,0,0,0,0,0,0,0,0,0,0,0
10/17/2025 1:04,0,0,0,0,0,0,0,0,0,0,0,0,0,0,0,0,0,0,0,0,0
10/17/2025 1:05,0,0,0,0,0,0,0,0,0,0,0,0,0,0,0,0,0,0,0,0,0
10/17/2025 1:06,0,0,0,0,1,0,0,0,0,0,0,0,0,0,0,0,0,0,0,0,0
10/17/2025 1:07,0,0,0,0,0,0,0,0,0,0,0,0,0,0,0,0,0,0,0,0,0
10/17/2025 1:08,0,0,0,0,0,0,0,0,0,0,0,0,1,0,0,0,0,0,0,0,0
10/17/2025 1:09,0,0,0,0,0,0,0,0,0,0,0,0,0,0,0,0,0,0,0,0,0
10/17/2025 1:10,0,0,0,0,0,0,0,0,0,0,0,0,0,0,0,0,0,0,0,0,0
10/17/2025 1:11,0,0,0,0,0,0,0,0,0,0,0,0,0,0,0,0,0,0,0,0,0
10/17/2025 1:12,0,0,0,0,0,0,0,0,0,0,0,0,0,0,0,0,0,0,0,0,0
10/17/2025 1:13,0,0,0,0,0,2,0,0,0,0,0,0,0,0,0,0,0,0,0,0,0
10/17/2025 1:14,0,0,0,0,0,0,0,0,0,0,0,0,0,0,0,0,1,0,0,0,0
10/17/2025 1:15,0,0,0,0,0,0,0,0,0,0,0,0,0,0,0,0,5,0,0,0,0
10/17/2025 1:16,0,0,0,0,0,0,0,0,0,0,0,0,0,0,0,0,7,0,0,0,0
10/17/2025 1:17,0,0,0,0,0,0,0,0,0,0,0,0,0,0,0,0,7,0,0,0,0
10/17/2025 1:18,0,0,0,0,0,0,0,0,0,0,0,0,0,0,0,0,1,0,0,0,0
10/17/2025 1:19,0,0,0,0,0,0,0,0,0,0,0,0,0,0,0,0,1,0,0,0,0
10/17/2025 1:20,0,0,0,0,0,0,0,0,0,0,0,0,0,0,0,0,2,0,0,0,0
10/17/2025 1:21,0,0,0,0,0,0,0,0,0,0,0,0,0,0,0,0,0,0,0,0,0
10/17/2025 1:22,0,0,0,0,0,0,0,0,0,0,0,0,0,0,0,0,0,0,0,0,0
10/17/2025 1:23,0,0,0,0,0,0,0,0,0,0,0,0,0,0,0,0,0,0,0,0,0
10/17/2025 1:24,0,0,0,0,0,0,0,0,0,0,0,0,0,1,0,0,0,0,0,0,0
10/17/2025 1:25,0,0,0,0,0,0,0,0,0,0,0,0,0,0,0,0,0,0,0,0,0
10/17/2025 1:26,0,0,0,0,0,0,0,0,0,0,0,0,0,1,0,0,0,0,0,0,0
10/17/2025 1:27,0,0,0,0,0,0,0,0,0,0,0,0,0,0,0,0,0,0,0,0,0
10/17/2025 1:28,0,0,0,0,0,0,0,0,0,0,0,0,0,0,0,0,0,0,0,0,0
10/17/2025 1:29,0,0,0,0,0,0,0,0,1,0,0,0,0,2,0,0,0,0,0,0,0
10/17/2025 1:30,0,0,0,0,0,0,0,0,3,0,0,0,0,4,0,0,0,0,0,0,0
10/17/2025 1:31,0,0,0,0,0,0,0,0,0,0,0,0,0,0,0,0,0,0,0,0,0
10/17/2025 1:32,0,0,0,0,0,0,0,0,8,0,0,5,0,0,0,0,0,0,0,0,0
10/17/2025 1:33,0,0,0,0,0,0,0,0,0,0,0,9,0,0,0,0,0,0,0,0,0
10/17/2025 1:34,0,0,0,0,0,0,0,0,0,0,0,0,0,0,0,1,0,0,0,0,0
10/17/2025 1:35,0,0,0,0,0,0,0,0,0,0,0,2,0,0,0,1,0,0,0,0,0
10/17/2025 1:36,0,0,0,2,0,0,0,0,0,0,0,0,0,4,0,5,0,0,0,0,0
10/17/2025 1:37,0,0,0,0,0,0,0,0,0,0,0,0,0,0,0,0,0,0,0,0,0
10/17/2025 1:38,0,0,0,0,0,0,0,0,0,0,0,0,0,0,0,0,0,0,0,0,0
10/17/2025 1:39,0,0,0,0,0,0,0,0,0,0,0,0,0,0,0,0,0,0,0,0,0
10/17/2025 1:40,0,0,0,1,0,0,0,0,0,0,0,0,0,0,0,0,0,0,3,0,0
10/17/2025 1:41,0,0,0,0,0,0,0,0,0,0,0,0,0,0,0,0,0,0,0,0,0
10/17/2025 1:42,0,0,0,0,0,0,0,0,0,0,0,0,3,0,0,0,0,0,0,0,0
10/17/2025 1:43,0,0,0,0,0,0,0,0,0,0,5,0,1,0,0,0,0,0,0,0,0
10/17/2025 1:44,0,0,0,0,0,0,0,0,0,0,0,0,0,0,0,0,0,0,0,0,0
10/17/2025 1:45,0,0,0,0,0,0,0,0,0,0,0,0,0,0,0,0,0,0,0,0,0
10/17/2025 1:46,0,0,0,0,0,0,0,0,0,0,0,0,0,0,0,0,0,0,0,0,0
10/17/2025 1:47,0,0,0,0,0,0,0,0,0,0,0,0,0,0,0,0,0,0,0,0,0
10/17/2025 1:48,0,0,0,0,0,0,0,0,5,0,0,0,0,0,0,0,0,0,0,0,0
10/17/2025 1:49,0,0,0,0,0,0,0,0,1,0,0,0,0,0,0,0,0,0,0,0,0
10/17/2025 1:50,0,0,0,0,0,0,0,0,2,0,0,0,0,0,0,0,0,0,0,0,0
10/17/2025 1:51,0,0,0,0,0,0,0,0,0,0,0,0,0,0,0,0,0,0,0,0,0
10/17/2025 1:52,0,0,0,0,0,0,0,0,0,0,0,0,0,0,0,0,0,0,0,0,0
10/17/2025 1:53,0,0,0,0,0,0,0,0,0,0,0,0,0,0,0,0,0,0,0,0,0
10/17/2025 1:54,0,0,0,0,0,0,0,0,0,4,0,0,0,0,0,0,0,0,0,0,0
10/17/2025 1:55,0,0,0,0,0,0,0,0,0,11,0,0,0,0,0,0,0,0,0,0,0
10/17/2025 1:56,0,0,0,0,0,0,0,0,0,8,0,0,0,0,0,0,0,0,0,0,0
10/17/2025 1:57,0,0,0,0,0,0,0,0,0,0,0,0,0,0,0,0,0,0,0,0,0
10/17/2025 1:58,0,0,0,0,0,0,0,0,0,0,0,0,0,0,0,0,0,0,0,0,0
10/17/2025 1:59,0,0,0,0,0,0,0,0,0,0,0,0,0,0,0,0,0,0,0,0,0
10/17/2025 2:00,0,0,0,0,0,0,0,0,0,0,0,0,0,0,0,0,0,0,0,0,0
10/17/2025 2:01,0,0,0,0,5,0,0,0,0,0,0,0,0,0,0,0,0,0,0,0,0
10/17/2025 2:02,0,0,0,0,0,0,0,0,0,0,0,0,0,0,0,0,0,0,0,0,0
10/17/2025 2:03,0,0,0,0,0,4,0,0,0,0,0,0,0,0,0,0,0,0,0,0,0
10/17/2025 2:04,0,0,0,0,0,0,0,0,0,0,0,0,0,0,0,0,0,0,0,0,0
10/17/2025 2:05,1,0,0,0,6,0,0,0,0,0,0,0,0,0,0,0,0,0,0,0,0
10/17/2025 2:06,0,0,0,0,5,0,0,0,0,0,0,0,0,0,0,0,0,0,0,0,0
10/17/2025 2:07,8,0,0,0,18,0,0,0,0,0,0,0,0,0,0,0,0,0,0,0,0
10/17/2025 2:08,0,0,0,0,26,0,0,0,0,0,0,0,0,0,0,0,0,0,0,0,0
10/17/2025 2:09,0,0,0,0,24,0,0,0,0,0,0,0,0,0,0,0,0,0,0,0,0
10/17/2025 2:10,0,0,0,0,5,0,0,0,0,0,0,0,0,0,0,0,0,0,0,0,0
10/17/2025 2:11,0,0,0,0,0,0,0,0,0,0,0,0,0,0,0,0,0,0,0,0,0
10/17/2025 2:12,0,0,0,0,0,0,0,0,0,0,0,0,0,0,0,0,0,0,0,0,0
10/17/2025 2:13,0,0,0,0,0,0,0,2,0,0,0,0,5,0,0,0,0,0,0,0,0
10/17/2025 2:14,0,0,0,0,0,0,0,4,0,0,0,0,0,0,0,0,0,0,0,0,0
10/17/2025 2:15,0,0,0,0,0,0,0,0,0,0,0,0,0,0,0,0,0,0,0,0,0
10/17/2025 2:16,0,0,0,0,0,0,0,0,0,0,0,0,2,0,0,0,0,0,0,0,0
10/17/2025 2:17,0,0,0,0,0,0,0,0,0,0,0,0,0,0,0,0,0,0,0,0,0
10/17/2025 2:18,0,0,0,0,3,0,0,0,0,0,0,0,0,0,0,0,0,0,0,0,0
10/17/2025 2:19,0,0,0,0,14,5,0,0,0,0,0,0,0,0,0,0,0,0,0,0,0
10/17/2025 2:20,0,0,0,0,8,9,0,0,0,0,0,0,0,0,0,0,0,0,0,0,0
10/17/2025 2:21,0,0,0,0,5,3,0,0,0,0,0,0,0,0,0,0,0,0,0,0,0
10/17/2025 2:22,0,0,0,0,0,0,0,0,0,0,0,0,0,0,0,0,0,0,0,0,0
10/17/2025 2:23,0,0,0,0,5,0,0,0,0,0,0,0,0,0,0,0,0,0,0,0,0
10/17/2025 2:24,0,0,0,0,0,0,0,0,0,0,0,0,0,0,0,0,0,0,0,0,0
10/17/2025 2:25,0,0,0,0,0,0,0,0,0,0,0,0,0,3,0,0,0,0,0,0,0
10/17/2025 2:26,0,0,0,0,0,0,0,0,0,0,0,0,0,0,0,0,0,0,0,0,0
10/17/2025 2:27,0,0,0,0,0,0,0,0,0,0,0,0,0,0,0,0,0,0,0,0,0
10/17/2025 2:28,0,0,0,0,0,0,0,0,0,0,0,0,0,0,0,0,0,0,0,0,0
10/17/2025 2:29,0,0,0,0,1,0,0,0,0,0,0,0,0,0,0,0,0,0,0,0,0
10/17/2025 2:30,0,0,0,0,0,0,0,0,0,0,0,0,0,0,0,0,0,0,0,0,0
10/17/2025 2:31,0,0,0,0,0,0,0,0,0,0,0,0,0,0,0,0,0,0,0,0,0
10/17/2025 2:32,0,0,0,0,0,0,0,0,0,0,5,0,0,0,0,0,0,0,0,0,0
10/17/2025 2:33,0,0,0,0,0,0,0,0,0,0,0,1,0,0,0,0,0,0,0,0,0
10/17/2025 2:34,0,0,0,4,0,0,0,0,0,0,0,0,0,0,0,0,0,0,0,0,0
10/17/2025 2:35,0,0,0,0,0,0,0,0,3,0,0,0,0,0,0,0,0,0,0,0,0
10/17/2025 2:36,0,0,0,9,0,0,0,0,0,0,0,0,0,0,0,0,0,0,0,0,0
10/17/2025 2:37,0,0,0,8,0,0,0,0,0,0,0,0,0,0,0,0,0,0,1,0,0
10/17/2025 2:38,0,0,0,2,0,0,0,0,0,0,0,1,0,0,0,0,0,0,7,0,0
10/17/2025 2:39,0,0,0,0,0,0,0,0,0,0,0,0,0,0,0,0,0,0,6,0,0
10/17/2025 2:40,0,0,0,0,0,0,0,0,0,0,0,0,0,0,0,0,0,0,10,0,0
10/17/2025 2:41,0,0,0,0,0,0,0,0,0,0,0,0,0,0,0,0,0,0,0,0,0
10/17/2025 2:42,0,0,0,0,0,0,0,0,0,0,0,0,0,0,0,0,0,0,7,0,0
10/17/2025 2:43,0,0,0,0,0,0,0,0,0,0,0,0,0,0,0,0,0,0,1,0,0
10/17/2025 2:44,0,0,0,0,0,0,0,0,0,0,0,0,0,0,6,0,0,0,3,0,0
10/17/2025 2:45,0,0,0,0,0,0,0,0,0,0,0,0,0,0,2,0,0,0,4,0,0
10/17/2025 2:46,0,0,0,0,0,0,0,0,0,0,0,0,0,0,0,0,0,0,0,0,0
10/17/2025 2:47,0,0,0,0,0,0,0,0,0,0,0,0,0,0,0,0,0,0,0,0,0
10/17/2025 2:48,0,0,0,0,0,0,0,0,0,0,0,0,0,0,0,0,0,0,0,0,0
10/17/2025 2:49,0,0,0,0,0,0,0,0,0,0,0,0,0,0,0,0,0,0,0,0,0
10/17/2025 2:50,0,0,0,0,0,0,0,0,0,0,0,0,0,0,0,0,0,0,0,0,0
10/17/2025 2:51,0,0,0,0,0,0,0,0,0,0,0,0,0,0,0,0,0,0,0,0,0
10/17/2025 2:52,0,0,0,0,0,0,0,0,0,0,0,0,0,0,0,0,0,0,0,0,0
10/17/2025 2:53,0,0,0,0,0,0,0,0,0,0,0,0,0,0,0,0,0,0,0,0,0
10/17/2025 2:54,0,0,0,0,0,0,0,0,0,0,0,0,0,0,0,0,0,0,0,0,0
10/17/2025 2:55,0,0,0,0,0,0,0,0,0,0,0,0,0,0,0,0,0,0,0,0,0
10/17/2025 2:56,0,0,0,0,0,0,0,0,0,0,0,0,0,0,0,0,0,0,0,0,0
10/17/2025 2:57,0,0,0,0,0,0,0,0,0,0,0,0,0,0,0,0,0,0,0,0,0
10/17/2025 2:58,0,0,0,0,0,0,0,0,0,0,0,0,0,0,0,0,0,0,0,0,0
10/17/2025 2:59,0,0,0,0,0,0,0,0,0,0,0,0,0,0,0,0,0,0,0,0,0
10/17/2025 3:00,0,0,0,0,0,0,0,0,0,0,0,0,0,0,0,0,0,0,0,0,0
10/17/2025 3:01,0,0,0,0,0,0,0,0,0,0,0,0,0,0,0,0,0,0,0,0,0
10/17/2025 3:02,0,0,0,0,0,0,0,0,0,0,0,0,0,0,0,0,0,0,0,0,0
10/17/2025 3:03,0,0,0,0,0,0,0,0,0,0,0,0,3,0,0,0,0,0,0,0,0
10/17/2025 3:04,0,0,0,0,0,0,0,0,0,0,0,0,0,0,0,0,0,0,0,0,0
10/17/2025 3:05,0,0,0,0,0,0,0,0,0,0,0,0,0,0,0,0,0,0,0,0,0
10/17/2025 3:06,0,0,0,0,0,0,0,14,0,0,0,0,0,0,0,0,0,0,0,0,0
10/17/2025 3:07,0,0,0,0,0,0,0,3,0,0,0,0,0,0,0,0,0,0,0,0,0
10/17/2025 3:08,0,0,0,0,0,0,0,0,4,0,0,0,0,0,0,0,0,0,0,0,0
10/17/2025 3:09,0,0,0,0,0,0,0,0,0,0,0,0,0,0,0,0,0,0,0,0,0
10/17/2025 3:10,0,0,0,0,0,0,0,0,0,0,0,0,0,0,0,0,0,0,0,0,0
10/17/2025 3:11,0,0,0,0,0,0,0,0,0,0,0,0,0,0,0,6,0,0,0,0,0
10/17/2025 3:12,0,0,0,0,0,0,0,0,0,0,0,6,0,0,0,0,0,0,0,0,0
10/17/2025 3:13,0,0,0,0,0,0,0,0,0,0,0,6,0,0,0,0,0,0,0,0,0
10/17/2025 3:14,0,0,0,0,0,0,0,0,0,0,0,0,0,0,0,0,0,0,0,0,0
10/17/2025 3:15,0,0,0,0,0,0,0,0,0,0,0,0,0,0,0,0,0,0,0,0,0
10/17/2025 3:16,0,0,0,0,0,0,0,0,0,0,0,0,0,0,0,0,0,0,0,0,0
10/17/2025 3:17,0,0,0,0,0,0,0,0,0,0,0,0,0,0,0,0,0,0,0,0,0
10/17/2025 3:18,0,0,0,0,0,0,0,0,0,0,0,0,0,0,0,0,1,0,0,0,0
10/17/2025 3:19,0,0,0,0,0,0,0,0,0,0,0,0,0,0,0,0,0,0,0,0,0
10/17/2025 3:20,0,0,0,0,0,0,0,0,0,0,0,0,0,0,0,0,0,9,0,0,0
10/17/2025 3:21,0,0,0,0,0,0,0,0,0,0,0,0,0,0,0,0,0,3,0,0,0
10/17/2025 3:22,0,0,0,0,0,0,0,0,0,0,0,0,0,0,0,0,0,0,0,0,0
10/17/2025 3:23,0,0,0,0,0,0,0,0,0,0,0,0,0,0,0,0,0,7,0,0,0
10/17/2025 3:24,0,0,0,0,0,0,0,0,0,0,0,0,0,0,0,0,0,19,0,0,0
10/17/2025 3:25,0,0,0,0,0,0,0,0,0,0,0,0,0,0,0,0,0,15,0,0,0
10/17/2025 3:26,0,0,0,0,0,0,0,0,0,0,0,0,0,0,0,0,0,32,0,0,0
10/17/2025 3:27,0,0,0,0,0,0,9,0,0,0,0,0,0,0,0,0,0,42,1,0,0
10/17/2025 3:28,0,0,0,0,0,0,0,0,0,0,0,0,0,0,0,0,0,23,0,0,0
10/17/2025 3:29,0,0,0,0,0,0,9,0,0,0,0,0,0,0,0,0,0,4,0,0,0
10/17/2025 3:30,0,0,5,0,0,0,0,0,0,0,0,0,0,0,0,0,0,17,0,0,0
10/17/2025 3:31,0,0,0,0,0,0,0,0,0,0,0,0,0,0,0,0,0,2,0,0,0
10/17/2025 3:32,0,0,0,0,0,0,0,0,0,0,0,0,0,0,0,0,0,5,0,0,0
10/17/2025 3:33,0,0,0,0,0,0,0,0,0,0,0,0,0,0,0,0,0,9,0,0,0
10/17/2025 3:34,0,0,0,0,0,0,0,0,0,0,0,0,0,0,0,0,0,15,0,0,0
10/17/2025 3:35,0,0,0,0,0,0,0,0,0,0,0,0,0,0,0,0,0,16,0,0,0
10/17/2025 3:36,0,0,0,0,0,0,0,0,2,0,0,0,0,0,5,0,0,12,0,0,0
10/17/2025 3:37,0,0,0,0,0,0,0,0,0,0,0,0,0,0,2,0,2,8,0,0,0
10/17/2025 3:38,0,0,0,0,0,0,0,0,1,0,5,0,0,0,8,0,0,18,0,0,0
10/17/2025 3:39,0,0,0,0,0,0,0,0,2,0,3,0,0,0,0,0,0,13,0,0,0
10/17/2025 3:40,0,0,0,0,0,0,0,0,4,0,12,0,0,0,0,0,0,7,0,0,0
10/17/2025 3:41,0,0,0,0,0,0,0,0,0,0,3,0,0,0,0,0,0,16,0,0,0
10/17/2025 3:42,0,0,0,0,0,0,0,0,0,0,0,0,0,0,0,0,0,6,0,0,0
10/17/2025 3:43,0,0,0,0,0,3,0,0,0,0,0,0,0,0,0,0,0,0,0,0,0
10/17/2025 3:44,7,0,0,0,0,0,0,0,0,0,0,0,0,0,0,0,0,0,0,0,0
10/17/2025 3:45,8,0,0,0,0,0,0,0,0,0,0,0,0,0,0,0,0,0,0,0,0
10/17/2025 3:46,10,0,0,0,0,0,0,0,0,0,0,0,0,0,0,0,0,0,0,0,0
10/17/2025 3:47,7,0,0,0,0,0,0,0,0,0,0,0,0,0,0,0,0,0,0,0,0
10/17/2025 3:48,0,0,0,0,0,0,0,0,0,0,0,0,0,0,0,0,0,0,0,0,0
10/17/2025 3:49,9,0,0,0,0,0,0,0,0,0,0,0,0,0,0,0,0,0,0,0,0
10/17/2025 3:50,0,0,0,0,0,0,0,0,0,0,0,0,0,0,0,0,0,0,0,0,0
10/17/2025 3:51,0,0,0,0,0,0,0,0,0,0,0,0,0,0,0,0,0,0,0,0,0
10/17/2025 3:52,0,0,0,0,0,0,0,0,0,0,0,0,0,0,0,0,0,0,0,0,0
10/17/2025 3:53,0,0,0,0,0,0,0,0,0,0,0,0,0,0,0,0,0,0,0,0,0
10/17/2025 3:54,0,0,0,0,0,0,0,0,0,0,0,0,0,0,0,0,0,0,0,0,0
10/17/2025 3:55,0,0,0,0,0,0,0,0,0,0,0,0,0,0,0,0,0,0,0,0,0
10/17/2025 3:56,0,0,0,0,0,0,0,0,0,0,0,0,0,0,0,0,0,1,0,0,0
10/17/2025 3:57,0,0,0,0,0,0,0,0,0,0,0,0,0,0,0,0,0,0,0,0,0
10/17/2025 3:58,0,0,0,0,0,0,0,0,0,0,0,0,0,0,0,0,0,0,0,0,0
10/17/2025 3:59,0,0,0,0,0,0,0,0,0,0,0,0,0,0,0,0,0,0,0,0,0
10/17/2025 4:00,0,0,0,0,0,0,0,0,0,0,0,0,0,0,0,0,0,0,0,0,0
10/17/2025 4:01,0,0,0,0,0,0,0,0,0,0,0,0,0,0,0,0,0,0,0,0,0
10/17/2025 4:02,0,0,0,0,0,0,0,0,0,0,0,0,0,0,0,0,0,0,0,0,0
10/17/2025 4:03,0,0,0,0,0,0,0,0,0,0,0,0,0,0,0,0,0,0,0,0,0
10/17/2025 4:04,0,0,0,0,0,0,0,0,0,0,0,0,0,0,0,0,7,0,0,0,0
10/17/2025 4:05,0,0,0,0,0,0,0,0,0,0,0,0,0,0,0,0,0,0,5,0,0
10/17/2025 4:06,0,0,0,0,0,0,0,0,0,0,0,0,0,0,0,0,0,0,0,0,0
10/17/2025 4:07,0,0,0,0,0,0,0,0,0,0,0,0,0,0,0,0,0,0,0,0,0
10/17/2025 4:08,0,0,0,0,0,0,0,0,0,0,0,0,0,0,0,0,0,0,0,0,0
10/17/2025 4:09,0,0,0,0,0,0,0,0,0,0,0,0,0,0,0,0,0,0,0,0,0
10/17/2025 4:10,2,0,0,0,0,0,0,0,0,0,0,0,0,0,0,0,0,0,0,0,0
10/17/2025 4:11,0,0,0,0,0,0,0,0,0,0,0,0,0,5,0,0,0,0,0,0,0
10/17/2025 4:12,0,0,0,0,0,0,0,0,0,0,0,0,0,0,0,0,0,0,0,0,0
10/17/2025 4:13,0,0,0,0,0,0,0,0,0,0,0,0,0,0,0,0,0,0,0,0,0
10/17/2025 4:14,1,0,0,0,0,0,0,0,0,0,0,0,0,0,0,0,0,0,0,0,0
10/17/2025 4:15,0,0,0,0,0,0,0,0,0,0,0,0,0,0,0,0,0,0,0,0,0
10/17/2025 4:16,0,0,0,0,0,0,0,0,0,0,1,0,0,0,0,0,0,0,0,0,0
10/17/2025 4:17,0,0,0,0,0,0,0,0,0,0,0,0,0,0,0,0,0,0,0,0,0
10/17/2025 4:18,0,0,0,0,0,0,0,0,0,0,0,0,0,0,0,0,0,0,0,0,0
10/17/2025 4:19,0,0,0,0,0,0,0,0,0,0,0,0,0,5,0,1,0,0,0,0,0
10/17/2025 4:20,0,0,0,0,0,0,1,0,0,0,0,0,0,10,0,0,0,0,0,0,0
10/17/2025 4:21,0,0,0,0,0,0,0,0,0,0,0,0,0,4,0,0,0,0,0,0,0
10/17/2025 4:22,0,0,0,0,0,0,0,0,0,0,0,0,0,2,0,0,0,0,0,0,0
10/17/2025 4:23,0,0,0,0,0,0,0,0,0,0,0,0,0,10,0,0,0,3,0,0,0
10/17/2025 4:24,0,0,0,0,0,0,0,0,0,0,0,0,0,10,0,0,0,1,0,0,0
10/17/2025 4:25,0,0,0,0,0,0,0,0,0,0,0,0,0,10,0,0,0,0,0,0,0
10/17/2025 4:26,0,0,0,0,0,0,0,0,0,0,0,0,0,0,0,3,0,6,0,0,0
10/17/2025 4:27,0,0,0,0,0,0,0,0,0,0,0,0,0,0,0,3,0,0,0,0,0
10/17/2025 4:28,0,0,0,0,0,0,0,0,0,0,0,0,0,0,0,0,0,0,4,0,0
10/17/2025 4:29,0,0,0,0,0,0,0,0,0,0,0,0,0,0,0,1,0,0,0,0,0
10/17/2025 4:30,0,0,0,0,0,0,0,0,0,0,0,0,0,0,0,0,0,0,0,0,0
10/17/2025 4:31,0,0,0,0,0,0,0,0,0,0,0,0,0,0,0,0,0,0,0,0,0
10/17/2025 4:32,0,0,0,0,0,0,0,0,0,0,0,0,0,0,0,1,0,0,0,0,0
10/17/2025 4:33,0,0,0,0,0,0,0,0,0,0,0,0,0,0,0,0,0,0,0,0,0
10/17/2025 4:34,0,0,0,0,0,0,0,0,0,0,0,7,0,0,0,0,0,0,0,0,0
10/17/2025 4:35,0,0,0,0,0,0,0,0,0,0,0,0,0,0,0,0,0,0,0,0,0
10/17/2025 4:36,0,0,0,7,0,0,0,0,0,0,0,0,0,0,0,0,0,0,0,0,0
10/17/2025 4:37,0,0,0,1,0,0,0,0,0,0,0,0,0,0,0,0,0,0,0,0,0
10/17/2025 4:38,0,0,0,1,0,0,0,0,0,0,0,0,2,0,0,0,0,0,0,0,0
10/17/2025 4:39,0,0,0,2,0,0,0,0,0,0,0,0,0,0,0,0,0,0,0,0,0
10/17/2025 4:40,0,0,0,2,0,0,0,0,0,0,0,0,0,0,0,0,0,0,0,0,0
10/17/2025 4:41,0,0,0,0,0,0,0,0,0,0,0,0,0,0,0,0,0,0,0,0,0
10/17/2025 4:42,0,0,0,0,0,0,0,0,0,0,0,0,0,0,0,0,0,0,0,0,0
10/17/2025 4:43,0,0,0,0,0,0,0,0,0,0,0,0,0,0,0,0,0,0,0,0,0
10/17/2025 4:44,0,0,0,0,0,0,0,0,0,0,0,0,0,0,0,0,0,0,0,0,0
10/17/2025 4:45,0,0,0,2,0,0,0,0,0,0,0,0,0,0,0,0,0,0,0,0,0
10/17/2025 4:46,0,0,0,4,0,0,0,0,0,0,0,0,0,0,0,5,0,0,0,0,0
10/17/2025 4:47,0,0,0,3,0,0,0,0,0,0,0,0,0,0,0,0,0,0,0,0,0
10/17/2025 4:48,0,0,0,3,0,0,0,0,0,0,0,0,0,0,0,0,0,0,0,0,0
10/17/2025 4:49,0,0,0,2,0,0,0,0,0,0,0,0,0,0,0,0,0,0,0,0,0
10/17/2025 4:50,0,0,0,29,0,0,0,0,0,0,0,0,2,0,0,0,0,0,0,0,0
10/17/2025 4:51,0,0,0,28,0,0,0,0,0,0,0,0,0,0,0,0,0,0,0,0,0
10/17/2025 4:52,0,0,0,39,0,0,0,0,0,0,0,0,7,0,0,0,0,0,0,0,0
10/17/2025 4:53,0,0,0,15,0,0,0,0,0,0,0,0,13,0,0,0,0,0,0,0,0
10/17/2025 4:54,0,0,0,7,0,0,0,0,0,0,0,0,4,0,0,0,0,0,0,0,0
10/17/2025 4:55,0,0,0,5,0,2,0,0,0,0,0,0,7,0,0,0,0,0,0,0,0
10/17/2025 4:56,0,0,0,11,0,4,0,0,0,0,0,0,5,0,0,0,0,0,4,0,0
10/17/2025 4:57,0,0,0,9,0,3,0,0,0,0,0,0,1,0,0,0,0,0,8,0,0
10/17/2025 4:58,0,0,0,13,0,5,0,0,0,0,0,0,3,0,0,0,0,0,0,0,0
10/17/2025 4:59,0,0,0,11,0,22,0,0,0,0,0,0,9,0,0,0,0,0,9,0,0
10/17/2025 5:00,0,0,0,4,0,14,0,0,0,0,0,0,12,0,10,0,0,0,0,0,0
10/17/2025 5:01,0,0,0,0,0,0,0,0,0,0,0,0,2,0,9,0,0,0,0,0,0
10/17/2025 5:02,0,0,0,0,7,1,0,0,0,0,0,0,0,0,18,0,0,0,0,0,0
10/17/2025 5:03,0,0,0,0,0,0,0,0,0,0,0,0,0,0,0,0,0,0,0,0,0
10/17/2025 5:04,0,0,0,0,0,0,0,0,0,0,0,0,0,0,0,0,0,0,0,0,0
10/17/2025 5:05,0,0,0,0,0,0,0,0,0,0,0,0,0,0,0,0,0,0,0,0,0
10/17/2025 5:06,0,0,0,0,0,0,0,0,0,0,0,0,0,0,0,0,0,0,0,0,0
10/17/2025 5:07,0,0,0,0,0,2,0,0,0,0,0,0,0,0,0,0,0,0,0,0,0
10/17/2025 5:08,0,0,0,0,0,0,0,7,0,0,0,0,0,0,0,0,0,0,0,0,0
10/17/2025 5:09,0,0,0,0,0,0,0,8,0,0,0,0,0,0,0,0,0,0,0,0,0
10/17/2025 5:10,0,0,0,0,0,0,0,0,0,0,0,0,0,0,0,0,0,0,0,0,0
10/17/2025 5:11,0,0,0,0,0,0,0,0,0,0,3,0,4,0,0,0,0,0,0,0,0
10/17/2025 5:12,0,0,0,0,0,3,0,0,0,0,3,0,0,0,0,0,0,0,0,0,0
10/17/2025 5:13,0,0,0,0,0,0,2,0,0,8,0,0,0,0,0,0,0,0,0,0,0
10/17/2025 5:14,0,0,0,0,0,0,0,0,0,0,0,0,0,0,0,0,0,0,0,0,0
10/17/2025 5:15,0,0,0,0,1,0,0,0,0,0,0,0,0,0,0,0,0,0,0,0,0
10/17/2025 5:16,0,0,0,0,0,0,0,0,0,0,0,0,0,0,0,0,0,0,0,0,0
10/17/2025 5:17,0,0,0,0,0,0,0,0,0,0,0,0,0,0,0,0,0,0,0,0,0
10/17/2025 5:18,0,0,0,0,0,0,0,0,0,0,0,0,0,0,1,0,0,0,0,0,0
10/17/2025 5:19,0,0,0,0,0,0,0,0,0,0,0,0,0,0,4,0,0,0,0,0,0
10/17/2025 5:20,0,0,0,0,0,0,0,0,0,0,0,0,0,0,7,0,0,0,0,0,0
10/17/2025 5:21,0,0,0,0,0,0,0,0,0,0,0,0,0,0,7,0,0,0,0,0,0
10/17/2025 5:22,0,0,0,0,0,0,0,0,0,0,0,0,2,0,6,0,0,0,0,0,0
10/17/2025 5:23,0,0,0,0,0,0,0,0,0,0,0,0,0,0,0,0,0,0,0,0,0
10/17/2025 5:24,0,0,0,0,0,0,0,0,0,0,0,0,0,0,0,0,0,0,0,0,0
10/17/2025 5:25,0,0,0,0,0,0,0,0,0,0,0,0,0,0,0,0,0,0,0,0,0
10/17/2025 5:26,0,0,0,0,0,0,0,0,0,0,0,0,0,0,0,0,0,0,0,0,0
10/17/2025 5:27,1,0,0,0,0,0,0,0,0,0,0,0,0,0,0,0,0,0,0,0,0
10/17/2025 5:28,0,0,0,0,0,0,0,0,0,0,0,0,0,0,0,0,0,0,0,0,0
10/17/2025 5:29,0,0,0,0,0,1,0,0,0,0,0,0,1,0,0,0,0,0,0,0,0
10/17/2025 5:30,0,0,0,0,0,0,0,0,0,0,0,0,3,0,0,0,0,0,0,0,0
10/17/2025 5:31,0,0,0,0,0,0,1,0,0,0,0,0,2,0,0,2,0,0,0,0,0
10/17/2025 5:32,0,0,0,0,0,0,0,0,0,0,0,0,0,0,0,4,0,0,0,0,0
10/17/2025 5:33,0,0,0,0,0,0,0,0,0,0,0,0,0,0,0,0,0,0,0,0,0
10/17/2025 5:34,0,0,0,0,0,0,0,0,1,0,0,0,0,0,0,0,0,0,0,0,0
10/17/2025 5:35,0,0,0,0,0,0,0,0,0,0,0,0,1,0,0,0,0,0,0,0,0
10/17/2025 5:36,0,0,0,0,0,0,0,0,0,0,0,0,0,0,0,0,0,0,0,0,0
10/17/2025 5:37,0,0,0,0,0,0,0,0,0,0,0,0,0,0,0,0,0,0,0,0,0
10/17/2025 5:38,0,0,0,0,0,0,0,0,0,0,0,0,0,0,0,0,0,0,0,0,0
10/17/2025 5:39,0,0,0,0,0,0,1,0,0,0,0,0,0,0,0,0,0,0,0,0,0
10/17/2025 5:40,0,0,0,0,0,0,0,0,0,0,0,0,0,0,0,0,0,0,0,0,0
10/17/2025 5:41,0,0,0,0,0,0,0,0,0,0,0,0,1,0,0,0,0,0,0,0,0
10/17/2025 5:42,0,0,0,0,0,0,0,0,0,0,0,0,0,0,0,0,0,0,0,0,0
10/17/2025 5:43,0,0,0,4,0,0,0,0,0,0,0,0,0,0,0,0,0,0,0,0,0
10/17/2025 5:44,0,0,0,0,0,0,0,0,0,0,0,0,0,0,0,0,0,0,0,0,0
10/17/2025 5:45,0,0,0,0,0,0,0,0,0,0,0,0,0,0,0,0,0,0,0,0,0
10/17/2025 5:46,0,0,0,0,0,0,0,0,0,0,0,0,0,0,0,0,0,0,0,0,0
10/17/2025 5:47,0,0,0,0,0,0,0,0,0,0,0,0,0,0,0,0,0,0,0,0,0
10/17/2025 5:48,0,0,0,0,0,0,0,0,0,0,0,0,0,0,0,0,0,0,0,0,0
10/17/2025 5:49,0,0,0,0,0,0,0,0,0,0,0,0,0,0,0,0,0,0,0,0,0
10/17/2025 5:50,0,0,0,0,0,0,0,0,0,0,0,0,0,0,0,0,0,0,0,0,0
10/17/2025 5:51,0,0,0,0,0,0,0,0,0,0,0,0,0,0,0,0,0,0,0,0,0
10/17/2025 5:52,0,0,0,0,0,0,0,0,0,0,0,1,0,0,0,0,0,0,0,0,0
10/17/2025 5:53,0,0,0,0,0,0,0,0,0,0,0,6,0,0,0,0,0,0,0,0,0
10/17/2025 5:54,0,0,0,0,0,0,0,0,2,0,0,9,0,0,0,0,0,0,0,0,0
10/17/2025 5:55,9,0,0,0,0,0,0,0,0,0,0,0,0,0,0,0,0,0,0,0,0
10/17/2025 5:56,1,0,0,0,0,0,0,0,0,0,0,0,0,0,0,0,0,0,0,0,0
10/17/2025 5:57,5,0,0,0,0,0,0,0,0,0,0,0,0,0,0,0,0,0,0,0,0
10/17/2025 5:58,6,0,0,0,0,0,0,0,0,0,0,1,0,0,0,0,0,0,0,0,0
10/17/2025 5:59,3,0,0,0,0,0,0,0,0,0,0,1,0,0,0,0,0,0,0,0,0
10/17/2025 6:00,0,0,0,0,0,0,0,0,0,0,0,0,0,0,0,0,0,0,0,0,0
10/17/2025 6:01,0,0,0,5,0,0,0,0,0,0,0,0,0,0,0,0,0,0,0,0,0
10/17/2025 6:02,0,0,0,0,0,0,0,0,0,0,0,1,0,0,0,0,0,0,0,0,0
10/17/2025 6:03,0,0,0,0,0,0,0,0,0,0,0,1,0,0,0,0,0,0,0,0,0
10/17/2025 6:04,0,0,0,0,0,0,0,0,0,0,0,0,0,0,0,0,0,0,0,0,0
10/17/2025 6:05,0,0,0,0,0,0,0,0,0,0,0,0,0,0,0,0,0,0,0,0,0
10/17/2025 6:06,0,0,0,0,0,0,0,0,0,0,0,0,0,0,0,0,0,0,0,0,0
10/17/2025 6:07,0,0,0,0,0,0,0,0,0,0,0,0,0,0,0,0,0,0,0,0,0
10/17/2025 6:08,0,0,0,0,0,0,0,0,0,0,0,1,0,0,0,0,0,0,0,0,0
10/17/2025 6:09,0,0,0,0,0,0,0,0,0,0,0,3,0,0,0,0,0,0,0,0,0
10/17/2025 6:10,0,0,0,0,0,0,0,0,0,0,0,2,0,0,0,0,0,0,0,0,0
10/17/2025 6:11,0,0,0,0,0,0,0,0,0,0,0,0,0,0,0,0,0,0,0,0,0
10/17/2025 6:12,0,0,0,2,0,0,0,0,0,0,0,1,0,0,0,0,0,0,0,0,0
10/17/2025 6:13,0,0,0,0,0,0,0,0,0,0,0,0,0,0,0,0,0,0,0,0,0
10/17/2025 6:14,0,0,0,0,0,0,0,0,0,0,0,5,0,0,0,0,0,0,0,0,0
10/17/2025 6:15,0,0,0,0,0,0,0,0,0,0,0,2,0,0,0,0,0,0,0,0,0
10/17/2025 6:16,0,0,0,1,0,0,0,0,0,0,0,0,0,0,0,0,0,0,0,0,0
10/17/2025 6:17,0,0,0,0,0,0,0,0,0,0,0,0,0,0,0,0,0,0,0,0,0
10/17/2025 6:18,0,0,0,0,0,0,0,0,0,0,0,0,0,0,0,0,0,0,12,0,0
10/17/2025 6:19,0,0,0,0,0,0,0,0,0,0,0,0,0,0,0,0,0,0,9,0,0
10/17/2025 6:20,0,0,0,0,0,0,0,0,0,0,0,0,0,0,0,0,0,0,1,0,0
10/17/2025 6:21,0,0,0,0,0,0,0,0,0,0,0,0,0,0,0,0,0,0,0,0,0
10/17/2025 6:22,0,0,0,0,0,0,0,0,0,0,0,0,0,0,0,0,0,0,0,0,0
10/17/2025 6:23,0,0,0,0,0,0,0,0,0,0,0,0,0,0,0,0,0,0,0,0,0
10/17/2025 6:24,0,0,0,0,0,0,0,0,0,0,0,0,0,0,0,0,0,0,0,0,0
10/17/2025 6:25,0,0,0,0,0,0,0,0,0,0,0,0,0,0,0,0,0,0,0,0,0
10/17/2025 6:26,0,0,0,0,0,0,0,0,0,0,0,0,0,0,0,0,0,0,0,0,0
10/17/2025 6:27,0,0,0,0,0,0,0,0,1,0,0,0,0,0,0,0,0,1,0,0,0
10/17/2025 6:28,0,0,0,0,0,0,0,0,0,0,0,0,0,0,0,0,0,0,0,0,0
10/17/2025 6:29,0,0,0,0,0,0,0,0,0,0,0,0,0,0,0,0,0,0,0,0,0
10/17/2025 6:30,0,0,0,0,0,0,0,0,0,0,0,0,0,0,0,0,0,0,0,0,0
10/17/2025 6:31,0,0,0,0,0,0,0,0,0,0,0,0,0,0,0,0,0,0,0,0,0
10/17/2025 6:32,0,0,0,0,0,0,0,0,0,0,0,0,0,0,0,0,0,0,0,0,0
10/17/2025 6:33,0,0,0,0,0,0,0,0,0,0,0,0,0,0,0,0,0,0,0,0,0
10/17/2025 6:34,0,0,0,0,0,0,0,0,0,0,0,0,0,0,1,0,0,0,0,0,0
10/17/2025 6:35,0,0,0,0,0,0,0,0,0,0,0,0,0,0,0,0,0,0,0,0,0
10/17/2025 6:36,0,0,0,0,0,0,0,0,0,0,0,0,0,0,0,0,0,0,0,0,0
10/17/2025 6:37,0,0,0,0,0,0,0,0,0,0,0,0,0,0,0,0,0,0,0,0,0
10/17/2025 6:38,0,0,0,0,0,0,0,0,0,0,0,0,0,0,0,0,0,0,0,0,0
10/17/2025 6:39,0,0,0,0,0,0,0,0,0,0,0,0,0,0,0,0,0,0,0,0,0
10/17/2025 6:40,0,0,0,0,0,0,0,0,0,0,0,0,0,0,0,0,0,0,0,0,0
10/17/2025 6:41,0,0,0,0,0,0,0,0,0,0,0,0,0,0,0,0,0,0,0,0,0
10/17/2025 6:42,0,0,0,0,0,0,1,0,0,0,0,0,0,0,0,0,0,0,0,0,0
10/17/2025 6:43,0,0,0,0,0,0,0,0,0,0,0,0,0,0,0,0,0,0,0,0,0
10/17/2025 6:44,0,0,0,0,0,0,0,0,0,0,0,0,0,0,0,0,0,0,0,0,0
10/17/2025 6:45,0,0,0,0,0,0,0,0,0,0,0,0,0,0,0,0,0,0,0,0,0
10/17/2025 6:46,0,0,0,0,0,0,0,0,0,0,0,0,0,0,0,0,0,0,0,0,0
10/17/2025 6:47,0,0,0,2,0,0,0,0,0,0,0,0,0,0,0,0,0,0,0,0,0
10/17/2025 6:48,0,0,0,1,0,0,0,1,0,0,0,0,0,0,0,0,0,0,0,0,0
10/17/2025 6:49,0,0,0,0,0,0,0,0,0,0,0,0,0,0,0,0,0,0,0,0,0
10/17/2025 6:50,0,0,0,0,0,0,0,0,0,0,0,0,1,0,0,0,0,0,0,0,0
10/17/2025 6:51,0,0,0,0,0,0,0,0,0,0,0,0,0,0,0,1,0,0,0,0,0
10/17/2025 6:52,0,0,0,0,0,0,0,0,0,0,0,0,0,0,0,0,0,0,0,0,0
10/17/2025 6:53,0,0,0,0,0,0,0,0,0,0,0,0,0,0,0,0,0,0,0,0,0
10/17/2025 6:54,0,0,0,0,0,0,0,0,0,0,0,0,0,0,0,0,0,0,0,0,0
10/17/2025 6:55,0,0,0,0,0,0,0,0,0,0,0,0,0,0,0,0,0,0,0,0,0
10/17/2025 6:56,0,0,0,0,0,0,0,0,0,0,0,0,0,0,0,0,0,0,0,0,0
10/17/2025 6:57,0,0,0,0,0,1,0,0,0,0,0,0,0,0,0,0,0,0,0,0,0
10/17/2025 6:58,0,0,0,0,0,1,0,0,0,0,0,0,0,0,0,0,0,0,0,0,0
10/17/2025 6:59,0,0,0,0,0,0,0,0,0,0,0,0,0,0,0,0,0,0,0,0,0
10/17/2025 7:00,0,0,0,0,0,0,0,0,0,0,0,0,0,0,0,0,0,0,0,0,0
10/17/2025 7:01,0,0,0,0,0,0,0,0,0,0,0,0,0,0,0,0,0,0,0,0,0
10/17/2025 7:02,0,0,0,0,0,0,0,0,0,0,0,0,0,0,0,0,0,0,0,0,0
10/17/2025 7:03,0,0,0,0,0,0,0,0,0,0,0,0,0,0,0,0,0,0,0,0,0
10/17/2025 7:04,0,0,0,0,0,0,0,0,0,0,0,0,0,0,0,0,0,0,0,0,0
10/17/2025 7:05,0,0,0,0,0,0,0,0,0,0,0,0,0,0,0,0,0,0,0,0,0
10/17/2025 7:06,0,0,0,0,0,0,0,0,0,0,0,0,0,0,0,0,0,0,0,0,0
10/17/2025 7:07,5,0,0,0,0,0,0,0,0,0,0,0,0,0,0,0,0,0,0,0,0
10/17/2025 7:08,0,0,0,0,0,0,0,0,0,0,0,0,0,0,0,0,0,0,0,0,0
10/17/2025 7:09,10,0,0,0,0,0,0,0,0,0,0,0,0,0,0,0,0,0,0,0,0
10/17/2025 7:10,0,0,0,0,0,0,0,0,0,0,0,0,0,0,0,0,0,0,0,0,0
10/17/2025 7:11,0,0,0,0,0,0,0,0,0,0,0,0,0,0,0,0,0,0,0,0,0
10/17/2025 7:12,0,0,0,0,0,0,0,0,0,0,0,0,0,0,0,0,0,0,0,0,0
10/17/2025 7:13,0,0,0,0,0,0,0,0,0,0,0,0,0,0,0,0,0,0,0,0,0
10/17/2025 7:14,0,0,0,0,0,0,0,0,0,0,5,0,0,0,0,0,0,0,0,0,0
10/17/2025 7:15,0,0,0,0,0,0,0,0,0,0,5,0,0,0,0,0,0,0,0,0,0
10/17/2025 7:16,0,0,0,0,0,0,0,0,0,0,0,0,0,0,0,0,0,0,0,0,0
10/17/2025 7:17,0,0,0,0,0,0,0,0,0,0,0,0,0,0,0,0,0,0,0,0,0
10/17/2025 7:18,0,0,0,0,0,0,0,0,0,0,0,0,0,0,0,0,0,0,0,0,0
10/17/2025 7:19,0,0,0,0,0,0,0,0,0,0,0,0,0,0,0,0,0,0,0,0,0
10/17/2025 7:20,0,0,0,0,0,0,0,0,0,0,0,0,0,0,0,0,0,1,0,0,0
10/17/2025 7:21,0,0,0,0,0,0,0,0,0,0,0,0,0,0,0,0,0,0,0,0,0
10/17/2025 7:22,0,0,0,0,0,0,0,0,0,0,0,0,0,0,0,0,0,0,0,0,0
10/17/2025 7:23,0,0,0,0,0,0,0,0,0,0,7,0,0,0,0,0,1,0,0,0,0
10/17/2025 7:24,0,0,0,0,0,0,0,0,0,0,0,0,0,0,0,0,4,0,0,0,0
10/17/2025 7:25,0,0,0,0,0,0,0,0,0,0,0,0,0,0,0,0,0,1,0,0,0
10/17/2025 7:26,0,0,0,0,0,0,0,0,0,0,3,0,0,0,0,0,0,3,0,0,0
10/17/2025 7:27,0,0,0,0,0,0,0,0,0,0,0,0,0,0,0,0,3,7,0,0,0
10/17/2025 7:28,0,0,0,0,0,0,0,0,0,0,0,0,0,0,0,0,11,7,0,0,0
10/17/2025 7:29,0,0,0,0,0,0,0,0,0,0,2,0,0,0,0,0,9,11,0,0,0
10/17/2025 7:30,0,0,0,0,0,0,0,0,0,0,1,0,0,0,0,0,4,15,0,0,0
10/17/2025 7:31,0,0,0,0,0,0,0,0,0,0,0,0,0,0,0,0,5,2,0,0,0
10/17/2025 7:32,0,0,0,0,0,4,0,0,0,0,0,0,0,0,0,0,9,0,0,0,0
10/17/2025 7:33,0,0,0,0,0,2,0,0,0,0,1,0,0,0,0,0,4,0,0,0,0
10/17/2025 7:34,0,0,0,0,0,1,0,0,0,0,0,0,0,0,0,0,1,0,0,0,0
10/17/2025 7:35,0,0,6,0,0,1,0,0,0,0,0,0,0,0,0,0,0,1,0,0,0
10/17/2025 7:36,0,0,5,0,0,0,0,0,0,0,0,0,0,0,0,0,0,0,0,0,0
10/17/2025 7:37,0,0,7,0,0,0,0,0,0,0,0,0,0,0,0,0,0,0,0,0,0
10/17/2025 7:38,14,0,5,0,0,0,0,0,0,0,0,0,0,0,0,0,0,0,0,0,0
10/17/2025 7:39,4,0,7,0,0,0,0,0,0,0,0,0,0,0,0,0,0,0,0,0,0
10/17/2025 7:40,0,0,7,0,0,1,0,0,0,0,0,0,0,0,0,0,0,0,0,0,0
10/17/2025 7:41,0,0,8,0,0,0,0,1,0,0,0,0,0,0,0,0,0,0,0,0,0
10/17/2025 7:42,0,0,6,0,0,0,0,0,0,0,0,0,1,0,0,0,0,0,0,0,0
10/17/2025 7:43,5,0,18,0,0,0,0,0,0,0,0,0,0,0,0,0,0,0,0,0,0
10/17/2025 7:44,2,0,15,0,0,3,0,0,0,0,0,0,7,0,0,0,0,0,0,0,0
10/17/2025 7:45,0,0,6,0,0,4,0,0,0,0,0,0,0,0,0,0,0,0,0,0,0
10/17/2025 7:46,1,0,4,0,0,1,0,0,0,0,0,0,0,0,0,0,0,0,0,0,0
10/17/2025 7:47,0,0,12,0,0,6,0,0,0,0,0,0,0,0,0,0,0,0,0,0,0
10/17/2025 7:48,0,0,2,0,0,13,0,0,0,0,0,0,0,0,0,0,1,0,0,0,0
10/17/2025 7:49,0,0,9,0,0,7,0,0,0,0,0,0,0,0,0,0,0,0,0,0,0
10/17/2025 7:50,4,0,6,0,0,4,0,0,0,0,0,0,0,0,0,0,0,0,0,0,0
10/17/2025 7:51,3,0,0,0,0,0,0,0,0,0,0,0,0,0,0,0,0,0,0,0,0
10/17/2025 7:52,1,0,0,0,0,0,0,0,0,0,0,0,27,0,0,0,0,0,0,0,0
10/17/2025 7:53,4,0,0,0,0,6,0,0,0,0,0,0,16,0,0,0,0,0,0,0,0
10/17/2025 7:54,1,0,0,0,0,2,0,0,0,0,0,0,4,0,0,0,0,0,0,0,0
10/17/2025 7:55,1,0,0,0,0,3,0,0,0,0,0,0,24,0,0,0,0,0,0,0,0
10/17/2025 7:56,2,0,0,0,0,0,0,0,0,0,0,0,0,0,0,0,0,0,0,0,0
10/17/2025 7:57,0,0,0,0,0,0,0,0,0,0,0,0,1,0,0,0,0,0,0,0,0
10/17/2025 7:58,0,0,0,0,0,0,0,0,0,0,1,0,0,0,0,0,0,2,0,0,0
10/17/2025 7:59,0,0,0,0,0,0,0,0,0,0,0,0,0,0,0,0,0,0,0,0,1
10/17/2025 8:00,1,0,0,0,0,0,0,0,0,0,0,0,0,0,0,0,0,0,0,0,1
10/17/2025 8:01,0,0,0,0,0,0,0,0,0,0,0,0,0,0,0,0,0,0,0,0,1
10/17/2025 8:02,0,0,0,0,0,0,0,0,0,0,0,0,1,0,0,0,0,0,0,0,1
10/17/2025 8:03,0,0,0,0,0,0,0,0,0,0,0,0,42,0,0,0,0,0,0,0,1
10/17/2025 8:04,0,0,0,0,0,0,0,0,0,0,0,0,40,0,0,0,0,0,0,0,1
10/17/2025 8:05,0,0,0,0,0,0,0,0,0,0,0,0,77,0,0,0,0,0,0,0,1
10/17/2025 8:06,0,0,0,0,0,0,0,0,0,0,0,0,46,0,0,0,1,0,0,0,1
10/17/2025 8:07,0,0,0,0,0,0,0,0,0,0,0,0,12,0,0,0,0,0,0,0,1
10/17/2025 8:08,0,0,0,0,0,0,2,0,0,0,0,0,14,0,0,0,0,0,0,0,1
10/17/2025 8:09,0,0,0,0,0,0,0,0,0,0,0,0,47,0,0,0,0,0,0,0,1
10/17/2025 8:10,5,0,0,0,0,0,0,0,0,0,0,0,9,0,0,0,0,0,0,0,1
10/17/2025 8:11,2,0,0,0,0,0,0,0,0,0,0,0,15,0,0,0,0,0,0,0,1
10/17/2025 8:12,0,0,0,0,0,0,0,0,3,0,0,0,0,0,0,0,0,0,5,0,1
10/17/2025 8:13,0,0,0,0,0,0,0,0,0,0,0,0,0,0,0,0,0,0,0,0,1
10/17/2025 8:14,0,0,0,0,0,0,1,0,0,0,0,0,0,3,0,0,0,0,0,0,1
10/17/2025 8:15,0,0,0,0,0,0,0,3,0,0,0,0,0,0,0,0,0,0,0,0,1
10/17/2025 8:16,4,0,0,0,0,0,0,0,0,0,0,0,0,0,0,0,0,0,0,0,1
10/17/2025 8:17,0,0,0,0,0,0,0,0,0,0,0,0,0,0,0,0,0,0,0,0,1
10/17/2025 8:18,0,0,0,0,0,0,0,0,0,0,0,0,0,0,0,0,0,0,0,0,1
10/17/2025 8:19,0,0,0,0,0,0,0,0,0,0,0,0,0,0,0,0,1,0,0,0,1
10/17/2025 8:20,0,0,0,0,0,0,0,0,0,0,0,0,0,0,0,0,0,0,0,0,1
10/17/2025 8:21,0,0,0,1,0,0,0,0,0,0,0,0,0,0,0,0,5,0,0,0,1
10/17/2025 8:22,0,0,0,6,0,0,0,0,0,0,0,0,0,0,0,0,0,0,0,0,1
10/17/2025 8:23,0,0,0,0,0,0,8,0,0,0,0,0,0,0,0,0,0,0,0,0,1
10/17/2025 8:24,0,0,0,0,0,0,8,0,0,0,0,0,0,0,0,0,0,0,0,0,1
10/17/2025 8:25,0,0,0,0,0,0,18,0,0,0,0,0,0,0,0,0,0,0,0,0,1
10/17/2025 8:26,0,0,0,0,0,0,8,0,0,0,0,0,0,1,0,0,0,0,0,0,1
10/17/2025 8:27,0,0,0,0,0,0,11,0,0,0,0,0,0,0,0,0,0,0,0,0,1
10/17/2025 8:28,0,0,0,0,0,0,3,0,0,0,0,0,0,0,0,0,0,0,0,0,1
10/17/2025 8:29,0,0,1,0,0,0,6,0,0,0,0,0,0,0,0,0,0,0,0,0,1
10/17/2025 8:30,0,0,6,0,0,0,15,0,0,0,0,0,0,0,0,0,0,0,0,0,1
10/17/2025 8:31,0,0,2,0,0,0,17,0,0,0,0,0,0,0,0,0,1,0,0,0,1
10/17/2025 8:32,0,0,0,0,0,0,16,0,0,0,0,0,0,0,0,0,0,0,0,0,1
10/17/2025 8:33,0,0,0,0,0,0,10,0,0,0,0,0,0,0,0,0,0,0,0,0,1
10/17/2025 8:34,0,0,0,0,0,0,9,0,0,0,0,0,0,0,0,0,0,0,0,0,1
10/17/2025 8:35,0,0,0,0,0,0,3,0,0,0,0,0,0,0,0,0,0,0,0,0,1
10/17/2025 8:36,0,0,0,0,0,0,1,0,0,0,0,0,0,0,0,0,0,0,0,0,1
10/17/2025 8:37,0,0,0,0,0,0,2,0,0,0,0,0,0,0,0,0,0,0,0,0,1
10/17/2025 8:38,0,0,0,0,0,0,0,2,0,0,0,0,0,0,0,0,0,0,0,0,1
10/17/2025 8:39,0,0,0,0,0,0,0,0,0,0,0,0,0,0,0,0,0,0,0,0,1
10/17/2025 8:40,0,0,0,0,0,0,0,0,0,0,0,0,0,0,0,0,0,0,0,0,1
10/17/2025 8:41,0,0,0,0,0,0,0,0,0,0,0,0,0,0,0,0,0,0,5,0,1
10/17/2025 8:42,0,0,0,0,0,0,0,0,0,0,0,0,0,0,0,0,0,0,3,0,1
10/17/2025 8:43,0,0,0,0,0,0,0,0,0,0,0,0,0,0,0,0,0,1,0,0,1
10/17/2025 8:44,0,0,0,0,0,0,0,0,0,0,0,0,0,0,0,0,0,0,0,0,1
10/17/2025 8:45,0,0,0,0,0,0,0,0,0,0,0,0,0,0,0,0,0,3,0,0,1
10/17/2025 8:46,0,0,0,0,0,0,0,0,0,0,0,0,0,0,0,0,0,0,0,0,1
10/17/2025 8:47,0,0,0,0,0,0,0,0,0,0,0,0,0,0,0,0,0,8,0,0,1
10/17/2025 8:48,0,0,0,0,0,0,0,3,0,0,0,0,0,0,0,0,0,0,0,0,1
10/17/2025 8:49,0,0,0,0,0,0,0,0,0,0,0,0,0,0,0,0,0,0,0,0,1
10/17/2025 8:50,0,0,0,0,0,0,0,0,0,0,0,0,0,0,0,0,0,0,0,0,1
10/17/2025 8:51,0,0,0,0,0,0,0,0,0,0,0,0,0,0,0,0,0,0,0,0,1
10/17/2025 8:52,0,0,0,0,0,0,0,5,0,0,0,0,0,0,0,0,0,0,0,0,1
10/17/2025 8:53,0,0,0,0,0,0,0,2,0,0,0,0,0,0,0,0,0,0,0,0,1
10/17/2025 8:54,0,0,0,0,0,0,0,0,0,0,0,0,0,0,0,0,1,0,0,0,1
10/17/2025 8:55,0,0,0,0,0,0,0,0,0,0,0,0,0,0,0,0,0,0,0,0,1
10/17/2025 8:56,0,0,0,0,0,0,0,0,0,0,0,0,0,0,0,0,0,0,0,0,1
10/17/2025 8:57,0,0,0,0,0,0,0,1,0,0,0,0,0,0,0,0,0,0,0,0,1
10/17/2025 8:58,0,0,0,0,0,0,0,0,0,0,0,0,0,0,0,0,0,0,0,0,1
10/17/2025 8:59,0,0,0,0,0,0,0,0,0,0,0,0,0,0,0,0,0,0,0,0,1
10/17/2025 9:00,0,0,0,0,0,0,0,0,0,0,0,0,0,0,0,0,0,0,0,0,1
10/17/2025 9:01,0,0,0,0,0,0,0,0,0,0,0,0,0,0,0,0,0,0,0,0,1
10/17/2025 9:02,0,0,0,0,0,0,0,0,0,0,0,0,0,0,0,0,0,0,0,0,1
10/17/2025 9:03,0,0,0,0,0,5,0,0,0,0,0,0,0,0,0,0,0,0,0,0,1
10/17/2025 9:04,0,0,0,0,0,0,0,0,0,0,0,0,0,0,0,0,0,0,0,0,1
10/17/2025 9:05,0,0,0,0,0,0,0,0,0,0,0,0,0,0,0,0,0,0,0,0,1
10/17/2025 9:06,0,0,0,0,0,0,0,0,0,0,0,0,0,0,0,0,0,0,0,0,1
10/17/2025 9:07,0,0,0,0,0,0,0,0,0,0,0,0,0,0,0,0,0,0,0,0,1
10/17/2025 9:08,0,0,0,0,0,0,0,0,0,0,0,0,0,0,0,0,0,0,0,0,1
10/17/2025 9:09,0,0,0,0,0,0,0,0,0,0,0,0,0,0,0,0,0,0,0,0,1
10/17/2025 9:10,0,0,0,0,0,0,0,0,0,0,0,0,0,0,0,0,0,0,0,0,1
10/17/2025 9:11,0,0,0,0,0,0,0,0,0,0,0,0,0,0,0,0,0,0,0,0,1
10/17/2025 9:12,0,0,0,0,0,0,0,0,0,0,0,0,0,0,0,0,0,0,0,0,1
10/17/2025 9:13,0,0,0,0,0,0,0,0,0,0,0,0,0,0,0,0,0,0,0,0,1
10/17/2025 9:14,0,0,0,0,0,0,0,0,0,0,0,0,0,0,0,0,0,0,0,0,1
10/17/2025 9:15,0,0,0,0,0,0,0,0,0,0,0,0,0,0,0,0,0,0,0,0,1
10/17/2025 9:16,0,0,0,0,0,0,0,0,0,0,0,0,0,0,0,0,0,0,0,0,1
10/17/2025 9:17,0,0,0,0,0,0,0,0,0,0,0,0,0,0,0,0,0,0,0,0,1
10/17/2025 9:18,0,0,0,0,0,0,0,0,0,0,0,0,0,0,0,0,0,0,0,0,1
10/17/2025 9:19,0,0,0,0,0,0,0,0,0,0,0,0,0,0,0,0,0,0,0,0,1
10/17/2025 9:20,0,0,0,0,0,0,0,0,0,0,0,0,0,0,0,1,0,0,0,0,1
10/17/2025 9:21,0,0,0,0,0,0,0,0,0,0,0,0,0,0,0,0,0,0,0,0,1
10/17/2025 9:22,0,0,0,0,0,0,0,0,0,0,0,0,0,0,0,0,0,0,0,0,1
10/17/2025 9:23,0,0,0,0,0,0,0,1,0,0,0,0,0,0,0,0,0,0,0,0,1
10/17/2025 9:24,0,0,0,0,0,0,0,0,0,0,0,0,0,0,0,0,0,0,0,0,1
10/17/2025 9:25,0,0,0,0,0,0,0,5,0,0,0,0,0,0,0,0,0,0,0,0,1
10/17/2025 9:26,0,0,0,0,0,0,0,0,0,0,0,0,0,0,0,0,0,0,0,0,1
10/17/2025 9:27,0,0,0,0,0,0,0,0,0,0,0,0,0,0,0,0,0,0,0,0,1
10/17/2025 9:28,0,0,0,0,0,0,0,0,0,0,0,0,0,0,0,0,7,0,0,0,1
10/17/2025 9:29,0,0,0,0,0,0,0,0,0,0,0,0,0,0,0,0,2,0,0,0,1
10/17/2025 9:30,0,0,0,0,0,0,0,0,0,0,0,0,0,0,0,0,5,0,0,0,1
10/17/2025 9:31,0,0,0,0,0,0,0,1,0,0,0,0,0,0,0,0,0,0,0,0,1
10/17/2025 9:32,0,0,0,0,0,0,0,0,0,0,0,0,0,0,0,0,1,0,0,0,1
10/17/2025 9:33,0,0,0,0,0,0,0,0,0,0,4,0,0,0,0,0,0,0,0,0,1
10/17/2025 9:34,0,0,0,0,0,0,0,0,0,0,2,0,0,0,0,0,0,0,0,0,1
10/17/2025 9:35,0,0,0,0,0,0,0,0,0,0,0,0,0,0,0,0,0,0,0,0,1
10/17/2025 9:36,0,0,0,0,0,0,0,0,0,0,0,0,0,0,3,0,0,0,0,0,1
10/17/2025 9:37,0,0,0,0,0,0,0,0,0,0,0,0,0,0,0,0,0,0,5,0,1
10/17/2025 9:38,0,0,0,0,0,0,0,0,0,0,0,0,0,0,1,0,0,0,0,0,1
10/17/2025 9:39,0,0,0,0,0,0,0,0,0,0,0,0,0,0,0,0,0,0,0,0,1
10/17/2025 9:40,0,0,0,0,0,0,0,0,0,0,0,0,0,0,0,0,0,0,0,0,1
10/17/2025 9:41,0,0,0,0,0,0,0,0,0,0,0,0,0,0,0,0,0,0,0,0,1
10/17/2025 9:42,0,0,0,0,0,0,0,0,0,0,0,0,0,0,0,0,0,0,0,0,1
10/17/2025 9:43,0,0,0,0,0,0,0,0,0,0,0,0,0,0,0,0,0,0,0,0,1
10/17/2025 9:44,0,0,0,0,0,0,0,0,0,0,0,0,0,0,0,0,0,0,0,0,1
10/17/2025 9:45,0,0,0,0,0,0,0,0,0,0,0,0,0,0,0,0,0,0,0,0,1
10/17/2025 9:46,0,0,0,0,0,0,0,0,0,0,0,0,0,0,0,0,0,0,0,0,1
10/17/2025 9:47,0,0,0,0,0,0,0,0,0,0,0,0,0,0,0,0,0,0,0,0,1
10/17/2025 9:48,0,0,0,0,0,0,0,0,0,0,0,0,0,0,0,0,0,0,0,0,1
10/17/2025 9:49,0,0,0,0,0,0,0,0,0,0,0,0,0,0,0,0,0,0,0,0,1
10/17/2025 9:50,0,0,0,0,0,0,0,0,0,0,0,0,0,0,0,0,0,0,0,0,1
10/17/2025 9:51,0,0,0,0,0,0,0,0,0,0,0,0,0,0,0,0,0,2,0,0,1
10/17/2025 9:52,0,0,0,0,0,0,0,0,0,0,0,0,0,0,0,0,0,0,0,0,1
10/17/2025 9:53,0,0,0,0,0,0,0,0,0,0,0,0,0,0,0,0,0,0,0,0,1
10/17/2025 9:54,0,0,0,0,0,0,0,0,0,0,0,0,0,0,0,0,0,0,0,0,1
10/17/2025 9:55,0,0,0,0,0,0,0,0,0,0,0,0,0,0,0,0,0,0,0,0,1
10/17/2025 9:56,0,0,0,0,0,0,0,0,0,0,0,0,0,0,0,2,0,0,0,0,1
10/17/2025 9:57,0,0,0,0,0,0,0,0,0,0,0,0,0,0,0,1,0,0,0,0,1
10/17/2025 9:58,6,0,0,0,0,0,0,0,0,0,0,0,0,0,0,0,0,0,0,0,1
10/17/2025 9:59,0,0,0,0,0,0,0,0,0,0,0,0,0,0,0,4,0,0,0,0,1
10/17/2025 10:00,0,0,0,0,0,0,0,0,0,0,0,0,0,0,0,2,0,0,0,0,1
10/17/2025 10:01,0,0,0,0,0,0,0,0,0,0,0,0,0,0,0,6,0,0,0,0,1
10/17/2025 10:02,0,0,0,0,0,0,0,0,0,0,0,0,0,0,0,0,0,0,0,0,1
10/17/2025 10:03,0,0,0,0,0,0,0,0,0,0,0,0,0,0,0,0,0,0,0,0,1
10/17/2025 10:04,0,0,0,0,0,0,0,0,0,0,0,0,0,0,0,2,0,0,0,0,1
10/17/2025 10:05,0,0,0,0,0,0,0,0,0,0,0,0,0,0,0,6,0,0,0,0,1
10/17/2025 10:06,0,0,0,0,0,0,0,0,0,0,0,0,0,0,0,2,0,0,0,0,1
10/17/2025 10:07,0,0,0,0,0,0,0,0,0,0,0,0,0,0,0,12,0,0,0,0,1
10/17/2025 10:08,0,0,0,0,0,0,0,0,0,0,0,0,0,0,0,12,0,0,0,0,1
10/17/2025 10:09,0,0,0,0,0,0,0,0,0,0,0,0,0,0,0,7,0,0,0,0,1
10/17/2025 10:10,0,0,0,0,0,0,0,0,0,0,0,0,0,0,0,7,0,0,0,0,1
10/17/2025 10:11,0,0,0,0,0,0,0,0,0,0,0,0,0,0,0,6,0,0,0,0,1
10/17/2025 10:12,0,0,0,0,0,0,0,0,0,0,0,0,0,0,0,2,0,0,0,0,1
10/17/2025 10:13,0,0,0,0,0,0,0,0,0,0,0,0,0,0,0,0,0,0,0,0,1
10/17/2025 10:14,0,0,0,0,0,0,0,0,0,0,0,0,0,0,0,6,0,0,0,0,1
10/17/2025 10:15,0,0,0,0,0,0,0,0,0,0,0,0,0,0,0,0,0,0,0,0,1
10/17/2025 10:16,0,0,0,0,0,0,0,0,0,0,0,0,0,0,0,0,0,0,0,0,1
10/17/2025 10:17,0,0,0,0,0,0,0,0,0,0,0,0,0,0,0,0,0,0,0,0,1
10/17/2025 10:18,0,0,0,0,0,0,0,0,0,0,0,0,0,0,0,0,0,0,0,0,1
10/17/2025 10:19,0,0,0,0,0,0,0,0,0,0,0,0,0,0,0,0,0,0,0,0,1
10/17/2025 10:20,0,0,0,0,0,0,0,0,0,0,0,0,0,0,0,0,0,0,0,0,1
10/17/2025 10:21,0,0,0,0,0,0,0,0,0,0,0,0,0,0,0,0,0,0,0,0,1
10/17/2025 10:22,0,0,0,0,0,0,0,0,0,0,0,0,0,0,0,0,0,0,0,0,1
10/17/2025 10:23,0,0,0,0,0,0,0,0,0,0,0,0,0,0,0,0,0,0,0,0,1
10/17/2025 10:24,0,0,0,0,0,0,0,0,0,0,0,0,0,0,0,0,0,0,0,0,1
10/17/2025 10:25,0,0,0,0,0,0,0,0,0,0,7,0,0,0,0,3,0,0,0,0,1
10/17/2025 10:26,0,0,0,0,0,0,0,0,0,0,1,0,0,0,0,0,0,0,0,0,1
10/17/2025 10:27,0,0,0,0,0,0,0,0,0,0,0,0,0,0,0,0,0,0,0,0,1
10/17/2025 10:28,0,0,0,0,0,0,0,0,0,0,0,0,0,0,0,0,0,0,0,0,1
10/17/2025 10:29,0,0,0,0,0,0,2,0,0,0,0,0,0,0,0,0,0,0,0,0,1
10/17/2025 10:30,0,0,0,0,0,0,0,0,0,0,0,0,0,0,0,0,0,0,0,0,1
10/17/2025 10:31,0,0,0,0,0,0,0,0,0,0,0,0,0,0,0,0,0,0,0,0,1
10/17/2025 10:32,0,0,0,0,0,0,0,0,0,0,0,0,0,0,0,0,0,0,0,0,1
10/17/2025 10:33,0,0,0,0,0,0,0,2,0,0,0,0,0,0,0,0,0,0,0,0,1
10/17/2025 10:34,0,0,1,0,0,0,0,1,0,0,0,0,0,0,0,0,0,0,0,0,1
10/17/2025 10:35,0,0,0,0,0,0,0,0,0,0,0,0,0,0,0,0,0,0,0,0,1
10/17/2025 10:36,0,0,0,0,0,0,0,0,0,0,0,0,0,0,0,0,0,0,0,0,1
10/17/2025 10:37,0,0,0,0,0,0,0,0,0,0,0,0,0,0,3,0,0,0,0,0,1
10/17/2025 10:38,0,0,0,0,0,0,0,0,0,0,0,0,0,0,0,0,0,0,0,0,1
10/17/2025 10:39,0,0,0,0,0,0,0,0,0,0,0,0,0,0,0,0,0,0,0,0,1
10/17/2025 10:40,0,0,0,0,0,0,0,0,0,0,0,0,0,0,0,0,0,0,0,0,1
10/17/2025 10:41,0,0,0,0,0,0,0,0,0,0,0,0,0,0,0,0,0,0,0,0,1
10/17/2025 10:42,0,0,0,0,0,0,0,0,0,0,0,0,0,0,0,4,0,0,0,0,1
10/17/2025 10:43,0,0,0,0,0,0,1,0,0,0,1,0,0,0,0,10,0,0,0,0,1
10/17/2025 10:44,0,0,0,0,0,0,0,0,0,0,0,0,0,0,0,17,1,0,0,0,1
10/17/2025 10:45,0,0,0,0,0,1,0,0,0,0,0,0,0,0,0,5,0,0,0,0,1
10/17/2025 10:46,0,0,0,0,0,0,0,0,0,0,0,0,0,0,0,6,0,0,0,0,1
10/17/2025 10:47,0,0,0,0,0,0,0,0,0,0,0,0,0,0,0,0,0,0,0,0,1
10/17/2025 10:48,0,0,0,0,0,0,0,0,0,0,0,0,0,0,0,0,0,0,0,0,1
10/17/2025 10:49,0,0,0,0,0,0,0,0,0,0,0,0,0,0,0,0,0,0,0,0,1
10/17/2025 10:50,0,0,0,0,0,0,0,0,0,0,0,0,0,0,0,0,0,0,0,0,1
10/17/2025 10:51,0,0,0,0,0,0,0,0,0,0,0,0,0,0,0,0,0,0,0,0,1
10/17/2025 10:52,0,0,0,0,0,0,0,0,0,0,0,0,0,0,0,0,0,0,0,0,1
10/17/2025 10:53,0,0,0,0,0,0,0,0,0,0,0,0,0,0,0,0,0,0,0,0,1
10/17/2025 10:54,0,0,0,0,0,0,0,0,0,0,0,0,0,0,0,0,0,0,0,0,1
10/17/2025 10:55,0,0,0,0,0,3,0,0,0,0,0,0,0,0,0,0,0,0,0,0,1
10/17/2025 10:56,0,0,0,0,0,0,0,0,0,0,0,0,0,0,0,0,0,0,0,0,1
10/17/2025 10:57,0,0,0,0,0,0,0,0,0,0,0,0,0,0,0,0,0,0,0,0,1
10/17/2025 10:58,0,0,0,0,0,0,0,0,0,0,0,0,0,0,0,0,0,0,0,0,1
10/17/2025 10:59,0,0,0,0,0,0,0,0,0,0,0,0,0,0,0,0,0,0,0,0,1
10/17/2025 11:00,0,0,0,0,0,0,0,0,0,0,0,0,0,0,0,0,0,0,0,0,1
10/17/2025 11:01,0,0,0,0,0,0,0,0,0,0,0,0,0,0,0,0,0,0,0,0,1
10/17/2025 11:02,0,0,0,0,0,0,0,0,0,0,0,0,0,0,0,0,0,0,0,0,1
10/17/2025 11:03,0,0,0,0,0,0,0,0,0,0,0,0,0,0,0,0,0,0,1,0,1
10/17/2025 11:04,0,0,0,0,0,0,1,0,0,0,0,0,0,0,0,0,0,3,3,0,1
10/17/2025 11:05,0,0,0,0,0,0,0,0,0,0,1,0,0,0,0,0,0,0,0,0,1
10/17/2025 11:06,0,0,0,0,0,0,0,0,0,0,0,0,0,0,0,0,0,0,0,0,1
10/17/2025 11:07,0,0,0,0,0,0,0,0,0,0,2,0,0,0,0,0,0,0,0,0,1
10/17/2025 11:08,0,0,0,0,0,0,0,0,0,0,0,0,0,0,0,9,0,0,0,0,1
10/17/2025 11:09,0,0,0,0,0,0,0,0,0,0,0,0,0,0,0,0,0,0,0,0,1
10/17/2025 11:10,0,0,0,0,0,0,0,0,0,0,0,0,0,0,0,2,0,0,0,0,1
10/17/2025 11:11,0,0,0,0,0,0,0,0,0,0,0,0,0,0,0,0,0,0,0,0,1
10/17/2025 11:12,0,0,0,0,0,0,0,0,0,0,0,0,0,0,0,0,0,0,0,0,1
10/17/2025 11:13,0,0,0,0,1,0,0,0,0,0,0,0,0,0,0,0,0,0,0,0,1
10/17/2025 11:14,0,0,0,0,0,0,0,0,0,0,1,0,0,0,0,0,0,0,0,0,1
10/17/2025 11:15,0,0,0,0,0,0,0,0,0,0,0,0,0,0,0,0,0,0,0,0,1
10/17/2025 11:16,0,0,0,0,0,0,0,0,0,0,0,0,0,0,0,0,0,0,0,0,1
10/17/2025 11:17,0,0,0,0,0,0,0,0,0,0,0,0,0,0,0,0,0,0,0,0,1
10/17/2025 11:18,0,0,0,0,0,0,0,0,0,0,0,0,0,0,0,0,0,0,0,0,1
10/17/2025 11:19,0,0,0,0,0,0,0,0,0,0,0,0,0,0,0,0,0,0,0,0,1
10/17/2025 11:20,0,0,0,0,0,0,0,0,0,0,0,0,0,0,0,0,0,0,0,0,1
10/17/2025 11:21,0,0,0,0,0,0,0,0,0,0,0,0,0,0,0,0,0,0,0,0,1
10/17/2025 11:22,0,0,0,0,0,0,0,0,0,0,0,0,0,0,0,0,0,0,0,0,1
10/17/2025 11:23,0,0,0,0,0,0,0,0,0,0,0,0,0,0,0,0,0,0,0,0,1
10/17/2025 11:24,0,0,0,0,0,0,0,0,0,0,0,0,0,0,0,0,0,0,0,0,1
10/17/2025 11:25,0,0,0,0,0,0,0,0,0,0,0,0,0,0,0,0,0,0,0,0,1
10/17/2025 11:26,0,0,0,0,0,0,0,0,0,0,0,0,0,0,0,1,0,0,0,0,1
10/17/2025 11:27,0,0,0,0,0,0,0,0,0,0,0,0,0,0,0,0,0,0,0,0,1
10/17/2025 11:28,0,0,0,0,0,0,0,0,0,0,0,0,0,0,0,0,0,0,0,0,1
10/17/2025 11:29,0,0,0,0,0,0,0,0,0,0,0,0,0,0,0,0,0,0,0,0,1
10/17/2025 11:30,0,0,0,0,0,0,0,0,0,0,0,0,0,0,0,0,0,0,0,0,1
10/17/2025 11:31,0,0,0,0,0,0,0,0,0,0,0,0,0,0,0,0,0,0,0,0,1
10/17/2025 11:32,0,0,0,0,0,0,0,0,0,0,0,0,0,0,0,0,0,0,8,0,1
10/17/2025 11:33,0,0,0,0,0,0,0,0,0,0,2,0,0,0,0,0,0,0,0,0,1
10/17/2025 11:34,0,0,0,0,0,0,0,0,0,0,0,0,0,0,0,0,0,0,0,0,1
10/17/2025 11:35,0,0,0,0,0,0,0,0,0,0,0,0,0,0,0,0,0,0,1,0,1
10/17/2025 11:36,0,0,0,0,0,0,0,0,0,0,0,0,0,0,0,0,0,0,0,0,1
10/17/2025 11:37,0,0,0,0,1,0,0,0,0,0,0,0,0,0,0,0,0,0,0,0,1
10/17/2025 11:38,0,0,0,0,5,0,0,0,0,0,0,0,0,0,0,0,0,0,0,0,1
10/17/2025 11:39,0,0,0,0,0,0,0,0,0,0,0,0,0,0,0,0,0,0,0,0,1
10/17/2025 11:40,0,0,0,0,4,0,0,0,0,0,0,0,0,0,0,0,0,0,0,0,1
10/17/2025 11:41,0,0,0,0,3,0,0,0,0,0,0,0,0,0,0,0,0,0,0,0,1
10/17/2025 11:42,8,0,0,0,11,0,0,0,0,0,0,0,0,0,0,0,0,0,0,0,1
10/17/2025 11:43,9,0,0,0,6,0,0,0,0,0,0,0,0,0,0,0,0,0,0,0,1
10/17/2025 11:44,0,0,0,0,12,0,2,0,0,0,0,0,0,0,0,0,0,0,0,0,1
10/17/2025 11:45,0,0,0,0,19,0,0,0,0,0,0,0,0,0,0,0,0,0,0,0,1
10/17/2025 11:46,0,0,0,0,16,0,0,0,0,0,0,0,0,0,0,0,0,0,0,0,1
10/17/2025 11:47,0,0,0,0,17,0,0,0,0,0,0,0,0,0,0,0,0,0,0,0,1
10/17/2025 11:48,0,0,0,0,1,1,0,0,0,0,0,0,0,0,0,0,0,0,0,0,1
10/17/2025 11:49,0,0,0,0,0,0,0,0,0,0,0,0,0,0,0,0,0,0,0,0,1
10/17/2025 11:50,0,0,0,0,11,0,0,0,0,0,0,0,0,0,0,0,0,0,0,0,1
10/17/2025 11:51,0,0,0,0,3,0,0,0,0,0,0,0,0,0,0,0,0,0,0,0,1
10/17/2025 11:52,0,0,0,0,0,0,0,0,0,0,0,0,0,0,0,0,0,0,0,0,1
10/17/2025 11:53,0,0,0,0,0,0,0,0,0,0,0,0,0,0,0,0,0,0,0,0,1
10/17/2025 11:54,0,0,0,0,0,0,0,0,0,0,0,0,0,0,0,0,0,0,0,0,1
10/17/2025 11:55,0,0,0,0,13,0,0,0,0,0,0,0,0,0,0,0,0,6,0,0,1
10/17/2025 11:56,0,0,0,0,26,0,0,0,0,0,0,0,0,0,0,0,0,0,0,0,1
10/17/2025 11:57,0,0,0,0,21,5,0,0,0,0,0,0,0,0,0,0,0,0,0,0,1
10/17/2025 11:58,0,0,0,0,24,0,0,0,0,0,0,0,0,0,0,0,0,0,0,0,1
10/17/2025 11:59,0,0,0,0,28,0,0,0,0,0,0,0,0,0,0,0,0,0,0,0,1
10/17/2025 12:00,0,0,0,0,14,0,0,0,0,0,0,0,0,0,0,0,0,0,0,0,1
10/17/2025 12:01,0,0,0,0,13,0,0,0,0,0,0,0,0,0,0,0,0,0,0,0,1
10/17/2025 12:02,0,0,0,0,0,0,0,0,0,0,0,0,0,0,0,0,0,0,0,0,1
10/17/2025 12:03,0,0,0,0,0,0,0,0,0,0,0,0,0,0,0,0,0,0,0,0,1
10/17/2025 12:04,0,0,0,0,0,0,0,0,0,0,0,0,0,0,0,0,0,0,0,0,1
10/17/2025 12:05,0,0,0,0,0,0,0,0,0,0,0,0,0,0,0,0,0,0,0,0,1
10/17/2025 12:06,0,0,0,0,0,0,0,0,0,0,2,0,0,0,0,0,0,0,0,0,1
10/17/2025 12:07,0,0,0,0,0,0,0,0,0,0,0,0,0,0,0,0,0,0,0,0,1
10/17/2025 12:08,0,0,0,0,0,0,0,0,0,0,5,0,0,0,0,0,0,0,0,0,1
10/17/2025 12:09,0,0,0,0,0,0,0,0,0,0,0,0,0,0,0,0,0,0,0,0,1
10/17/2025 12:10,0,0,0,0,0,0,0,0,0,0,0,0,0,0,0,0,0,0,0,0,1
10/17/2025 12:11,0,0,0,0,0,0,0,0,0,0,0,0,0,0,0,0,0,0,0,0,1
10/17/2025 12:12,0,0,0,0,0,0,0,0,0,0,0,0,0,0,0,0,0,0,0,0,1
10/17/2025 12:13,0,0,0,0,0,0,0,0,0,0,0,0,0,0,0,0,0,0,1,0,1
10/17/2025 12:14,0,0,0,0,0,0,0,0,0,0,0,0,0,0,0,0,0,0,0,0,1
10/17/2025 12:15,0,0,0,0,0,0,0,0,0,0,0,0,0,0,0,0,0,0,0,0,1
10/17/2025 12:16,8,0,0,0,0,0,0,0,0,0,0,0,0,0,0,0,0,0,0,0,1
10/17/2025 12:17,1,0,0,0,0,0,0,0,0,0,0,0,0,0,0,0,0,0,0,0,1
10/17/2025 12:18,0,0,0,0,0,0,0,0,0,0,0,0,0,0,0,0,0,0,0,0,1
10/17/2025 12:19,0,0,0,0,0,0,0,0,0,0,0,0,0,0,0,0,0,0,0,0,1
10/17/2025 12:20,0,0,0,0,0,0,0,0,0,0,0,0,0,0,0,0,0,0,0,0,1
10/17/2025 12:21,0,0,0,0,0,0,0,0,0,0,0,0,8,0,0,0,0,0,0,0,1
10/17/2025 12:22,0,0,0,0,0,0,0,0,0,0,0,0,0,0,0,0,0,0,0,0,1
10/17/2025 12:23,0,0,0,0,0,0,0,0,0,0,0,0,0,0,0,0,0,0,0,0,1
10/17/2025 12:24,1,0,0,0,0,0,0,0,0,0,0,0,0,0,0,0,0,0,0,0,1
10/17/2025 12:25,1,0,0,0,0,0,0,0,0,0,0,0,0,0,0,0,0,0,0,0,1
10/17/2025 12:26,1,0,0,0,0,0,0,0,0,0,0,0,0,0,0,0,0,0,0,0,1
10/17/2025 12:27,0,0,0,0,0,0,0,0,0,0,0,0,0,0,0,0,0,0,0,0,1
10/17/2025 12:28,0,0,0,0,0,0,0,0,0,0,0,0,0,0,0,0,0,0,0,0,1
10/17/2025 12:29,0,0,0,3,0,0,0,0,0,0,0,0,0,0,0,0,0,0,0,0,1
10/17/2025 12:30,0,0,0,0,0,0,0,0,0,0,0,0,0,0,0,0,0,0,0,0,1
10/17/2025 12:31,2,0,0,0,0,0,0,0,0,0,0,0,0,0,0,0,0,0,0,0,1
10/17/2025 12:32,0,0,0,0,0,0,1,0,0,0,0,4,0,0,0,0,0,0,0,0,1
10/17/2025 12:33,0,0,0,0,0,0,0,0,0,0,0,0,0,0,0,0,0,0,0,0,1
10/17/2025 12:34,0,0,0,0,0,0,0,0,0,0,4,0,0,0,5,0,0,0,0,0,1
10/17/2025 12:35,0,0,0,0,0,0,0,0,0,0,0,0,0,0,0,0,0,0,0,0,1
10/17/2025 12:36,0,0,0,0,0,0,0,0,0,0,0,0,0,0,0,0,0,0,0,0,1
10/17/2025 12:37,0,0,0,0,0,0,0,0,0,0,0,0,0,0,0,0,0,0,0,0,1
10/17/2025 12:38,2,0,0,0,0,0,0,0,0,0,0,0,0,0,1,0,0,0,0,0,1
10/17/2025 12:39,6,0,0,0,0,0,0,0,0,0,0,0,0,0,0,0,0,0,0,0,1
10/17/2025 12:40,9,0,0,0,0,0,0,0,0,0,0,0,0,0,0,0,0,0,0,0,1
10/17/2025 12:41,0,0,0,0,0,0,0,0,0,0,1,0,0,0,0,0,0,0,0,0,1
10/17/2025 12:42,0,0,0,0,0,0,0,0,0,0,0,1,0,0,0,0,0,0,0,0,1
10/17/2025 12:43,0,0,0,0,0,0,0,0,0,0,0,0,0,0,0,0,0,0,0,0,1
10/17/2025 12:44,0,0,0,0,0,0,0,0,0,0,0,0,0,0,0,0,0,0,0,0,1
10/17/2025 12:45,0,0,0,0,0,0,0,0,0,0,0,0,0,0,0,0,0,0,0,0,1
10/17/2025 12:46,0,0,0,0,0,3,5,0,0,0,0,0,0,0,0,0,0,0,0,0,1
10/17/2025 12:47,0,0,0,0,0,0,0,0,0,0,0,0,0,0,0,0,0,0,0,0,1
10/17/2025 12:48,6,0,0,0,0,0,0,0,0,0,0,0,0,0,0,0,0,0,0,0,1
10/17/2025 12:49,1,0,0,0,0,0,0,0,0,0,0,0,0,0,0,0,0,0,0,0,1
10/17/2025 12:50,7,0,0,0,0,0,0,0,0,0,0,0,0,0,0,0,0,0,0,0,1
10/17/2025 12:51,5,0,0,0,0,0,0,0,0,0,0,0,0,0,0,0,0,0,0,0,1
10/17/2025 12:52,0,0,0,0,0,0,0,0,0,0,0,0,0,0,0,0,0,0,0,0,1
10/17/2025 12:53,7,0,0,0,0,0,0,0,0,0,0,0,0,0,0,0,0,0,0,0,1
10/17/2025 12:54,10,0,0,0,0,0,0,0,0,0,0,0,0,0,0,0,0,0,0,0,1
10/17/2025 12:55,4,0,0,3,0,0,0,0,0,0,0,0,0,0,0,0,0,0,0,0,1
10/17/2025 12:56,0,0,0,0,0,0,0,0,0,0,0,0,0,0,0,0,0,0,0,0,1
10/17/2025 12:57,0,0,0,0,0,0,0,0,0,0,0,0,0,0,0,0,0,0,2,0,1
10/17/2025 12:58,0,0,0,0,0,0,0,0,0,0,0,0,0,0,0,0,0,0,1,0,1
10/17/2025 12:59,0,0,0,0,0,0,0,0,0,0,0,0,0,0,0,0,4,0,7,0,1
10/17/2025 13:00,0,0,1,0,0,0,0,0,0,0,0,0,0,0,0,0,5,0,0,0,1
10/17/2025 13:01,0,0,0,0,0,0,0,0,0,0,0,0,0,0,0,0,7,0,0,0,1
10/17/2025 13:02,0,0,5,0,0,0,0,0,0,0,0,0,0,0,0,0,0,0,0,0,1
10/17/2025 13:03,0,0,0,0,0,1,0,0,0,0,0,0,0,0,0,0,0,0,0,0,1
10/17/2025 13:04,0,0,0,0,0,0,0,0,0,0,0,0,0,0,0,0,0,0,0,0,1
10/17/2025 13:05,0,0,0,0,0,0,0,0,0,0,0,0,0,0,0,0,1,0,0,0,1
10/17/2025 13:06,0,0,0,0,0,0,0,0,0,0,0,0,0,0,0,0,0,4,0,0,1
10/17/2025 13:07,0,0,0,0,0,0,0,0,0,0,0,0,0,0,0,0,0,2,0,0,1
10/17/2025 13:08,0,0,0,0,0,0,0,0,0,0,0,0,0,0,0,0,0,8,0,0,1
10/17/2025 13:09,0,0,0,0,0,0,0,0,0,0,0,0,0,0,0,0,0,8,0,0,1
10/17/2025 13:10,0,0,0,0,0,1,0,0,0,0,0,0,0,0,0,0,0,0,0,0,1
10/17/2025 13:11,0,0,0,0,0,0,0,0,0,0,0,0,0,0,0,0,0,0,0,0,1
10/17/2025 13:12,0,0,0,0,0,0,0,0,0,0,0,0,0,0,0,0,0,0,0,0,1
10/17/2025 13:13,0,0,0,0,0,0,0,0,5,0,0,0,0,0,0,0,0,0,0,0,1
10/17/2025 13:14,0,0,0,0,0,0,0,0,0,0,0,0,0,0,0,0,0,0,0,0,1
10/17/2025 13:15,0,0,0,0,0,0,0,0,0,0,0,0,0,0,0,0,0,0,0,0,1
10/17/2025 13:16,0,0,0,0,0,0,0,0,0,0,0,0,0,0,0,0,0,0,0,0,1
10/17/2025 13:17,0,0,0,0,0,0,0,0,0,0,0,0,0,0,0,0,0,0,0,0,1
10/17/2025 13:18,0,0,0,0,0,0,0,0,8,0,0,0,0,0,0,0,0,0,0,0,1
10/17/2025 13:19,0,0,0,0,0,0,0,0,0,0,0,0,0,0,0,0,0,0,0,0,1
10/17/2025 13:20,0,0,0,0,0,0,0,0,0,0,0,0,0,0,0,0,0,0,0,0,1
10/17/2025 13:21,0,0,0,0,0,0,0,0,0,0,0,1,0,0,0,0,0,0,0,0,1
10/17/2025 13:22,0,0,0,0,0,0,0,0,0,0,0,0,0,0,0,0,0,0,0,0,1
10/17/2025 13:23,0,0,0,0,0,0,0,0,0,0,0,0,0,0,0,0,0,0,0,0,1
10/17/2025 13:24,0,0,0,0,0,0,0,0,0,0,0,0,0,0,0,0,0,0,0,0,1
10/17/2025 13:25,0,0,0,0,0,0,0,0,0,0,0,0,0,0,0,0,0,0,0,0,1
10/17/2025 13:26,0,0,0,0,0,0,0,0,0,0,0,0,0,0,0,0,0,0,0,0,1
10/17/2025 13:27,0,0,0,0,0,0,0,0,0,0,0,0,0,0,0,0,0,0,0,0,1
10/17/2025 13:28,0,0,0,0,0,0,0,0,0,0,0,0,0,0,0,0,0,0,0,0,1
10/17/2025 13:29,3,0,0,0,0,0,0,0,0,0,0,0,0,0,0,0,0,0,0,0,1
10/17/2025 13:30,2,0,0,0,0,0,0,0,0,0,0,0,0,0,0,0,0,0,0,0,1
10/17/2025 13:31,4,0,0,0,0,0,0,0,0,0,0,0,0,0,0,0,0,0,1,0,1
10/17/2025 13:32,0,0,0,0,0,0,0,0,0,0,0,0,0,0,0,11,0,0,0,0,1
10/17/2025 13:33,0,0,0,0,0,0,0,0,0,0,0,0,0,0,0,6,0,0,0,0,1
10/17/2025 13:34,0,0,0,0,0,0,0,0,1,0,0,0,0,0,1,5,0,0,0,0,1
10/17/2025 13:35,0,0,0,0,0,0,0,0,0,0,0,0,0,0,0,1,0,0,0,0,1
10/17/2025 13:36,0,0,0,0,0,0,0,0,0,0,0,0,0,0,0,0,0,0,0,0,1
10/17/2025 13:37,0,0,0,0,0,0,0,0,0,0,0,0,0,0,0,0,0,0,0,0,1
10/17/2025 13:38,0,0,0,0,0,0,0,0,0,0,0,0,0,0,0,0,0,0,0,0,1
10/17/2025 13:39,0,0,0,0,0,0,0,0,0,0,0,0,0,0,0,0,0,0,0,0,1
10/17/2025 13:40,0,0,0,0,0,0,0,0,0,0,0,0,0,0,0,0,0,0,0,0,1
10/17/2025 13:41,0,0,0,0,0,0,0,0,0,0,0,0,0,0,0,0,0,0,0,0,1
10/17/2025 13:42,0,0,0,0,0,0,0,0,0,0,0,0,0,0,0,0,0,0,0,0,1
10/17/2025 13:43,0,0,0,0,0,0,0,0,0,0,1,0,0,0,0,6,0,0,0,0,1
10/17/2025 13:44,0,0,0,0,0,0,0,0,1,0,0,0,0,0,0,0,0,0,0,0,1
10/17/2025 13:45,0,0,0,0,0,0,0,0,0,0,0,0,0,0,0,0,0,0,0,0,1
10/17/2025 13:46,0,0,0,0,0,0,0,0,0,0,0,0,0,0,0,0,0,0,0,0,1
10/17/2025 13:47,0,0,0,0,0,0,0,0,1,0,0,0,0,0,0,0,0,0,0,0,1
10/17/2025 13:48,0,0,0,0,0,0,0,0,0,0,0,0,0,0,0,0,0,0,0,0,1
10/17/2025 13:49,0,0,0,0,0,0,0,0,0,0,0,0,0,0,0,0,0,0,0,0,1
10/17/2025 13:50,0,0,0,0,0,0,0,0,0,0,0,0,0,0,0,0,0,0,0,0,1
10/17/2025 13:51,0,0,0,0,0,0,0,0,0,0,0,0,0,0,0,0,0,0,0,0,1
10/17/2025 13:52,0,0,0,0,0,0,0,0,0,0,0,0,0,0,0,0,0,0,0,0,1
10/17/2025 13:53,0,0,0,0,0,0,0,0,0,0,0,0,0,0,0,0,0,0,0,0,1
10/17/2025 13:54,0,0,0,0,0,0,8,0,0,0,0,0,0,0,0,0,0,0,0,0,1
10/17/2025 13:55,0,0,0,0,0,3,3,0,0,0,0,0,0,0,0,0,0,0,0,0,1
10/17/2025 13:56,0,0,0,0,0,0,5,0,0,0,0,0,0,0,0,0,0,0,0,0,1
10/17/2025 13:57,0,0,0,0,0,0,0,0,0,0,0,0,0,0,0,0,0,0,0,0,1
10/17/2025 13:58,0,0,0,0,0,0,0,0,0,0,0,0,0,0,0,0,0,0,0,0,1
10/17/2025 13:59,0,0,9,0,0,0,0,0,0,0,0,0,0,0,0,0,0,0,0,0,1
10/17/2025 14:00,0,0,0,0,0,0,0,0,0,0,0,0,0,0,0,0,0,0,0,0,1
10/17/2025 14:01,0,0,0,0,0,0,0,0,0,0,0,0,0,0,0,0,0,0,0,0,1
10/17/2025 14:02,0,0,8,0,0,0,0,0,0,0,0,0,0,0,0,0,0,0,0,0,1
10/17/2025 14:03,0,0,1,0,0,0,0,0,0,0,0,0,0,0,0,0,0,0,0,0,1
10/17/2025 14:04,0,0,1,0,0,0,0,0,0,0,0,0,0,0,0,0,0,0,0,0,1
10/17/2025 14:05,0,0,2,0,0,0,0,0,0,0,0,0,0,0,0,0,0,0,0,0,1
10/17/2025 14:06,0,0,4,0,0,0,0,0,0,0,0,0,0,0,0,0,0,0,0,0,1
10/17/2025 14:07,0,0,0,0,0,0,1,0,4,0,0,0,0,0,0,0,0,0,1,0,1
10/17/2025 14:08,0,0,0,5,0,0,0,0,0,0,0,0,0,0,0,0,0,0,0,0,1
10/17/2025 14:09,0,0,4,0,0,0,0,1,0,0,0,0,0,0,0,0,0,0,0,0,1
10/17/2025 14:10,0,0,0,0,0,0,0,0,0,0,0,0,0,0,0,0,0,0,0,0,1
10/17/2025 14:11,0,0,4,0,0,0,0,0,0,0,0,0,0,0,0,0,0,0,0,0,1
10/17/2025 14:12,0,0,0,0,0,0,0,1,0,0,0,0,0,0,0,0,0,0,0,0,1
10/17/2025 14:13,0,0,0,0,0,0,0,0,0,0,0,0,0,0,0,0,0,0,0,0,1
10/17/2025 14:14,0,0,0,0,0,0,0,0,0,0,0,0,0,0,0,0,0,0,0,0,1
10/17/2025 14:15,0,0,0,0,0,0,0,0,0,0,0,0,0,0,0,0,0,0,0,0,1
10/17/2025 14:16,0,0,0,0,0,0,0,0,0,0,0,0,0,0,0,0,0,0,0,0,1
10/17/2025 14:17,0,0,0,0,0,0,0,0,0,0,0,0,0,0,0,0,0,0,0,0,1
10/17/2025 14:18,0,0,0,0,0,0,0,0,0,0,0,0,0,0,0,0,0,0,0,0,1
10/17/2025 14:19,0,0,0,0,0,0,0,0,0,0,0,0,0,0,0,0,0,0,0,0,1
10/17/2025 14:20,0,0,0,0,0,0,0,0,0,0,0,2,0,0,0,0,0,0,0,0,1
10/17/2025 14:21,0,0,0,0,0,0,0,0,0,0,0,1,0,0,0,0,0,0,0,0,1
10/17/2025 14:22,0,0,0,0,0,0,0,0,0,0,0,1,0,0,0,0,0,0,0,0,1
10/17/2025 14:23,0,0,0,0,0,0,0,0,0,0,0,0,0,0,0,0,0,0,0,0,1
10/17/2025 14:24,0,0,8,0,0,0,0,0,0,0,0,0,0,0,0,1,0,0,0,0,1
10/17/2025 14:25,0,0,2,0,0,0,0,0,0,0,0,0,0,0,0,0,0,0,0,0,1
10/17/2025 14:26,0,0,3,0,0,0,0,0,0,0,0,0,0,0,0,0,0,0,0,0,1
10/17/2025 14:27,0,0,2,0,0,0,0,0,0,0,0,0,0,0,0,0,0,0,0,0,1
10/17/2025 14:28,0,0,0,0,0,0,0,0,0,0,0,0,0,0,0,0,0,0,0,0,1
10/17/2025 14:29,0,0,0,0,0,0,0,0,0,0,0,0,0,0,1,0,0,2,0,0,1
10/17/2025 14:30,0,0,0,0,0,0,0,0,0,0,0,0,0,0,0,0,0,0,0,0,1
10/17/2025 14:31,0,0,0,0,0,0,0,0,0,0,0,0,0,0,0,0,0,0,0,0,1
10/17/2025 14:32,0,0,0,0,0,0,0,0,0,0,0,0,0,0,0,0,0,0,0,0,1
10/17/2025 14:33,0,0,0,0,0,0,0,0,0,0,0,0,0,0,0,0,0,0,0,0,1
10/17/2025 14:34,0,0,0,0,0,0,0,0,0,0,0,0,0,0,0,0,0,0,0,0,1
10/17/2025 14:35,0,0,0,0,0,1,0,0,0,0,0,0,0,0,0,0,0,0,0,0,1
10/17/2025 14:36,0,0,0,0,0,0,0,0,0,0,0,0,0,0,0,0,0,0,0,0,1
10/17/2025 14:37,0,0,0,0,0,0,0,0,0,0,0,0,0,0,0,0,0,0,0,0,1
10/17/2025 14:38,0,0,0,0,0,0,0,0,0,0,4,0,0,0,0,0,0,0,0,0,1
10/17/2025 14:39,0,0,0,0,0,0,0,0,0,0,0,0,0,0,0,0,0,0,0,0,1
10/17/2025 14:40,0,0,0,0,0,0,0,0,0,0,0,0,0,0,0,0,0,0,0,0,1
10/17/2025 14:41,9,0,0,0,0,0,1,0,0,0,0,0,0,0,0,0,0,0,0,0,1
10/17/2025 14:42,4,0,0,0,4,0,0,0,0,0,0,0,0,0,0,0,0,0,0,0,1
10/17/2025 14:43,6,0,0,0,0,0,0,0,0,0,0,0,0,0,0,0,0,0,7,0,1
10/17/2025 14:44,0,0,0,0,0,0,0,0,0,0,0,0,0,0,0,0,0,0,0,0,1
10/17/2025 14:45,0,0,0,0,0,0,0,0,0,0,0,0,0,0,0,0,0,0,0,0,1
10/17/2025 14:46,0,0,3,0,0,0,0,0,0,0,0,0,0,0,0,0,0,0,0,0,1
10/17/2025 14:47,0,0,0,0,0,0,0,0,0,0,0,0,0,0,0,0,0,0,0,0,1
10/17/2025 14:48,0,0,0,0,0,0,0,4,0,0,0,0,0,0,0,0,0,0,0,0,1
10/17/2025 14:49,0,0,0,0,0,0,0,6,0,0,0,0,0,0,0,0,0,0,0,0,1
10/17/2025 14:50,0,0,0,0,0,0,0,6,0,0,0,0,0,0,0,0,0,0,0,0,1
10/17/2025 14:51,0,0,0,0,0,0,0,1,0,0,0,0,0,0,0,0,0,0,0,0,1
10/17/2025 14:52,0,0,0,0,0,1,0,0,0,0,0,0,0,0,0,0,0,0,0,0,1
10/17/2025 14:53,0,0,0,0,0,0,0,0,0,0,0,0,0,0,0,0,0,0,0,0,1
10/17/2025 14:54,0,0,0,0,0,0,0,0,0,0,0,0,0,0,0,0,0,0,0,0,1
10/17/2025 14:55,0,0,0,0,0,0,0,0,0,0,0,0,0,0,0,0,0,0,0,0,1
10/17/2025 14:56,0,0,0,0,0,0,0,0,0,0,0,0,0,0,0,0,0,0,0,0,1
10/17/2025 14:57,0,0,0,0,0,0,0,0,0,0,0,0,0,0,0,0,0,0,0,0,1
10/17/2025 14:58,0,0,0,0,0,0,0,0,0,0,0,0,0,0,0,0,0,0,0,0,1
10/17/2025 14:59,0,0,0,0,0,0,1,0,0,0,0,0,0,0,0,0,0,0,0,0,1
10/17/2025 15:00,0,0,0,0,0,0,0,0,0,0,0,0,0,0,0,0,0,0,0,0,1
10/17/2025 15:01,0,0,0,0,2,0,0,0,0,0,0,0,0,0,0,0,0,0,0,0,1
10/17/2025 15:02,0,0,0,0,0,0,0,0,0,0,0,0,0,0,0,0,0,0,0,0,1
10/17/2025 15:03,0,0,0,0,0,0,0,0,0,0,0,0,0,0,0,0,0,0,0,0,1
10/17/2025 15:04,0,0,0,0,1,0,0,0,0,0,0,0,0,0,0,0,0,0,0,0,1
10/17/2025 15:05,0,0,0,0,1,0,0,0,0,0,0,0,0,0,0,0,0,0,0,0,1
10/17/2025 15:06,0,0,0,0,0,0,0,0,0,0,0,0,0,0,0,0,0,0,0,0,1
10/17/2025 15:07,0,0,0,0,0,0,0,0,3,0,0,0,0,0,0,0,0,0,0,0,1
10/17/2025 15:08,0,0,0,0,0,0,0,0,0,0,0,0,0,0,0,0,0,0,0,0,1
10/17/2025 15:09,0,0,0,0,2,0,0,0,0,0,0,0,0,0,0,0,0,0,0,0,1
10/17/2025 15:10,0,0,0,0,0,0,0,0,0,0,0,3,0,0,0,0,0,0,0,0,1
10/17/2025 15:11,0,0,0,0,2,0,0,0,0,0,0,0,0,0,0,0,0,0,0,0,1
10/17/2025 15:12,0,0,0,0,3,0,0,0,0,7,0,10,0,0,2,0,0,0,0,0,1
10/17/2025 15:13,0,0,2,0,6,0,0,0,0,0,0,9,0,0,0,0,0,0,0,0,1
10/17/2025 15:14,0,0,0,0,5,0,0,0,0,0,0,0,0,0,0,0,1,0,0,0,1
10/17/2025 15:15,0,0,0,0,5,0,0,0,0,0,0,0,0,0,0,0,2,0,0,0,1
10/17/2025 15:16,0,0,0,0,12,0,0,0,0,0,0,0,0,0,0,0,2,0,0,0,1
10/17/2025 15:17,0,0,0,0,13,0,0,0,0,0,0,0,0,0,0,0,0,0,0,0,1
10/17/2025 15:18,0,0,0,0,13,0,0,0,0,0,0,0,0,0,0,0,0,0,0,0,1
10/17/2025 15:19,0,0,0,0,0,0,0,0,0,0,0,0,0,0,0,0,0,0,0,0,1
10/17/2025 15:20,0,0,0,0,0,0,0,0,0,0,1,0,0,0,0,0,0,0,0,0,1
10/17/2025 15:21,0,0,0,0,0,0,0,0,0,0,0,0,0,0,0,0,5,0,0,0,1
10/17/2025 15:22,0,0,0,0,0,0,0,0,0,0,0,0,0,0,0,0,0,0,0,0,1
10/17/2025 15:23,0,0,0,0,0,0,0,0,0,0,0,0,0,0,0,0,0,0,0,0,1
10/17/2025 15:24,0,0,0,0,0,0,0,0,0,0,0,0,0,0,0,0,0,0,0,0,1
10/17/2025 15:25,0,0,0,0,0,0,0,0,0,0,0,0,0,0,0,0,0,0,0,0,1
10/17/2025 15:26,0,0,0,0,0,0,0,0,0,0,0,1,0,0,0,0,0,0,0,0,1
10/17/2025 15:27,0,0,0,0,0,0,0,0,0,0,0,0,0,0,0,0,0,0,0,0,1
10/17/2025 15:28,0,0,0,0,0,0,0,0,0,0,0,0,0,0,0,0,0,0,0,0,1
10/17/2025 15:29,0,0,0,0,0,0,0,0,0,0,0,0,0,0,0,0,0,0,0,0,1
10/17/2025 15:30,0,0,0,0,0,0,0,0,0,0,0,0,0,0,0,0,0,0,0,0,1
10/17/2025 15:31,0,0,0,0,0,0,0,0,0,0,0,1,0,0,0,0,0,0,0,0,1
10/17/2025 15:32,0,0,0,0,0,0,0,0,0,0,0,1,0,0,0,0,0,0,0,0,1
10/17/2025 15:33,0,0,0,0,0,0,0,0,0,0,0,0,0,0,0,0,0,0,0,0,1
10/17/2025 15:34,0,0,0,0,0,0,0,0,0,0,0,0,0,0,0,0,0,0,0,0,1
10/17/2025 15:35,0,0,0,0,0,0,0,0,0,0,0,0,0,0,0,0,0,0,0,0,1
10/17/2025 15:36,0,0,0,0,0,0,0,0,0,0,0,0,0,0,5,0,0,0,0,0,1
10/17/2025 15:37,0,0,0,0,0,0,0,0,0,0,0,0,0,0,2,0,1,0,0,0,1
10/17/2025 15:38,0,0,0,0,0,0,0,0,0,0,0,0,0,0,0,0,0,0,0,0,1
10/17/2025 15:39,0,0,0,0,0,0,0,0,0,0,0,2,0,0,0,1,0,0,0,0,1
10/17/2025 15:40,0,0,0,0,0,0,0,0,0,0,0,1,0,0,0,0,0,0,0,0,1
10/17/2025 15:41,0,0,0,0,0,0,0,0,0,0,0,0,0,0,0,0,0,0,0,0,1
10/17/2025 15:42,0,0,0,0,0,0,2,0,0,0,0,0,0,0,0,0,0,0,0,0,1
10/17/2025 15:43,0,0,0,0,0,0,3,0,0,0,0,0,0,0,0,0,0,0,0,0,1
10/17/2025 15:44,0,0,0,0,0,0,5,0,0,0,0,0,0,0,0,0,0,0,0,0,1
10/17/2025 15:45,0,0,0,0,0,0,0,0,0,0,0,0,0,0,0,0,0,0,0,0,1
10/17/2025 15:46,0,0,0,0,0,0,0,0,0,0,0,0,0,0,0,0,0,0,0,0,1
10/17/2025 15:47,0,0,0,0,0,0,0,0,0,0,0,0,0,0,0,0,0,0,0,0,1
10/17/2025 15:48,1,0,0,0,0,0,0,0,0,0,0,2,0,0,0,0,0,0,0,0,1
10/17/2025 15:49,5,0,0,0,0,0,0,0,0,0,0,0,0,0,0,0,0,0,0,0,1
10/17/2025 15:50,0,0,0,0,1,0,0,0,0,0,0,0,0,0,0,0,0,0,0,0,1
10/17/2025 15:51,0,0,0,0,0,0,0,0,0,0,0,0,0,0,0,0,0,0,0,0,1
10/17/2025 15:52,0,0,0,0,1,0,0,0,0,0,0,1,0,0,0,0,0,0,0,0,1
10/17/2025 15:53,0,0,0,0,3,0,0,0,0,0,1,0,0,0,0,0,0,0,0,0,1
10/17/2025 15:54,0,0,0,0,0,0,0,0,0,0,0,0,0,0,0,0,0,0,0,0,1
10/17/2025 15:55,0,0,0,0,1,0,0,0,0,0,0,0,0,0,0,0,0,0,0,0,1
10/17/2025 15:56,0,0,0,0,0,0,0,0,0,0,0,0,0,0,0,0,0,0,0,0,1
10/17/2025 15:57,0,0,0,0,0,0,0,0,0,0,0,0,0,0,0,0,0,0,0,0,1
10/17/2025 15:58,0,0,0,0,0,0,0,0,0,0,0,0,0,0,0,0,0,0,0,0,1
10/17/2025 15:59,0,0,0,0,0,0,0,0,0,0,0,0,0,0,0,0,0,0,0,0,1
10/17/2025 16:00,0,0,0,0,0,0,0,0,0,0,0,0,0,0,0,0,0,0,0,0,1
10/17/2025 16:01,0,0,0,0,0,0,0,0,0,0,0,0,0,0,0,0,0,0,0,0,1
10/17/2025 16:02,0,0,0,0,0,0,0,0,0,0,0,0,0,0,0,0,0,0,0,0,1
10/17/2025 16:03,0,0,0,0,0,0,0,0,0,0,0,0,0,0,0,0,0,0,0,0,1
10/17/2025 16:04,0,0,0,0,0,0,0,0,0,0,0,0,0,0,0,0,0,0,0,0,1
10/17/2025 16:05,0,0,0,0,0,0,0,0,0,0,0,0,0,0,0,0,0,0,0,0,1
10/17/2025 16:06,0,0,0,0,0,0,0,0,0,0,0,0,0,0,0,0,0,0,0,0,1
10/17/2025 16:07,0,0,0,0,0,0,0,0,0,0,0,0,0,0,0,0,0,0,0,0,1
10/17/2025 16:08,0,0,0,0,0,6,0,0,0,0,0,0,0,0,0,0,0,0,0,0,1
10/17/2025 16:09,0,0,0,0,0,0,0,0,0,0,0,0,0,0,0,0,0,0,0,0,1
10/17/2025 16:10,0,0,0,0,0,0,0,0,0,0,0,0,0,0,0,0,2,0,0,0,1
10/17/2025 16:11,5,0,0,0,0,0,0,0,0,0,0,0,0,0,0,0,0,3,10,0,1
10/17/2025 16:12,0,0,0,0,0,0,0,0,0,0,0,0,0,0,0,0,0,10,8,0,1
10/17/2025 16:13,0,0,0,0,0,0,0,0,0,0,0,0,0,0,0,0,0,0,12,0,1
10/17/2025 16:14,0,0,0,0,0,0,0,0,0,0,0,0,0,0,0,0,0,0,0,0,1
10/17/2025 16:15,0,0,0,0,0,0,0,0,0,0,0,0,0,0,0,0,0,0,0,0,1
10/17/2025 16:16,0,0,0,0,0,0,0,0,0,0,0,0,0,0,0,0,0,0,0,0,1
10/17/2025 16:17,0,0,0,0,0,0,5,0,0,0,0,0,0,0,0,0,0,0,0,0,1
10/17/2025 16:18,0,0,0,0,0,0,0,0,0,0,0,0,0,0,0,0,0,0,0,0,1
10/17/2025 16:19,0,0,0,0,0,0,0,0,0,0,0,0,0,0,0,0,0,0,0,0,1
10/17/2025 16:20,0,0,0,0,0,0,0,0,0,0,12,0,0,0,0,0,0,0,0,0,1
10/17/2025 16:21,0,0,0,0,0,0,0,0,0,0,11,0,0,0,0,0,0,0,0,0,1
10/17/2025 16:22,0,0,0,0,0,0,0,0,0,0,0,0,0,0,0,0,0,0,0,0,1
10/17/2025 16:23,0,0,0,0,0,0,0,0,0,0,0,0,0,0,0,0,0,0,0,0,1
10/17/2025 16:24,0,0,0,0,0,0,0,0,0,0,5,0,0,0,0,0,0,0,0,0,1
10/17/2025 16:25,0,0,0,0,0,0,0,0,0,0,0,0,0,0,0,0,0,0,0,0,1
10/17/2025 16:26,0,0,0,0,0,0,0,0,0,0,0,0,0,0,0,0,0,0,0,0,1
10/17/2025 16:27,0,0,0,0,0,0,0,0,0,0,0,0,0,0,0,0,0,0,0,0,1
10/17/2025 16:28,0,0,4,0,0,0,0,0,0,0,0,0,0,0,0,0,0,0,0,0,1
10/17/2025 16:29,0,0,7,0,0,0,0,0,0,0,0,0,0,0,0,0,0,0,0,0,1
10/17/2025 16:30,0,0,0,0,0,0,0,0,0,0,0,0,0,0,0,0,0,0,0,0,1
10/17/2025 16:31,0,0,0,0,0,0,0,0,0,0,0,0,0,0,0,0,0,0,0,0,1
10/17/2025 16:32,0,0,0,0,0,0,0,0,0,0,0,0,0,0,0,0,0,0,0,0,1
10/17/2025 16:33,0,0,0,0,0,0,0,0,0,0,1,0,0,0,0,0,0,0,0,0,1
10/17/2025 16:34,0,0,0,0,0,0,0,0,0,0,0,0,0,0,0,0,0,0,0,0,1
10/17/2025 16:35,0,0,0,0,0,0,0,0,0,0,2,0,0,0,0,0,0,0,0,0,1
10/17/2025 16:36,0,0,0,0,0,0,0,0,0,0,1,0,0,0,0,0,0,0,0,0,1
10/17/2025 16:37,0,0,0,0,0,0,0,0,0,0,0,0,0,0,0,0,0,0,0,0,1
10/17/2025 16:38,0,0,0,0,0,0,0,0,0,0,0,0,0,0,0,0,0,0,0,0,1
10/17/2025 16:39,0,0,0,0,0,0,0,0,0,0,0,0,0,0,0,0,0,0,0,0,1
10/17/2025 16:40,0,0,0,0,0,0,0,0,0,0,0,0,0,0,0,0,0,0,0,0,1
10/17/2025 16:41,0,0,0,0,0,0,0,0,0,0,0,0,0,0,0,0,0,0,0,0,1
10/17/2025 16:42,0,0,0,1,0,2,0,0,0,0,0,0,0,0,0,0,0,0,0,0,1
10/17/2025 16:43,0,0,0,0,0,0,0,0,0,0,0,0,0,0,0,0,0,0,0,0,1
10/17/2025 16:44,0,0,0,0,8,0,0,0,0,0,0,0,0,0,0,0,0,0,0,0,1
10/17/2025 16:45,0,0,0,0,0,0,0,0,0,0,0,0,0,0,0,2,0,0,0,0,1
10/17/2025 16:46,0,0,0,0,0,0,0,0,0,0,0,0,0,0,0,0,0,0,0,0,1
10/17/2025 16:47,0,0,0,0,0,0,0,0,0,0,0,0,0,0,0,0,0,0,0,0,1
10/17/2025 16:48,0,0,0,0,0,0,0,0,0,0,0,0,0,0,0,0,0,0,0,0,1
10/17/2025 16:49,0,0,0,0,0,0,0,0,0,0,0,0,0,0,0,0,0,0,0,0,1
10/17/2025 16:50,0,0,0,0,0,0,0,0,0,0,0,0,0,0,0,0,0,0,0,0,1
10/17/2025 16:51,0,0,0,0,0,0,0,0,0,0,0,0,1,0,0,0,5,0,0,0,1
10/17/2025 16:52,0,0,0,0,0,0,0,0,0,0,0,0,0,0,0,0,0,0,0,0,1
10/17/2025 16:53,0,0,0,0,0,0,0,0,0,0,0,0,0,0,0,0,0,0,0,0,1
10/17/2025 16:54,0,0,0,0,0,0,0,0,0,0,0,0,0,0,0,0,0,0,0,0,1
10/17/2025 16:55,0,0,0,0,0,0,0,0,0,0,0,0,0,0,0,0,0,0,0,0,1
10/17/2025 16:56,0,0,0,0,0,0,0,0,0,0,0,0,0,0,0,0,0,0,0,0,1
10/17/2025 16:57,0,0,0,0,0,0,0,0,0,0,0,0,0,0,0,0,0,0,0,0,1
10/17/2025 16:58,0,0,0,0,0,0,6,0,0,0,0,0,0,0,0,0,0,0,0,0,1
10/17/2025 16:59,0,0,0,0,0,0,10,0,0,0,0,0,0,0,0,0,0,0,0,0,1
10/17/2025 17:00,0,0,0,0,0,0,0,0,0,0,0,0,0,0,0,0,0,0,0,0,1
10/17/2025 17:01,0,0,0,0,0,0,6,0,0,0,0,0,0,0,0,0,0,0,0,0,1
10/17/2025 17:02,0,0,0,0,0,0,2,0,0,0,1,0,0,0,0,0,0,0,0,0,1
10/17/2025 17:03,0,0,0,0,0,0,2,0,0,0,0,0,0,0,0,0,0,0,0,0,1
10/17/2025 17:04,0,0,0,0,0,0,10,0,0,0,0,0,0,0,0,0,0,0,0,0,1
10/17/2025 17:05,0,0,0,0,0,0,0,0,0,0,0,0,0,0,0,0,0,0,0,0,1
10/17/2025 17:06,0,0,0,0,0,0,1,0,0,0,0,0,0,0,0,0,0,0,0,0,1
10/17/2025 17:07,0,0,0,0,0,0,0,0,0,0,0,0,0,0,0,0,0,0,0,0,1
10/17/2025 17:08,0,0,0,0,0,0,3,0,0,0,0,0,0,0,0,0,0,0,0,0,1
10/17/2025 17:09,0,0,0,0,0,1,0,0,0,0,0,0,0,0,0,0,0,0,0,0,1
10/17/2025 17:10,0,0,0,0,0,0,0,0,4,0,0,0,0,0,0,0,0,0,0,0,1
10/17/2025 17:11,0,0,1,0,0,0,0,0,0,0,0,0,0,0,0,0,0,0,0,0,1
10/17/2025 17:12,0,0,0,0,0,0,7,0,0,0,0,0,0,0,0,0,0,0,0,0,1
10/17/2025 17:13,0,0,0,0,0,0,5,0,0,0,0,0,0,0,0,0,0,0,0,0,1
10/17/2025 17:14,0,0,0,0,0,0,8,0,0,0,0,0,0,0,0,0,0,0,0,0,1
10/17/2025 17:15,0,0,0,0,0,0,18,0,0,0,0,0,0,0,0,0,0,0,0,0,1
10/17/2025 17:16,0,0,0,0,0,0,4,0,0,0,0,0,0,0,0,0,0,0,0,0,1
10/17/2025 17:17,0,0,0,0,0,0,8,0,0,0,0,0,0,0,0,1,1,0,0,0,1
10/17/2025 17:18,0,0,0,0,0,0,17,0,0,0,0,0,0,0,0,0,2,0,0,0,1
10/17/2025 17:19,0,0,0,0,0,0,14,0,0,0,0,0,0,0,0,8,0,0,0,0,1
10/17/2025 17:20,0,0,0,0,0,0,4,0,0,0,0,0,0,0,0,0,0,0,0,0,1
10/17/2025 17:21,0,0,0,0,0,0,13,0,0,0,0,0,0,0,0,0,0,0,0,0,1
10/17/2025 17:22,0,0,0,0,0,0,12,0,0,0,0,0,0,0,0,0,0,0,0,0,1
10/17/2025 17:23,0,0,0,0,0,0,0,0,0,0,0,0,0,0,0,0,1,0,0,0,1
10/17/2025 17:24,0,0,0,0,0,0,2,0,0,0,0,0,0,0,0,0,0,0,0,0,1
10/17/2025 17:25,0,0,0,0,0,0,17,0,0,0,0,0,0,0,0,0,0,0,0,0,1
10/17/2025 17:26,0,0,1,0,0,0,15,0,0,0,0,0,0,0,0,0,0,0,0,0,1
10/17/2025 17:27,0,0,0,0,0,0,21,0,0,0,0,0,0,0,10,0,0,0,0,0,1
10/17/2025 17:28,0,0,0,0,0,0,5,0,0,0,0,0,0,0,0,0,0,0,0,0,1
10/17/2025 17:29,0,0,0,0,0,0,0,0,0,0,0,0,0,0,0,0,0,0,0,0,1
10/17/2025 17:30,0,0,0,0,0,0,0,0,0,0,0,0,0,0,0,0,0,0,0,0,1
10/17/2025 17:31,0,0,0,0,0,0,0,0,0,0,0,0,0,0,0,0,0,0,0,7,1
10/17/2025 17:32,0,0,0,0,0,0,0,0,0,0,0,0,0,0,0,0,0,0,0,11,1
10/17/2025 17:33,0,0,0,0,0,0,0,0,0,0,0,0,0,0,3,0,0,0,0,2,1
10/17/2025 17:34,0,0,0,0,0,0,0,0,0,11,0,0,0,0,3,0,0,0,0,9,1
10/17/2025 17:35,0,0,0,0,0,0,0,0,0,0,0,0,0,0,2,0,0,0,0,10,1
10/17/2025 17:36,0,0,0,0,0,0,0,0,0,0,0,0,0,0,5,0,0,0,0,2,1
10/17/2025 17:37,0,0,0,0,0,0,0,0,0,0,0,0,0,0,9,0,0,0,0,0,1
10/17/2025 17:38,0,0,0,0,0,1,0,0,0,0,0,0,0,0,9,0,0,0,0,0,1
10/17/2025 17:39,0,0,0,0,0,5,0,0,0,0,0,0,0,0,0,0,0,0,0,0,1
10/17/2025 17:40,0,0,0,0,0,0,0,0,0,0,0,0,0,0,3,0,0,0,0,0,1
10/17/2025 17:41,0,0,0,0,0,0,0,0,0,0,0,0,0,0,8,0,0,0,0,0,1
10/17/2025 17:42,0,0,0,0,0,0,0,0,0,0,0,0,0,0,6,0,0,0,0,0,1
10/17/2025 17:43,0,0,0,0,0,0,0,0,0,0,0,0,0,0,0,0,0,0,0,0,1
10/17/2025 17:44,0,0,0,0,0,0,0,0,0,0,0,0,0,0,0,0,0,0,0,0,1
10/17/2025 17:45,0,0,0,0,0,0,0,0,0,0,0,0,0,0,0,0,0,0,0,0,1
10/17/2025 17:46,0,0,0,0,0,0,0,0,0,0,0,0,0,0,0,0,0,0,0,0,1
10/17/2025 17:47,0,0,0,0,0,0,0,0,0,0,0,0,0,0,0,0,0,0,0,0,1
10/17/2025 17:48,0,0,0,0,0,0,0,0,0,0,0,0,0,0,0,0,0,0,0,0,1
10/17/2025 17:49,0,0,0,0,0,0,0,0,0,0,0,0,0,0,0,0,0,0,0,0,1
10/17/2025 17:50,0,0,0,0,0,0,0,0,0,1,0,0,0,0,0,0,0,0,0,0,1
10/17/2025 17:51,0,0,0,0,0,0,0,0,0,0,0,0,0,0,0,0,0,0,0,0,1
10/17/2025 17:52,0,0,0,0,0,0,0,0,0,0,0,0,0,0,0,0,0,0,0,0,1
10/17/2025 17:53,0,0,0,0,0,0,0,0,0,0,0,0,0,0,0,0,0,0,0,0,1
10/17/2025 17:54,0,0,0,0,0,0,0,0,0,0,0,0,0,0,0,0,0,0,0,0,1
10/17/2025 17:55,0,0,0,0,0,0,0,0,0,0,0,0,0,1,1,0,0,0,0,0,1
10/17/2025 17:56,0,0,0,0,0,0,0,0,0,0,0,0,0,0,0,0,0,0,0,0,1
10/17/2025 17:57,0,0,0,0,0,0,0,0,0,0,0,0,0,0,0,0,0,0,0,0,1
10/17/2025 17:58,0,0,0,0,13,0,0,0,0,0,0,0,0,0,0,3,0,0,0,0,1
10/17/2025 17:59,0,0,0,0,2,0,0,0,0,0,0,0,0,0,0,7,0,0,0,0,1
10/17/2025 18:00,0,0,0,0,6,0,0,0,0,4,0,0,0,0,0,0,0,1,0,0,1
10/17/2025 18:01,0,0,0,0,14,0,0,0,0,2,0,0,0,3,0,0,0,0,0,0,1
10/17/2025 18:02,0,0,0,0,26,0,0,0,0,4,0,0,0,0,0,0,0,0,0,0,1
10/17/2025 18:03,0,0,0,0,29,0,0,0,0,3,0,0,0,0,0,0,0,3,0,0,1
10/17/2025 18:04,0,0,0,0,40,0,0,0,0,5,0,0,0,0,0,0,0,0,0,0,1
10/17/2025 18:05,0,0,1,0,39,0,0,0,0,9,0,0,0,0,0,4,0,0,0,0,1
10/17/2025 18:06,0,0,2,0,24,0,0,0,0,6,0,0,0,0,0,7,0,0,0,0,1
10/17/2025 18:07,0,0,0,0,24,0,0,0,0,7,0,15,0,0,0,11,0,0,0,0,1
10/17/2025 18:08,0,0,0,0,26,0,0,0,0,6,0,0,0,0,4,18,0,0,0,0,1
10/17/2025 18:09,0,0,0,0,14,0,0,0,0,4,0,0,0,0,5,24,0,0,0,0,1
10/17/2025 18:10,0,0,0,0,6,0,0,0,0,7,0,0,0,0,0,18,0,0,2,0,1
10/17/2025 18:11,0,0,0,0,0,0,0,0,0,0,0,0,0,0,0,4,0,0,0,0,1
10/17/2025 18:12,0,0,0,0,3,0,0,1,0,0,0,0,0,0,0,20,1,0,0,0,1
10/17/2025 18:13,0,0,0,0,4,0,0,0,0,0,0,0,0,0,0,5,4,0,0,0,1
10/17/2025 18:14,0,0,0,0,4,0,0,0,0,0,0,0,0,0,0,0,6,0,0,0,1
10/17/2025 18:15,0,0,0,0,1,0,0,0,0,0,0,0,0,0,0,0,18,0,0,0,1
10/17/2025 18:16,0,0,0,0,2,0,0,0,0,0,0,0,0,0,0,0,23,0,0,0,1
10/17/2025 18:17,0,0,0,0,0,0,0,0,0,0,0,0,0,0,0,0,25,0,0,0,1
10/17/2025 18:18,0,0,0,5,0,0,0,0,0,0,0,1,0,0,0,0,3,0,0,0,1
10/17/2025 18:19,0,0,0,0,0,0,0,0,0,0,0,0,0,0,0,1,1,0,0,0,1
10/17/2025 18:20,0,0,0,0,0,0,0,0,0,0,0,0,0,0,0,0,1,0,0,0,1
10/17/2025 18:21,1,0,0,2,0,0,0,0,0,0,0,0,0,0,0,0,2,0,0,0,1
10/17/2025 18:22,0,0,0,0,0,0,0,0,0,0,0,0,0,0,0,0,10,0,0,0,1
10/17/2025 18:23,0,0,0,0,2,0,0,0,0,0,0,0,0,0,0,0,11,0,0,0,1
10/17/2025 18:24,0,0,0,0,0,0,0,0,0,0,1,0,0,0,0,0,15,0,0,0,1
10/17/2025 18:25,0,0,0,0,0,0,0,0,0,0,1,0,0,0,0,0,13,0,0,0,1
10/17/2025 18:26,0,0,0,0,0,0,0,0,0,0,0,0,0,0,0,0,19,0,0,0,1
10/17/2025 18:27,0,0,0,0,0,0,0,0,0,0,0,0,0,0,0,0,12,0,0,0,1
10/17/2025 18:28,0,0,0,1,0,0,0,0,0,0,0,0,0,0,0,0,25,0,0,0,1
10/17/2025 18:29,0,0,0,7,0,0,0,0,6,0,0,0,0,0,0,0,5,1,0,0,1
10/17/2025 18:30,0,0,0,7,0,0,0,0,1,0,0,1,0,0,0,0,13,0,0,0,1
10/17/2025 18:31,0,0,0,0,0,0,0,0,0,0,0,0,0,0,0,0,33,0,0,0,1
10/17/2025 18:32,0,0,0,1,0,0,0,0,0,0,0,0,0,0,0,0,12,0,0,0,1
10/17/2025 18:33,0,0,0,0,0,0,0,0,0,0,0,0,0,0,0,0,2,0,0,0,1
10/17/2025 18:34,0,0,0,0,0,0,0,0,0,0,0,0,0,0,0,0,1,0,0,0,1
10/17/2025 18:35,0,0,0,0,0,0,0,0,0,0,0,0,0,0,0,0,13,0,0,0,1
10/17/2025 18:36,0,0,0,1,1,0,0,0,0,0,0,0,0,0,0,0,17,0,0,0,1
10/17/2025 18:37,0,0,0,0,0,0,0,0,0,0,0,0,0,0,0,0,0,0,0,0,1
10/17/2025 18:38,0,0,0,0,0,0,0,0,0,0,0,0,0,0,0,0,1,0,0,0,1
10/17/2025 18:39,0,0,0,0,0,0,0,0,0,0,1,0,0,0,0,0,0,0,0,0,1
10/17/2025 18:40,0,0,0,0,0,0,0,0,0,0,0,0,0,0,0,0,0,0,0,0,1
10/17/2025 18:41,0,0,0,0,0,0,0,0,0,0,0,0,0,0,0,0,0,0,0,0,1
10/17/2025 18:42,0,0,0,0,0,0,0,0,0,0,0,0,0,0,0,0,0,0,0,0,1
10/17/2025 18:43,0,0,0,0,0,0,0,0,0,0,0,0,0,0,0,0,0,0,0,0,1
10/17/2025 18:44,0,0,0,0,0,0,0,0,0,0,0,0,0,0,0,0,0,0,0,0,1
10/17/2025 18:45,0,0,0,0,0,0,0,0,0,0,0,0,0,0,0,0,0,0,0,0,1
10/17/2025 18:46,0,0,0,0,0,0,0,0,0,0,0,0,0,0,0,0,0,0,0,0,1
10/17/2025 18:47,0,0,5,0,2,0,0,0,0,0,0,0,0,0,0,0,1,0,0,0,1
10/17/2025 18:48,0,0,1,4,1,0,0,0,0,5,0,0,0,0,0,0,0,0,0,0,1
10/17/2025 18:49,0,0,1,0,2,0,0,0,0,0,0,0,0,0,0,0,0,0,0,0,1
10/17/2025 18:50,0,0,0,0,0,0,0,0,0,0,0,0,0,0,0,0,0,0,0,0,1
10/17/2025 18:51,0,0,0,0,0,0,0,0,0,0,0,0,0,0,0,0,0,0,0,0,1
10/17/2025 18:52,0,0,0,0,0,0,0,0,0,0,0,0,0,0,0,0,0,0,0,0,1
10/17/2025 18:53,0,0,0,0,0,0,0,0,0,0,0,0,0,0,0,0,0,0,0,0,1
10/17/2025 18:54,0,0,0,0,0,0,0,0,0,0,0,0,0,0,0,0,0,0,0,0,1
10/17/2025 18:55,0,0,0,0,0,0,0,0,0,0,0,0,0,0,0,0,0,0,0,0,1
10/17/2025 18:56,0,0,0,0,0,0,0,0,0,0,0,0,0,0,0,0,0,0,0,0,1
10/17/2025 18:57,0,0,0,0,0,0,0,0,0,0,0,0,0,0,0,0,0,0,0,0,1
10/17/2025 18:58,0,0,0,0,0,0,0,0,0,0,0,0,0,0,0,0,0,0,0,0,1
10/17/2025 18:59,0,0,0,0,0,0,0,0,0,0,0,0,0,0,0,0,0,0,0,0,1
10/17/2025 19:00,0,0,0,0,0,0,0,0,0,0,0,0,0,0,0,0,0,0,0,0,1
10/17/2025 19:01,0,0,0,0,0,0,0,0,0,0,0,0,0,0,0,0,0,0,0,0,1
10/17/2025 19:02,0,0,0,0,0,0,0,0,0,0,0,0,0,0,0,0,0,0,5,0,1
10/17/2025 19:03,0,0,0,0,0,0,0,0,0,0,0,0,0,0,0,0,0,0,0,0,1
10/17/2025 19:04,0,0,0,0,0,0,0,0,0,0,0,0,0,0,0,0,0,0,1,0,1
10/17/2025 19:05,0,0,0,0,0,1,0,0,0,0,0,0,0,0,0,1,0,1,0,0,1
10/17/2025 19:06,0,0,0,0,0,3,0,0,0,0,0,4,0,0,0,0,0,0,0,0,1
10/17/2025 19:07,0,0,0,0,0,13,0,0,0,0,0,3,0,0,0,0,1,0,0,0,1
10/17/2025 19:08,0,0,0,0,0,4,0,0,0,0,0,0,0,0,0,0,1,0,0,0,1
10/17/2025 19:09,0,0,0,0,0,7,0,0,1,0,0,0,0,0,0,0,0,0,0,0,1
10/17/2025 19:10,0,0,0,0,0,0,0,0,4,0,0,0,0,0,0,0,0,0,0,0,1
10/17/2025 19:11,0,0,0,0,0,0,0,0,0,0,0,0,0,0,0,0,0,0,0,0,1
10/17/2025 19:12,0,0,0,0,0,0,0,0,0,0,0,0,0,0,0,0,0,0,0,0,1
10/17/2025 19:13,0,0,0,0,0,0,0,0,0,0,6,0,0,0,0,0,0,0,0,0,1
10/17/2025 19:14,0,0,0,0,0,0,0,1,0,0,0,0,0,0,0,0,0,0,0,0,1
10/17/2025 19:15,0,0,0,0,0,0,0,0,0,0,0,0,1,0,0,0,0,0,0,0,1
10/17/2025 19:16,0,0,0,0,0,0,0,0,0,0,0,0,0,0,0,0,0,0,0,0,1
10/17/2025 19:17,0,0,0,0,0,3,0,0,0,0,0,0,0,1,0,0,0,0,0,0,1
10/17/2025 19:18,0,0,0,0,0,0,0,0,0,0,0,0,0,4,0,0,0,0,0,0,1
10/17/2025 19:19,0,0,0,0,0,0,0,0,0,0,0,0,0,0,0,0,0,0,0,0,1
10/17/2025 19:20,0,0,0,0,0,0,0,0,0,1,0,0,0,0,0,0,0,0,0,0,1
10/17/2025 19:21,0,0,0,0,0,0,0,0,0,0,3,0,0,0,0,0,0,0,0,0,1
10/17/2025 19:22,0,0,0,1,0,0,0,0,0,1,1,0,0,0,0,0,0,0,0,0,1
10/17/2025 19:23,0,0,0,0,0,0,0,0,0,0,4,0,0,0,0,0,0,0,0,0,1
10/17/2025 19:24,0,0,0,0,0,0,0,0,0,0,0,0,0,0,0,0,0,0,0,0,1
10/17/2025 19:25,0,0,0,0,0,0,0,0,0,0,0,0,0,0,0,0,0,0,0,0,1
10/17/2025 19:26,0,0,0,0,0,0,0,0,0,0,0,0,0,0,0,0,0,0,0,0,1
10/17/2025 19:27,0,0,0,0,0,0,0,0,0,0,0,0,0,0,0,0,0,0,0,0,1
10/17/2025 19:28,0,0,0,0,0,0,0,0,2,0,0,0,0,0,0,0,0,0,0,0,1
10/17/2025 19:29,0,0,0,0,0,0,0,0,3,0,0,0,0,0,0,0,0,0,0,0,1
10/17/2025 19:30,0,0,0,0,0,0,0,0,0,0,0,0,0,0,0,0,0,0,0,0,1
10/17/2025 19:31,0,0,0,0,0,0,0,0,0,0,0,0,0,0,0,0,0,0,0,0,1
10/17/2025 19:32,0,0,0,0,0,0,0,0,0,0,0,0,0,0,0,0,0,0,0,0,1
10/17/2025 19:33,0,0,4,0,0,0,0,0,0,0,0,0,0,0,0,0,0,0,0,0,1
10/17/2025 19:34,0,0,3,1,0,0,0,0,0,0,0,0,0,0,0,0,0,0,0,0,1
10/17/2025 19:35,0,0,2,0,0,0,0,0,0,0,0,0,0,0,0,0,0,0,0,0,1
10/17/2025 19:36,0,0,2,0,0,0,5,0,0,0,0,0,0,0,0,0,0,0,0,0,1
10/17/2025 19:37,0,0,0,0,0,8,3,0,0,0,0,0,0,0,0,0,0,0,6,0,1
10/17/2025 19:38,0,0,0,0,0,20,0,0,0,0,0,0,0,0,0,0,0,0,1,0,1
10/17/2025 19:39,0,0,4,0,0,0,0,0,0,0,0,0,0,0,0,0,1,0,2,0,1
10/17/2025 19:40,0,0,7,0,0,0,0,0,0,0,0,0,0,0,0,0,0,0,0,0,1
10/17/2025 19:41,0,0,0,0,0,0,0,0,0,0,0,0,0,0,0,0,0,0,0,0,1
10/17/2025 19:42,0,0,0,0,0,0,0,0,0,0,0,0,0,0,0,0,0,0,0,0,1
10/17/2025 19:43,0,0,0,0,0,0,0,0,0,0,0,0,0,0,0,0,0,0,0,0,1
10/17/2025 19:44,0,0,0,0,0,0,0,0,0,0,0,2,0,0,0,0,0,0,0,0,1
10/17/2025 19:45,0,0,0,0,0,3,0,0,0,0,0,0,0,0,0,0,0,0,0,0,1
10/17/2025 19:46,0,0,0,0,0,9,0,0,0,0,0,0,0,0,0,0,0,0,0,0,1
10/17/2025 19:47,0,0,0,0,0,5,0,0,0,0,0,0,0,0,0,0,0,0,0,0,1
10/17/2025 19:48,0,0,0,0,0,4,0,0,0,0,0,0,0,0,0,0,0,0,0,0,1
10/17/2025 19:49,0,0,0,0,0,6,0,0,0,0,0,0,0,0,0,0,0,0,0,0,1
10/17/2025 19:50,0,0,0,0,0,9,0,0,0,0,0,0,0,0,0,0,0,0,0,0,1
10/17/2025 19:51,0,0,0,0,0,13,0,0,0,0,0,0,0,0,0,0,0,0,0,0,1
10/17/2025 19:52,0,0,0,0,0,11,0,0,0,0,0,0,0,0,0,0,0,0,0,0,1
10/17/2025 19:53,0,0,0,0,0,3,0,0,0,0,0,0,0,0,0,0,0,0,0,0,1
10/17/2025 19:54,0,0,0,0,0,3,0,0,0,0,0,0,0,0,0,0,4,1,0,0,1
10/17/2025 19:55,0,0,0,0,0,6,0,0,0,0,0,0,0,0,0,0,4,0,0,0,1
10/17/2025 19:56,0,0,0,0,0,2,2,0,0,0,0,0,0,0,0,0,0,0,0,0,1
10/17/2025 19:57,0,0,0,0,0,6,0,0,5,0,0,0,0,0,0,0,0,1,0,0,1
10/17/2025 19:58,0,0,0,0,0,1,0,0,0,0,0,0,0,0,0,0,0,2,0,0,1
10/17/2025 19:59,0,0,0,0,0,2,0,0,0,0,0,0,0,0,0,0,0,0,0,0,1
10/17/2025 20:00,0,0,0,0,0,0,0,0,0,0,0,9,0,0,0,0,1,9,0,0,0
10/17/2025 20:01,0,0,0,0,7,0,0,0,0,0,0,1,0,0,0,0,0,0,0,0,0
10/17/2025 20:02,0,0,0,0,0,0,0,0,0,0,0,5,0,0,0,0,0,0,0,0,0
10/17/2025 20:03,0,0,0,0,0,1,0,0,0,0,0,0,0,0,0,0,0,0,0,0,0
10/17/2025 20:04,0,0,0,0,0,1,0,3,0,1,0,0,0,0,0,0,0,0,0,0,0
10/17/2025 20:05,6,0,0,0,0,1,11,0,0,0,0,0,3,0,0,0,0,0,0,0,0
10/17/2025 20:06,3,0,0,0,0,0,3,1,0,0,0,0,0,0,0,0,0,0,0,0,0
10/17/2025 20:07,0,0,14,0,0,0,0,0,0,0,0,0,0,0,0,0,0,0,1,0,0
10/17/2025 20:08,5,0,3,0,0,0,1,0,0,0,0,0,0,0,0,0,0,0,0,0,0
10/17/2025 20:09,10,0,3,0,0,0,0,0,0,0,0,0,0,0,0,0,0,0,0,0,0
10/17/2025 20:10,0,0,0,0,0,0,0,0,0,0,6,15,0,0,0,7,4,0,0,1,0
10/17/2025 20:11,0,0,0,0,0,0,0,0,0,0,0,0,0,0,0,0,0,0,0,11,0
10/17/2025 20:12,0,0,0,0,0,0,0,0,0,0,0,3,0,0,0,0,0,0,13,6,0
10/17/2025 20:13,4,0,0,0,0,0,0,0,0,0,0,0,0,0,0,0,4,0,5,0,0
10/17/2025 20:14,23,0,0,6,0,0,0,0,0,0,0,0,0,0,0,0,0,0,0,0,0
10/17/2025 20:15,0,0,0,19,0,0,0,0,0,0,0,0,0,0,0,0,0,0,0,0,0
10/17/2025 20:16,0,0,4,0,0,0,0,0,0,0,0,0,0,0,0,0,1,0,0,0,0
10/17/2025 20:17,0,0,0,0,0,0,0,0,0,0,0,0,0,0,0,0,11,0,0,0,0
10/17/2025 20:18,0,0,0,0,0,0,0,0,0,0,0,0,0,0,0,0,5,0,0,0,0
10/17/2025 20:19,0,0,0,0,0,0,0,0,0,0,0,0,0,0,0,0,5,0,0,0,0
10/17/2025 20:20,0,0,0,0,0,0,0,0,0,0,0,0,0,0,0,0,1,0,0,0,0
10/17/2025 20:21,0,0,0,0,0,0,0,0,0,0,0,0,0,0,0,3,0,0,0,0,0
10/17/2025 20:22,0,0,0,0,0,0,0,0,0,8,0,0,0,0,0,0,0,0,13,0,0
10/17/2025 20:23,0,0,0,0,0,0,0,0,0,4,0,0,0,0,0,0,0,0,12,0,0
10/17/2025 20:24,0,0,0,0,0,16,0,0,0,0,0,0,0,0,0,0,0,0,6,0,0
10/17/2025 20:25,0,0,0,0,0,0,0,0,0,0,0,0,0,0,0,0,0,0,5,0,0
10/17/2025 20:26,1,0,0,0,7,2,0,0,0,0,0,0,4,0,0,0,0,0,6,0,0
10/17/2025 20:27,2,0,0,0,13,1,0,0,0,0,0,0,0,0,0,0,0,0,8,0,0
10/17/2025 20:28,12,0,0,0,5,0,0,0,0,0,0,0,0,0,0,0,0,0,7,0,0
10/17/2025 20:29,7,0,0,0,0,0,0,0,0,0,0,0,0,0,0,0,0,0,8,0,0
10/17/2025 20:30,0,0,0,0,0,0,0,0,0,0,0,0,0,0,0,0,0,0,0,0,0
10/17/2025 20:31,0,0,0,0,0,0,0,0,0,0,0,0,0,0,0,0,0,0,6,0,0
10/17/2025 20:32,0,0,0,0,0,0,0,0,0,0,0,0,0,2,0,0,0,0,11,0,0
10/17/2025 20:33,0,0,0,0,0,0,0,0,0,0,0,0,0,0,0,0,0,0,4,0,0
10/17/2025 20:34,0,0,0,0,0,0,0,0,0,0,0,0,0,0,0,0,0,0,0,0,0
10/17/2025 20:35,0,0,1,0,0,0,0,0,0,0,0,0,0,0,0,0,0,0,0,0,0
10/17/2025 20:36,0,0,0,0,0,0,0,0,0,0,3,0,0,0,0,0,0,0,0,0,0
10/17/2025 20:37,0,0,0,0,0,0,0,0,0,0,8,0,0,0,0,0,0,2,0,0,0
10/17/2025 20:38,0,0,0,0,0,0,0,0,14,0,4,0,0,0,0,0,0,0,0,0,0
10/17/2025 20:39,0,0,0,0,0,0,0,0,0,0,3,0,0,0,0,0,0,0,0,0,0
10/17/2025 20:40,0,0,0,0,0,0,0,0,0,0,8,0,0,0,3,0,0,6,0,0,0
10/17/2025 20:41,0,0,0,0,0,0,0,0,0,0,0,0,0,5,0,0,0,12,0,0,0
10/17/2025 20:42,0,0,0,0,0,0,0,0,0,0,0,0,0,2,0,0,0,0,0,0,0
10/17/2025 20:43,0,0,0,0,0,0,0,0,0,0,0,0,0,0,0,0,0,0,0,0,0
10/17/2025 20:44,0,0,0,0,0,5,2,5,0,0,0,0,0,9,0,0,0,0,0,0,0
10/17/2025 20:45,0,0,0,0,0,0,0,4,0,0,0,0,0,0,0,0,0,0,0,0,0
10/17/2025 20:46,0,0,0,0,0,6,0,1,0,0,0,0,0,0,0,3,0,0,0,0,0
10/17/2025 20:47,0,0,0,0,0,0,0,0,0,0,0,0,0,0,0,1,0,0,0,0,0
10/17/2025 20:48,0,0,0,0,0,0,0,0,0,0,0,0,0,0,0,0,0,0,0,0,0
10/17/2025 20:49,0,0,0,0,0,0,0,0,0,0,0,0,0,0,0,0,0,0,0,0,0
10/17/2025 20:50,6,0,0,0,0,0,0,0,0,0,0,0,0,0,2,0,0,0,0,0,0
10/17/2025 20:51,14,0,0,0,0,0,0,0,0,0,0,0,0,0,0,0,0,0,0,0,0
10/17/2025 20:52,0,0,4,0,0,0,0,0,0,0,0,0,0,0,0,0,0,0,0,0,0
10/17/2025 20:53,4,0,0,0,0,0,0,1,0,0,0,0,0,0,0,0,0,0,0,0,0
10/17/2025 20:54,0,0,0,0,0,0,6,10,0,0,0,0,0,0,0,7,0,0,0,0,0
10/17/2025 20:55,0,0,7,0,0,0,16,3,0,0,0,0,0,0,0,0,0,0,0,0,0
10/17/2025 20:56,0,0,5,0,0,0,6,0,0,0,0,0,0,0,0,0,0,0,0,0,0
10/17/2025 20:57,0,0,2,0,0,0,2,0,0,0,0,0,0,0,0,0,0,0,0,0,0
10/17/2025 20:58,0,0,0,0,0,0,2,12,0,0,0,0,0,0,0,1,0,0,0,0,0
10/17/2025 20:59,0,0,0,0,0,0,2,5,0,0,0,0,0,6,0,0,0,0,0,0,0
10/17/2025 21:00,0,0,0,0,0,0,2,2,0,0,0,0,0,6,0,0,0,0,0,0,0
10/17/2025 21:01,0,0,0,0,0,0,1,0,0,0,0,0,0,0,0,0,0,0,0,0,0
10/17/2025 21:02,0,0,0,0,0,0,0,0,0,0,0,0,0,0,0,0,0,0,0,0,0
10/17/2025 21:03,0,0,0,0,0,0,0,0,0,0,0,0,0,0,0,0,0,0,0,0,0
10/17/2025 21:04,0,0,0,0,0,0,0,0,0,0,0,0,0,0,0,0,0,2,0,0,0
10/17/2025 21:05,0,0,0,1,0,0,0,0,0,0,0,0,0,0,0,0,0,0,0,0,0
10/17/2025 21:06,0,0,0,0,0,0,0,0,0,0,0,0,0,0,0,0,0,0,0,0,0
10/17/2025 21:07,0,0,0,0,0,0,0,0,0,0,0,0,0,0,0,0,0,0,0,0,0
10/17/2025 21:08,0,0,0,0,1,0,0,0,0,0,0,0,0,0,0,0,0,0,0,0,0
10/17/2025 21:09,0,0,0,0,0,0,0,0,0,0,0,0,0,0,0,0,0,0,0,0,0
10/17/2025 21:10,0,0,0,0,0,0,0,0,0,0,0,0,5,0,0,5,0,0,0,0,0
10/17/2025 21:11,0,0,0,0,0,0,0,0,0,0,0,1,6,0,0,0,0,0,0,0,0
10/17/2025 21:12,0,0,0,0,0,0,0,0,0,0,0,6,0,0,0,0,0,0,0,0,0
10/17/2025 21:13,0,0,0,0,0,0,0,0,0,0,0,3,3,0,0,0,0,0,0,0,0
10/17/2025 21:14,0,0,0,0,0,0,0,0,0,0,0,0,0,0,0,0,0,0,0,0,0
10/17/2025 21:15,0,0,0,0,0,0,0,0,0,0,0,0,0,0,8,0,0,0,0,1,0
10/17/2025 21:16,0,0,0,0,0,0,0,0,0,0,0,0,0,0,5,0,0,0,0,0,0
10/17/2025 21:17,0,0,0,9,0,0,0,0,0,0,0,0,0,0,0,0,0,0,0,0,0
10/17/2025 21:18,0,0,0,0,0,0,0,0,0,0,0,0,0,0,0,0,0,0,0,0,0
10/17/2025 21:19,0,0,0,0,0,0,0,0,3,0,0,0,0,0,0,0,0,0,0,0,0
10/17/2025 21:20,0,0,0,0,0,0,0,0,5,0,0,0,0,0,0,0,0,0,0,0,0
10/17/2025 21:21,0,0,0,0,0,0,0,0,0,0,0,0,0,0,0,0,0,0,0,0,0
10/17/2025 21:22,0,0,0,0,0,0,0,0,0,0,0,0,0,0,0,0,0,0,0,0,0
10/17/2025 21:23,5,0,0,0,0,0,0,0,0,0,0,0,0,0,0,0,0,0,0,0,0
10/17/2025 21:24,10,0,0,0,0,0,0,0,0,0,0,0,0,0,0,0,0,0,0,0,0
10/17/2025 21:25,6,0,0,0,0,0,0,0,0,0,0,0,0,0,0,0,0,0,0,0,0
10/17/2025 21:26,8,0,0,0,0,0,0,0,0,0,0,0,0,0,0,0,0,0,0,0,0
10/17/2025 21:27,9,0,0,0,0,0,0,0,0,0,0,0,0,0,0,0,0,0,0,0,0
10/17/2025 21:28,15,0,0,0,0,0,0,0,0,0,0,0,0,0,0,0,0,0,0,0,0
10/17/2025 21:29,0,0,0,0,0,0,0,0,0,0,0,0,0,0,0,0,0,0,0,0,0
10/17/2025 21:30,0,0,0,0,0,0,0,0,0,0,0,0,0,0,0,0,0,0,0,0,0
10/17/2025 21:31,0,0,0,0,0,0,0,0,0,0,0,0,0,0,0,0,0,0,0,0,0
10/17/2025 21:32,0,0,0,0,0,0,0,0,0,0,0,0,0,0,0,0,0,0,0,0,0
10/17/2025 21:33,0,0,0,0,0,0,0,0,0,0,0,0,0,0,0,0,0,0,0,0,0
10/17/2025 21:34,0,0,0,0,0,0,0,0,0,0,0,0,0,0,0,0,0,0,0,0,0
10/17/2025 21:35,0,0,0,0,0,0,0,0,0,0,0,0,0,0,0,0,0,0,0,0,0
10/17/2025 21:36,0,0,0,0,0,0,0,0,0,0,0,0,0,0,0,0,0,0,0,0,0
10/17/2025 21:37,0,0,0,0,0,0,0,0,0,0,0,0,0,0,0,0,0,0,0,0,0
10/17/2025 21:38,0,0,0,0,0,0,0,0,0,0,0,0,0,0,0,0,0,0,4,0,0
10/17/2025 21:39,0,0,0,0,0,0,0,0,0,0,0,0,0,0,0,0,0,0,0,0,0
10/17/2025 21:40,0,0,0,0,0,0,0,0,0,0,0,0,0,0,0,0,0,0,0,0,0
10/17/2025 21:41,0,0,0,0,0,0,0,0,0,0,0,0,0,0,0,0,0,0,0,0,0
10/17/2025 21:42,0,0,0,0,0,0,0,0,0,0,0,0,0,0,0,0,0,5,0,0,0
10/17/2025 21:43,0,0,0,5,0,0,0,0,0,0,7,0,0,0,0,0,0,8,0,0,0
10/17/2025 21:44,0,0,0,0,0,0,0,0,0,0,3,0,0,0,0,0,0,9,0,3,0
10/17/2025 21:45,0,0,0,0,0,0,0,0,0,0,0,0,1,0,0,0,0,0,0,10,0
10/17/2025 21:46,0,0,0,0,0,0,0,0,0,0,7,0,0,0,0,0,0,2,0,0,0
10/17/2025 21:47,0,0,0,0,0,0,0,0,0,0,0,0,0,0,0,0,0,7,0,0,0
10/17/2025 21:48,0,0,0,0,0,0,0,0,0,0,0,0,0,0,0,0,0,5,0,0,0
10/17/2025 21:49,0,0,0,0,0,0,0,0,0,0,0,0,0,0,0,0,0,3,0,0,0
10/17/2025 21:50,0,0,0,0,0,0,1,0,0,0,0,0,0,0,0,0,0,3,0,0,0
10/17/2025 21:51,0,0,0,0,0,0,0,0,0,0,0,0,0,0,0,0,0,1,0,0,0
10/17/2025 21:52,0,0,0,0,0,0,0,0,0,0,0,0,1,0,0,0,0,3,0,0,0
10/17/2025 21:53,0,0,0,0,0,0,0,0,0,0,0,0,0,0,0,0,0,2,0,0,0
10/17/2025 21:54,0,0,0,0,0,0,0,0,0,0,0,0,0,0,0,0,0,0,0,0,0
10/17/2025 21:55,0,0,0,0,0,0,0,0,0,0,0,0,0,0,0,0,0,0,0,0,0
10/17/2025 21:56,0,0,0,3,0,0,0,0,0,0,0,0,1,0,0,0,0,0,0,0,0
10/17/2025 21:57,0,0,0,0,0,0,0,0,0,0,0,0,0,0,0,0,0,0,0,0,0
10/17/2025 21:58,0,0,0,5,0,0,0,0,0,0,0,0,0,0,0,0,0,0,0,0,0
10/17/2025 21:59,0,0,0,0,0,0,0,0,0,0,0,0,0,0,0,0,0,0,0,0,0
10/17/2025 22:00,0,0,0,0,0,0,0,0,0,0,0,0,0,0,0,0,0,0,0,0,0
10/17/2025 22:01,0,0,0,0,0,0,0,0,0,0,0,0,0,0,0,0,0,0,0,0,0
10/17/2025 22:02,0,0,0,10,0,0,0,0,0,0,0,0,0,0,0,0,0,0,0,0,0
10/17/2025 22:03,0,0,0,0,0,0,0,0,0,0,0,0,0,0,0,0,0,0,0,0,0
10/17/2025 22:04,0,0,0,0,0,0,0,0,0,0,0,0,0,0,0,7,0,0,0,0,0
10/17/2025 22:05,0,0,0,0,0,0,0,0,0,0,0,0,0,0,0,4,0,0,0,0,0
10/17/2025 22:06,0,0,0,0,0,0,0,0,0,6,0,0,0,0,0,0,0,0,0,0,0
10/17/2025 22:07,0,0,0,0,0,0,0,0,0,9,0,0,0,0,0,0,0,2,0,0,0
10/17/2025 22:08,0,0,0,0,0,0,0,0,0,0,0,0,0,0,0,0,0,0,0,0,0
10/17/2025 22:09,0,0,0,0,0,0,2,0,0,0,0,0,0,0,0,0,0,0,0,0,0
10/17/2025 22:10,0,0,0,0,0,6,0,0,0,0,0,0,0,0,0,0,0,0,0,0,0
10/17/2025 22:11,0,0,0,0,0,0,0,0,0,0,0,0,0,0,0,0,0,5,0,0,0
10/17/2025 22:12,0,0,0,4,0,0,0,0,0,0,0,0,0,0,0,0,0,0,0,0,0
10/17/2025 22:13,0,0,0,0,0,0,0,0,0,0,0,0,0,0,0,0,0,0,0,0,0
10/17/2025 22:14,0,0,0,0,0,0,0,0,0,0,0,0,0,0,0,0,0,0,0,0,0
10/17/2025 22:15,0,0,0,0,0,0,0,0,0,0,0,0,0,0,0,0,0,0,0,0,0
10/17/2025 22:16,0,0,0,0,0,0,0,0,0,0,0,0,0,0,0,0,0,0,0,0,0
10/17/2025 22:17,0,0,0,0,5,0,0,0,0,0,0,0,0,0,0,0,0,0,0,0,0
10/17/2025 22:18,0,0,0,0,0,0,0,0,0,0,0,0,0,0,0,0,0,0,0,0,0
10/17/2025 22:19,0,0,0,0,0,0,0,0,0,0,0,0,0,0,0,0,0,0,0,0,0
10/17/2025 22:20,0,0,0,0,0,0,0,0,0,0,0,0,0,0,0,0,0,0,0,0,0
10/17/2025 22:21,0,0,0,0,0,0,0,0,0,0,0,0,0,0,0,0,0,0,0,0,0
10/17/2025 22:22,0,0,0,0,0,0,0,0,0,0,0,0,0,0,0,0,0,0,0,0,0
10/17/2025 22:23,0,0,0,0,0,0,0,0,0,0,0,0,0,0,0,0,0,0,0,0,0
10/17/2025 22:24,0,0,0,0,0,0,0,0,0,0,0,0,0,0,0,0,0,0,0,0,0
10/17/2025 22:25,0,0,0,0,0,6,0,0,0,0,0,3,1,0,0,0,0,0,0,0,0
10/17/2025 22:26,0,0,0,1,0,6,0,0,0,0,0,2,0,0,0,0,0,0,4,0,0
10/17/2025 22:27,0,0,0,10,0,2,0,0,0,0,0,9,0,0,0,0,14,0,9,0,0
10/17/2025 22:28,0,0,0,3,0,2,0,0,0,0,0,0,0,0,0,0,0,0,0,0,0
10/17/2025 22:29,0,0,0,0,0,3,0,0,0,0,0,0,0,0,0,0,0,0,0,0,0
10/17/2025 22:30,0,0,0,0,0,0,0,0,0,0,0,0,0,0,0,0,0,0,0,0,0
10/17/2025 22:31,0,0,0,0,0,0,0,0,0,0,0,0,0,0,0,0,0,0,0,0,0
10/17/2025 22:32,0,0,0,0,0,0,0,0,0,0,0,0,0,0,0,0,0,0,0,0,0
10/17/2025 22:33,0,0,0,0,0,0,0,0,0,0,0,0,0,0,0,0,0,0,0,0,0
10/17/2025 22:34,0,0,0,0,0,0,0,0,0,0,0,0,0,0,0,0,1,0,0,0,0
10/17/2025 22:35,0,0,0,0,0,0,0,0,0,0,0,0,0,0,0,0,10,0,0,0,0
10/17/2025 22:36,0,0,0,0,0,0,0,0,0,0,0,0,0,0,0,0,0,0,0,0,0
10/17/2025 22:37,0,0,0,0,0,0,0,0,0,0,0,0,0,0,0,0,0,0,0,0,0
10/17/2025 22:38,0,0,0,0,0,0,0,0,0,0,0,0,0,0,0,0,4,0,0,0,0
10/17/2025 22:39,0,0,0,0,0,0,0,0,0,0,0,0,0,0,0,0,7,0,0,0,0
10/17/2025 22:40,0,0,0,0,0,0,0,0,0,0,0,0,0,0,0,0,3,0,0,0,0
10/17/2025 22:41,0,0,0,0,0,0,0,0,0,0,0,0,0,0,0,0,4,0,0,0,0
10/17/2025 22:42,0,0,0,0,0,0,0,0,0,0,0,0,0,0,0,0,1,0,0,0,0
10/17/2025 22:43,0,0,0,0,0,0,3,0,0,0,0,0,0,0,0,0,0,0,0,0,0
10/17/2025 22:44,0,0,0,0,0,0,0,0,0,0,0,0,0,0,0,0,0,0,0,0,0
10/17/2025 22:45,0,0,0,0,0,0,0,0,0,0,0,0,0,0,0,0,0,0,0,0,0
10/17/2025 22:46,0,0,0,0,0,0,0,0,0,0,0,0,4,0,0,0,0,0,0,0,0
10/17/2025 22:47,2,0,0,0,0,0,0,0,0,0,0,0,0,0,0,0,0,0,0,0,0
10/17/2025 22:48,0,0,0,0,0,0,0,0,0,0,0,0,2,0,0,0,0,0,0,0,0
10/17/2025 22:49,0,0,0,0,0,0,0,0,0,0,0,0,0,0,0,0,2,0,0,0,0
10/17/2025 22:50,0,0,0,0,0,0,0,0,0,0,0,0,0,0,0,0,0,0,0,0,0
10/17/2025 22:51,0,0,0,0,0,0,0,0,0,0,0,0,0,0,0,0,0,0,0,0,0
10/17/2025 22:52,0,0,0,0,0,0,0,0,0,0,0,0,0,0,0,0,0,0,0,0,0
10/17/2025 22:53,0,0,0,0,0,0,0,0,0,0,0,0,0,0,0,0,0,0,0,0,0
10/17/2025 22:54,0,0,0,0,1,0,0,0,0,0,0,0,0,0,0,0,0,0,0,0,0
10/17/2025 22:55,0,0,0,0,1,0,0,0,0,0,0,0,0,0,0,0,0,0,0,0,0
10/17/2025 22:56,0,0,0,0,0,0,0,0,0,0,0,0,0,0,0,0,0,0,0,0,0
10/17/2025 22:57,0,0,0,0,0,0,0,0,0,0,0,0,0,0,0,0,0,0,0,0,0
10/17/2025 22:58,0,0,0,0,0,0,0,0,0,0,0,0,0,0,0,0,0,0,0,0,0
10/17/2025 22:59,0,0,0,0,0,0,0,0,0,0,0,0,0,0,0,0,0,0,0,0,0
10/17/2025 23:00,0,0,0,0,0,0,0,0,0,0,8,0,0,0,0,0,0,0,3,0,0
10/17/2025 23:01,0,0,0,0,0,0,0,0,0,0,0,0,0,0,0,0,0,0,0,0,0
10/17/2025 23:02,0,0,0,0,0,0,0,0,0,0,0,2,0,0,0,0,0,0,0,0,0
10/17/2025 23:03,0,0,0,0,0,0,0,0,0,0,0,8,0,0,0,0,0,0,0,0,0
10/17/2025 23:04,0,0,0,0,0,0,0,0,0,0,0,6,0,0,0,0,0,0,0,0,0
10/17/2025 23:05,0,0,0,0,0,0,0,0,0,0,0,1,0,0,0,0,0,0,0,0,0
10/17/2025 23:06,0,0,0,0,1,0,0,0,0,0,0,0,0,0,0,0,0,0,0,0,0
10/17/2025 23:07,0,0,0,1,0,0,0,0,0,0,10,0,0,0,0,0,0,0,0,0,0
10/17/2025 23:08,0,0,0,0,0,0,0,0,0,0,9,0,0,0,0,0,0,0,0,0,0
10/17/2025 23:09,0,0,0,0,0,0,0,0,0,0,6,0,0,0,0,0,0,0,0,0,0
10/17/2025 23:10,0,0,0,0,0,0,0,0,0,0,5,0,0,0,0,0,0,0,0,0,0
10/17/2025 23:11,0,0,0,0,0,0,0,0,0,0,0,0,0,0,0,0,0,0,0,0,0
10/17/2025 23:12,0,0,0,0,0,0,0,0,0,0,0,0,0,0,0,0,0,0,0,0,0
10/17/2025 23:13,0,0,0,0,0,0,0,0,0,0,6,0,0,0,0,0,0,0,0,0,0
10/17/2025 23:14,0,0,0,0,0,0,0,0,0,0,2,0,0,0,0,0,0,0,0,0,0
10/17/2025 23:15,0,0,0,0,0,0,0,0,0,0,6,0,0,0,0,0,0,0,0,0,0
10/17/2025 23:16,0,0,0,0,0,0,0,0,0,0,3,0,0,0,0,0,0,0,0,0,0
10/17/2025 23:17,0,0,0,0,0,0,0,0,0,0,0,0,0,0,0,0,0,0,0,0,0
10/17/2025 23:18,0,0,0,0,0,0,0,0,0,0,0,0,0,0,0,0,0,0,0,0,0
10/17/2025 23:19,0,0,0,0,13,0,0,0,0,0,0,0,0,0,0,0,0,0,0,0,0
10/17/2025 23:20,0,0,0,0,13,0,0,0,0,0,0,0,0,0,0,0,0,0,0,0,0
10/17/2025 23:21,0,0,0,0,0,0,0,0,0,0,0,0,0,0,6,0,0,0,0,0,0
10/17/2025 23:22,0,0,0,0,0,0,0,0,0,0,0,0,0,0,0,0,0,0,0,0,0
10/17/2025 23:23,0,0,0,0,5,0,0,0,0,0,0,0,0,0,0,0,0,0,0,0,0
10/17/2025 23:24,0,0,0,0,11,0,0,0,0,0,0,0,0,0,0,0,0,0,0,0,0
10/17/2025 23:25,0,0,0,0,5,0,0,0,0,0,0,0,0,0,0,0,0,0,0,0,0
10/17/2025 23:26,0,0,0,0,0,0,0,0,0,0,0,0,0,0,0,0,0,0,0,0,0
10/17/2025 23:27,0,0,0,0,0,0,0,0,0,0,0,0,0,0,0,0,0,0,0,0,0
10/17/2025 23:28,0,0,0,0,0,0,0,0,0,0,0,0,0,0,0,0,0,0,0,0,0
10/17/2025 23:29,0,0,0,0,0,0,0,0,0,0,0,0,0,0,0,0,0,0,0,0,0
10/17/2025 23:30,0,0,0,0,0,0,0,0,0,0,0,0,0,0,0,0,0,0,0,0,0
10/17/2025 23:31,0,0,0,0,0,0,0,0,0,0,0,0,0,0,0,0,0,0,0,0,0
10/17/2025 23:32,0,0,0,0,0,0,0,0,0,0,0,0,0,0,0,0,0,0,0,0,0
10/17/2025 23:33,0,0,0,0,0,0,0,0,0,0,0,0,0,0,0,0,0,0,0,0,0
10/17/2025 23:34,0,0,0,0,0,0,0,0,0,0,0,0,0,0,0,0,0,1,0,0,0
10/17/2025 23:35,0,0,5,0,2,0,0,0,0,0,0,0,0,0,0,0,0,7,0,0,0
10/17/2025 23:36,0,0,0,0,0,0,0,0,0,0,0,0,0,0,0,0,0,0,0,0,0
10/17/2025 23:37,0,0,0,0,3,0,0,0,0,0,0,0,0,0,0,0,0,0,0,0,0
10/17/2025 23:38,0,0,0,0,2,0,0,0,0,0,0,0,0,0,0,0,0,0,0,0,0
10/17/2025 23:39,0,0,0,0,1,0,0,0,1,0,0,0,0,0,0,0,0,0,0,0,0
10/17/2025 23:40,0,0,0,6,2,0,0,0,1,0,0,0,0,0,0,0,0,0,0,0,0
10/17/2025 23:41,0,0,0,0,12,0,0,0,0,0,0,0,0,0,0,0,0,0,0,0,0
10/17/2025 23:42,0,0,0,0,7,0,0,0,11,0,0,0,0,0,0,0,0,0,0,0,0
10/17/2025 23:43,0,0,0,0,12,0,0,0,5,0,0,0,0,0,0,0,0,0,0,0,0
10/17/2025 23:44,0,0,0,0,15,0,0,0,0,0,0,0,0,0,0,0,0,0,0,0,0
10/17/2025 23:45,0,0,0,0,12,0,0,0,0,0,0,0,0,0,0,0,0,0,0,0,0
10/17/2025 23:46,0,0,0,0,2,0,0,0,0,0,0,0,0,0,0,0,0,0,0,0,0
10/17/2025 23:47,0,0,0,0,3,0,0,0,0,0,0,0,0,0,0,0,0,0,0,0,0
10/17/2025 23:48,0,0,0,0,11,0,0,0,0,0,0,0,0,0,0,0,0,0,0,0,0
10/17/2025 23:49,0,0,0,0,30,0,0,0,0,0,0,0,0,0,0,0,0,0,0,0,0
10/17/2025 23:50,0,0,0,0,21,0,0,0,0,0,0,0,0,0,0,0,0,0,0,0,0
10/17/2025 23:51,0,0,0,0,28,0,0,0,0,0,0,0,0,0,0,0,0,0,0,0,0
10/17/2025 23:52,0,0,0,0,12,0,0,0,0,0,0,0,0,0,0,0,0,0,0,0,0
10/17/2025 23:53,0,0,0,0,37,0,0,0,0,0,0,0,0,0,0,0,0,0,7,0,0
10/17/2025 23:54,0,0,0,0,20,0,0,0,0,0,0,0,0,0,0,0,0,0,1,0,0
10/17/2025 23:55,0,0,0,0,0,0,0,0,0,0,0,0,0,0,0,0,0,0,6,0,0
10/17/2025 23:56,0,0,0,0,0,0,0,0,0,0,0,0,0,0,0,0,0,0,4,0,0
10/17/2025 23:57,0,0,0,0,0,0,0,0,0,0,0,0,0,0,0,0,0,0,4,0,0
10/17/2025 23:58,0,0,0,0,0,0,0,0,0,0,0,0,0,0,0,0,0,0,5,0,0
10/17/2025 23:59,0,0,0,0,0,0,0,0,0,0,0,0,0,0,0,0,0,0,0,0,0
10/18/2025 0:00,0,0,0,0,0,0,0,0,0,0,0,0,0,0,0,0,0,0,3,0,0
10/18/2025 0:01,0,0,0,0,0,0,0,0,0,0,0,0,0,0,0,0,0,0,4,0,0
10/18/2025 0:02,1,0,0,3,0,0,0,0,0,0,0,0,0,0,0,0,0,0,0,0,0
10/18/2025 0:03,8,0,0,0,0,0,0,0,0,0,0,0,0,0,0,0,0,0,0,0,0
10/18/2025 0:04,1,0,0,0,0,0,0,0,0,0,0,0,0,0,0,0,0,0,0,0,0
10/18/2025 0:05,0,0,0,0,0,0,0,0,0,0,0,0,0,0,0,0,0,0,0,0,0
10/18/2025 0:06,0,0,0,0,0,0,0,0,0,0,0,0,0,0,0,0,0,0,0,0,0
10/18/2025 0:07,0,0,0,0,0,0,0,0,3,0,0,0,0,0,0,0,0,0,0,0,0
10/18/2025 0:08,0,0,0,0,0,0,0,0,1,0,0,0,0,0,0,0,0,0,0,0,0
10/18/2025 0:09,0,0,0,1,0,0,0,0,0,0,0,0,0,0,0,0,0,0,0,0,0
10/18/2025 0:10,0,0,0,0,0,0,0,0,0,0,0,0,0,0,0,0,0,0,0,0,0
10/18/2025 0:11,0,0,0,0,0,0,0,0,0,0,0,0,0,0,0,0,0,0,0,0,0
10/18/2025 0:12,0,0,0,0,0,0,0,0,0,0,0,0,0,0,0,0,0,0,0,0,0
10/18/2025 0:13,0,0,0,0,0,0,0,0,0,0,0,0,0,0,0,0,0,0,0,0,0
10/18/2025 0:14,0,0,0,0,0,0,0,0,0,0,0,0,0,0,0,0,0,0,0,0,0
10/18/2025 0:15,0,0,0,0,0,0,0,0,0,0,0,0,0,0,0,0,0,0,0,0,0
10/18/2025 0:16,0,0,0,0,0,0,0,0,0,0,0,0,0,0,0,0,0,3,0,0,0
10/18/2025 0:17,0,0,0,0,0,0,0,0,0,0,0,0,0,0,0,0,0,0,0,0,0
10/18/2025 0:18,0,0,0,0,0,0,0,0,0,0,0,0,0,0,0,0,0,0,0,0,0
10/18/2025 0:19,0,0,0,0,0,0,0,0,0,0,0,0,0,0,0,0,0,0,0,0,0
10/18/2025 0:20,0,0,0,0,0,0,0,0,0,0,0,0,0,0,0,0,0,0,0,0,0
10/18/2025 0:21,0,0,0,3,0,0,0,0,0,0,0,0,0,0,0,3,0,0,0,0,0
10/18/2025 0:22,0,0,0,0,0,0,0,0,0,0,0,0,0,0,0,1,0,0,0,0,0
10/18/2025 0:23,0,0,0,0,0,0,0,0,0,0,0,0,0,0,0,0,0,0,0,0,0
10/18/2025 0:24,0,0,0,0,0,0,0,0,0,0,0,0,0,0,0,0,0,0,0,0,0
10/18/2025 0:25,0,0,5,0,0,0,0,0,0,0,0,0,0,0,0,0,2,0,0,0,0
10/18/2025 0:26,0,0,0,0,0,0,1,0,0,0,0,0,0,0,10,0,0,0,0,0,0
10/18/2025 0:27,0,0,0,0,0,0,2,0,0,0,0,0,0,0,0,0,0,0,0,0,0
10/18/2025 0:28,0,0,0,0,0,0,5,0,0,0,0,0,0,0,0,0,0,0,0,0,0
10/18/2025 0:29,0,0,0,0,0,0,7,0,0,0,0,0,0,0,0,0,0,0,0,0,0
10/18/2025 0:30,0,0,0,0,0,0,6,0,0,0,0,0,0,0,0,0,0,0,0,0,0
10/18/2025 0:31,0,0,0,0,0,0,2,0,0,0,0,3,0,0,0,0,0,0,0,0,0
10/18/2025 0:32,0,0,0,0,0,0,0,0,0,0,0,6,0,0,0,0,0,0,0,0,0
10/18/2025 0:33,0,0,0,0,1,0,1,0,0,0,0,8,0,0,0,0,0,0,0,0,0
10/18/2025 0:34,0,0,0,0,0,0,3,0,0,0,0,0,0,0,0,0,0,0,0,0,0
10/18/2025 0:35,0,0,0,0,0,0,0,0,0,0,0,0,0,0,0,0,0,0,0,0,0
10/18/2025 0:36,0,0,0,0,0,0,0,0,0,0,0,7,0,0,0,0,0,0,0,0,0
10/18/2025 0:37,0,0,0,0,0,0,0,0,0,0,0,13,0,0,0,0,3,0,0,0,0
10/18/2025 0:38,0,0,0,0,0,0,1,0,0,0,0,1,0,0,0,0,4,0,0,0,0
10/18/2025 0:39,0,0,0,0,0,0,0,0,0,0,0,1,0,0,0,0,0,0,0,0,0
10/18/2025 0:40,0,0,0,0,0,0,0,0,0,0,0,0,0,0,0,0,1,0,0,0,0
10/18/2025 0:41,0,0,0,0,0,0,0,0,0,0,0,0,0,0,0,0,1,0,0,0,0
10/18/2025 0:42,0,0,0,0,0,0,0,0,0,0,0,0,0,0,0,0,1,0,0,0,0
10/18/2025 0:43,0,0,0,6,0,0,0,0,0,0,0,0,0,0,0,0,0,0,0,0,0
10/18/2025 0:44,0,0,0,7,0,0,0,0,0,0,0,0,0,0,0,0,0,0,0,0,0
10/18/2025 0:45,0,0,0,1,0,0,0,0,0,0,0,0,0,0,0,0,0,0,0,0,0
10/18/2025 0:46,0,0,0,5,0,0,0,0,0,0,0,0,0,0,0,0,0,0,0,0,0
10/18/2025 0:47,0,0,0,0,0,0,0,0,0,0,0,0,0,0,0,0,0,0,0,0,0
10/18/2025 0:48,0,0,0,0,0,0,0,0,0,0,0,0,0,0,0,0,0,0,0,0,0
10/18/2025 0:49,0,0,0,0,0,0,0,0,0,0,0,0,0,0,0,0,0,0,0,0,0
10/18/2025 0:50,0,0,0,0,0,0,0,0,0,0,0,0,0,0,0,0,0,0,0,0,0
10/18/2025 0:51,0,0,0,0,0,0,0,0,0,0,0,0,0,0,0,0,0,0,0,0,0
10/18/2025 0:52,0,0,0,0,0,0,0,0,0,0,0,0,0,0,0,0,0,0,0,1,0
10/18/2025 0:53,0,0,0,0,0,0,0,0,0,0,0,0,0,0,0,0,0,0,0,0,0
10/18/2025 0:54,0,0,0,0,0,0,0,0,0,0,0,0,0,0,0,0,0,0,0,0,0
10/18/2025 0:55,0,0,0,0,0,0,0,0,0,0,0,0,0,0,0,0,0,0,0,0,0
10/18/2025 0:56,0,0,0,0,0,0,5,0,0,0,0,0,0,0,0,0,1,0,0,0,0
10/18/2025 0:57,0,0,0,0,0,0,9,0,0,0,0,0,0,0,0,0,1,0,0,0,0
10/18/2025 0:58,0,0,0,0,0,0,0,0,0,0,0,0,0,0,0,0,3,0,0,0,0
10/18/2025 0:59,0,0,0,0,0,0,0,0,0,0,0,0,0,0,0,0,8,0,0,0,0
10/18/2025 1:00,0,0,0,0,0,0,0,0,0,0,0,0,0,2,0,0,0,0,0,0,0
10/18/2025 1:01,0,0,0,0,0,0,0,0,0,0,0,0,0,0,0,0,0,0,0,0,0
10/18/2025 1:02,0,0,0,0,0,0,1,0,0,0,0,0,2,0,0,0,0,0,0,0,0
10/18/2025 1:03,0,0,0,0,0,0,0,0,0,0,0,0,0,0,0,0,0,0,0,0,0
10/18/2025 1:04,1,0,0,0,0,0,0,0,0,0,0,0,0,0,0,0,0,0,0,0,0
10/18/2025 1:05,0,0,0,0,0,0,0,0,0,0,0,0,0,0,0,0,0,0,0,0,0
10/18/2025 1:06,0,0,0,0,0,0,0,0,3,0,0,0,0,0,0,0,0,0,0,0,0
10/18/2025 1:07,0,0,0,0,0,0,0,0,0,0,0,0,0,0,0,0,0,0,0,0,0
10/18/2025 1:08,0,0,0,0,0,0,0,5,0,0,0,0,0,0,0,0,0,5,0,0,0
10/18/2025 1:09,0,0,0,0,0,0,0,6,0,0,0,0,0,0,0,0,0,0,0,0,0
10/18/2025 1:10,0,0,0,0,0,0,0,0,0,0,0,0,0,0,0,0,0,0,0,0,0
10/18/2025 1:11,0,0,0,0,0,0,0,0,0,0,0,0,0,0,0,0,0,0,0,0,0
10/18/2025 1:12,0,0,0,0,0,9,0,0,0,0,0,0,0,0,0,0,0,0,0,0,0
10/18/2025 1:13,0,0,0,0,0,0,0,0,0,0,0,0,0,0,0,0,0,0,0,0,0
10/18/2025 1:14,0,0,0,0,0,0,0,0,0,0,0,0,0,0,0,0,0,0,0,0,0
10/18/2025 1:15,0,0,0,0,0,0,0,0,0,0,0,0,0,0,0,0,0,0,0,0,0
10/18/2025 1:16,0,0,0,0,0,0,0,0,0,0,0,0,0,0,0,0,0,0,0,0,0
10/18/2025 1:17,0,0,0,0,0,0,0,0,0,0,0,0,0,0,0,0,0,0,0,0,0
10/18/2025 1:18,0,0,0,0,0,0,0,0,0,0,0,0,0,0,0,0,0,0,0,0,0
10/18/2025 1:19,0,0,0,0,0,0,0,0,0,0,0,0,0,0,0,3,0,0,0,0,0
10/18/2025 1:20,0,0,0,0,0,0,0,0,0,0,0,0,0,0,0,6,0,0,0,0,0
10/18/2025 1:21,0,0,0,0,0,0,0,0,0,0,0,0,0,0,0,7,0,0,0,0,0
10/18/2025 1:22,0,0,0,0,0,0,0,0,0,0,0,0,0,0,0,1,0,0,0,0,0
10/18/2025 1:23,0,0,0,0,0,0,0,0,0,0,0,0,0,0,0,0,0,0,0,0,0
10/18/2025 1:24,0,0,0,0,0,0,0,0,0,0,0,0,0,0,0,0,0,0,0,0,0
10/18/2025 1:25,0,0,0,0,0,0,0,0,0,0,0,0,0,0,0,0,0,0,0,0,0
10/18/2025 1:26,0,0,0,0,0,0,0,0,0,0,0,0,0,0,1,0,0,0,0,0,0
10/18/2025 1:27,0,0,0,0,0,0,0,0,0,0,0,0,0,0,0,0,0,0,0,0,0
10/18/2025 1:28,0,0,0,0,0,0,0,0,0,0,0,0,0,0,1,0,0,0,0,0,0
10/18/2025 1:29,0,0,0,0,8,0,0,0,0,0,0,0,0,0,0,0,0,0,0,0,0
10/18/2025 1:30,0,0,0,0,17,0,0,0,0,0,0,0,0,0,0,0,0,0,0,0,0
10/18/2025 1:31,0,0,0,0,0,0,0,0,0,0,0,0,0,0,0,0,0,0,0,0,0
10/18/2025 1:32,0,0,0,0,0,0,0,0,0,0,0,0,0,0,0,0,0,0,0,0,0
10/18/2025 1:33,0,0,0,0,0,0,0,0,0,0,0,0,0,0,0,0,0,0,0,0,0
10/18/2025 1:34,0,0,0,0,0,0,0,0,0,0,0,0,0,0,0,0,0,0,0,0,0
10/18/2025 1:35,0,0,0,0,2,0,0,0,0,0,4,0,0,0,0,0,0,0,0,0,0
10/18/2025 1:36,0,0,0,0,0,0,0,0,0,0,3,0,0,0,0,0,0,0,0,0,0
10/18/2025 1:37,0,0,0,0,0,0,0,0,0,0,0,0,0,0,0,0,0,0,0,0,0
10/18/2025 1:38,0,0,0,0,0,0,0,0,0,0,0,0,0,0,0,0,0,0,0,0,0
10/18/2025 1:39,0,0,0,0,0,0,0,0,0,0,0,0,0,0,0,1,0,0,0,0,0
10/18/2025 1:40,0,0,0,0,0,0,0,0,0,0,0,0,0,0,0,0,0,0,0,0,0
10/18/2025 1:41,0,0,0,0,0,0,0,0,0,0,0,0,0,0,0,0,0,0,0,0,0
10/18/2025 1:42,0,0,0,0,0,0,0,0,0,0,0,3,0,0,0,0,0,0,0,0,0
10/18/2025 1:43,0,0,0,0,0,0,0,0,0,0,0,2,0,0,0,0,0,0,0,0,0
10/18/2025 1:44,0,0,0,0,0,0,0,0,0,0,0,4,0,0,0,0,0,0,0,0,0
10/18/2025 1:45,0,0,0,0,0,0,0,0,5,0,0,0,0,0,0,0,0,0,0,0,0
10/18/2025 1:46,0,0,0,0,0,0,0,0,1,0,0,0,0,0,1,0,0,0,0,0,0
10/18/2025 1:47,0,0,0,0,0,0,0,0,0,0,0,2,0,0,0,0,1,0,0,0,0
10/18/2025 1:48,0,0,0,0,0,0,0,0,0,0,0,0,0,0,0,0,0,0,0,0,0
10/18/2025 1:49,0,0,0,0,0,0,0,0,0,0,0,0,0,0,0,0,0,0,0,0,0
10/18/2025 1:50,0,0,0,0,0,0,0,0,0,6,0,0,0,0,0,0,0,0,0,0,0
10/18/2025 1:51,0,0,0,0,0,0,0,0,0,0,0,0,0,0,0,0,0,0,0,0,0
10/18/2025 1:52,0,0,0,0,0,0,0,0,0,0,0,0,0,0,0,0,0,0,0,0,0
10/18/2025 1:53,0,0,0,0,0,0,0,0,0,0,0,0,0,0,0,0,0,0,0,0,0
10/18/2025 1:54,0,0,0,0,0,0,0,0,0,0,0,0,0,0,1,0,0,0,0,0,0
10/18/2025 1:55,0,0,0,0,0,0,0,0,0,0,0,0,0,0,0,0,0,0,0,0,0
10/18/2025 1:56,0,0,0,0,0,0,0,0,0,0,0,0,0,0,0,0,0,0,0,0,0
10/18/2025 1:57,0,0,0,0,0,0,0,0,0,0,0,0,0,0,0,0,0,0,0,0,0
10/18/2025 1:58,0,0,0,0,0,0,0,0,0,0,0,0,0,0,0,0,2,0,0,0,0
10/18/2025 1:59,0,0,0,0,0,0,0,0,0,0,0,0,0,1,0,0,0,0,0,0,0
10/18/2025 2:00,0,0,0,0,0,0,0,0,0,0,0,0,0,9,0,0,0,0,0,0,0
10/18/2025 2:01,0,0,0,0,0,0,0,0,0,0,0,0,0,12,0,0,0,0,0,0,0
10/18/2025 2:02,0,0,0,0,0,0,0,0,0,0,0,0,0,0,0,0,0,0,0,0,0
10/18/2025 2:03,0,0,0,0,0,0,0,0,0,0,0,0,0,0,0,0,0,0,0,0,0
10/18/2025 2:04,0,0,0,0,0,0,0,0,0,0,0,0,0,0,0,0,0,0,0,0,0
10/18/2025 2:05,0,0,0,0,0,0,0,0,0,0,0,0,0,0,0,0,0,0,0,0,0
10/18/2025 2:06,0,0,0,0,0,0,0,0,0,0,0,0,0,0,0,0,0,0,0,0,0
10/18/2025 2:07,0,0,0,0,0,0,0,0,0,0,0,0,0,0,0,0,0,0,0,0,0
10/18/2025 2:08,0,0,0,0,0,0,0,0,0,0,0,0,0,0,0,0,0,3,0,0,0
10/18/2025 2:09,0,0,0,0,0,0,0,0,0,0,0,0,4,0,0,0,0,7,0,0,0
10/18/2025 2:10,0,0,0,0,0,0,0,0,0,5,0,0,0,0,0,0,0,8,0,0,0
10/18/2025 2:11,0,0,0,0,0,0,0,0,0,0,0,0,0,0,0,0,0,22,0,0,0
10/18/2025 2:12,0,0,0,0,0,0,0,0,0,0,0,0,0,0,0,0,0,7,0,0,0
10/18/2025 2:13,0,0,5,0,0,0,0,0,0,0,0,0,0,0,0,3,0,9,0,0,0
10/18/2025 2:14,0,0,0,0,0,0,0,0,0,0,0,0,0,0,0,3,0,10,0,0,0
10/18/2025 2:15,0,0,0,0,0,0,0,0,0,0,0,0,0,0,0,0,0,6,0,0,0
10/18/2025 2:16,0,0,0,0,0,0,0,0,0,0,0,0,0,0,0,3,0,3,0,0,0
10/18/2025 2:17,0,0,0,0,0,0,0,0,0,0,0,0,0,0,0,0,1,2,0,0,0
10/18/2025 2:18,0,0,0,0,0,0,0,0,0,0,0,0,0,0,0,0,0,18,0,0,0
10/18/2025 2:19,0,0,0,0,0,0,0,0,0,0,0,0,0,0,0,0,0,9,0,0,0
10/18/2025 2:20,0,0,0,1,0,0,0,0,0,0,0,0,0,0,0,0,0,11,0,0,0
10/18/2025 2:21,0,0,0,0,0,0,0,0,0,0,0,0,0,0,0,0,2,8,0,0,0
10/18/2025 2:22,7,0,0,0,0,0,0,0,0,0,0,0,0,0,0,0,0,15,0,0,0
10/18/2025 2:23,9,0,0,1,0,0,0,0,0,0,0,0,0,0,0,0,0,11,0,0,0
10/18/2025 2:24,11,0,0,0,0,0,0,0,0,0,0,2,0,0,0,0,0,4,0,0,0
10/18/2025 2:25,6,0,0,0,0,0,0,0,0,0,0,1,0,0,0,0,0,5,0,0,0
10/18/2025 2:26,0,0,0,0,0,0,0,0,0,0,0,0,0,0,0,0,0,9,0,0,0
10/18/2025 2:27,0,0,0,0,0,0,0,0,0,0,0,0,0,0,0,0,0,29,0,0,0
10/18/2025 2:28,0,0,0,0,0,0,0,0,0,0,0,0,0,0,0,0,0,11,0,0,0
10/18/2025 2:29,0,0,0,0,0,4,0,0,0,0,4,0,0,0,0,0,0,35,0,0,0
10/18/2025 2:30,0,0,0,0,0,9,0,0,0,0,2,0,0,0,0,0,0,18,0,0,0
10/18/2025 2:31,0,0,0,0,0,3,0,0,0,0,9,0,0,0,0,0,0,22,0,0,0
10/18/2025 2:32,0,0,0,0,0,4,0,0,0,0,4,0,0,0,5,0,0,1,0,0,0
10/18/2025 2:33,0,0,0,0,0,0,0,0,0,0,4,0,0,0,5,0,0,0,0,0,0
10/18/2025 2:34,0,0,0,0,0,10,0,8,0,0,5,0,0,0,0,0,0,14,0,0,0
10/18/2025 2:35,0,0,0,0,0,1,0,0,0,0,7,0,0,0,0,0,0,1,0,0,0
10/18/2025 2:36,0,0,0,0,0,0,0,0,0,0,2,0,0,0,0,0,0,0,0,0,0
10/18/2025 2:37,0,0,0,0,0,0,0,0,0,0,2,0,0,0,0,0,1,0,0,0,0
10/18/2025 2:38,0,0,0,0,0,0,0,0,0,0,0,3,0,0,0,0,9,0,0,0,0
10/18/2025 2:39,0,0,0,0,0,0,0,0,0,0,0,6,0,0,0,4,6,0,0,0,0
10/18/2025 2:40,0,0,0,0,0,0,0,0,0,0,0,7,0,0,0,0,2,0,0,0,0
10/18/2025 2:41,0,0,0,0,0,0,0,0,0,0,0,0,0,0,0,0,9,0,0,0,0
10/18/2025 2:42,0,0,0,0,0,0,0,0,0,0,0,0,0,0,0,0,5,0,0,0,0
10/18/2025 2:43,0,0,0,0,0,0,0,0,0,0,0,0,0,0,0,0,6,0,0,0,0
10/18/2025 2:44,0,0,0,0,0,0,0,0,0,0,0,0,0,0,0,0,0,0,0,0,0
10/18/2025 2:45,0,0,0,0,0,0,0,0,0,0,0,0,0,0,0,0,7,0,0,0,0
10/18/2025 2:46,0,0,0,0,0,0,0,0,0,0,0,0,0,0,0,0,8,0,0,0,0
10/18/2025 2:47,0,0,0,0,0,0,0,0,0,0,0,0,0,0,0,0,7,0,0,0,0
10/18/2025 2:48,0,0,0,0,0,0,0,0,0,0,0,0,0,0,0,0,8,0,0,0,0
10/18/2025 2:49,0,0,0,0,0,0,0,0,0,0,0,0,0,0,0,0,0,0,0,0,0
10/18/2025 2:50,0,0,0,0,0,0,0,0,0,0,0,0,0,0,0,0,0,0,0,0,0
10/18/2025 2:51,0,0,0,0,0,0,0,0,0,0,0,0,0,0,0,0,0,0,0,0,0
10/18/2025 2:52,0,0,0,0,0,0,0,0,0,0,0,0,0,0,0,0,0,0,0,0,0
10/18/2025 2:53,0,0,0,0,0,0,0,0,0,0,0,0,0,0,0,0,0,0,0,0,0
10/18/2025 2:54,0,0,0,0,6,0,0,0,0,0,0,0,0,0,0,0,0,0,0,0,0
10/18/2025 2:55,0,0,0,0,0,0,0,0,0,0,0,0,0,0,0,0,0,0,0,0,0
10/18/2025 2:56,0,0,0,1,0,0,0,0,0,0,0,0,0,0,0,0,0,0,0,0,0
10/18/2025 2:57,0,0,0,0,0,0,0,0,0,0,0,0,0,0,0,0,0,0,0,0,0
10/18/2025 2:58,0,0,0,0,0,0,0,0,0,0,0,0,0,0,0,0,0,2,0,0,0
10/18/2025 2:59,0,0,0,0,0,0,0,0,0,0,0,0,0,0,0,0,0,0,1,0,0
10/18/2025 3:00,0,0,0,0,0,0,0,0,0,0,0,0,0,0,0,0,0,0,0,0,0
10/18/2025 3:01,0,0,0,0,0,0,0,0,0,0,0,0,0,0,0,0,0,0,0,0,0
10/18/2025 3:02,0,0,0,0,0,0,0,0,0,0,0,0,0,0,0,0,0,0,0,0,0
10/18/2025 3:03,0,0,0,0,0,0,0,0,0,0,0,0,0,0,0,0,0,0,0,0,0
10/18/2025 3:04,0,0,0,0,0,0,0,0,0,10,0,1,0,0,0,0,0,0,0,0,0
10/18/2025 3:05,0,0,0,0,0,0,0,0,0,9,0,0,0,0,0,0,0,0,0,0,0
10/18/2025 3:06,0,0,0,0,0,0,0,0,0,10,0,0,0,0,0,0,0,0,0,0,0
10/18/2025 3:07,0,0,0,0,0,0,0,0,0,10,0,0,0,0,0,0,0,0,0,0,0
10/18/2025 3:08,0,0,0,0,0,0,0,0,0,0,0,0,0,0,0,0,0,0,0,0,0
10/18/2025 3:09,0,0,0,0,0,0,0,0,0,0,0,0,0,0,0,0,0,0,0,0,0
10/18/2025 3:10,0,0,0,0,0,0,0,0,0,0,0,0,0,0,0,0,0,0,0,0,0
10/18/2025 3:11,0,0,0,0,0,0,0,0,0,0,0,0,0,0,0,0,0,0,0,0,0
10/18/2025 3:12,0,0,0,0,0,0,0,0,0,2,0,0,0,0,0,0,0,0,0,0,0
10/18/2025 3:13,0,0,0,0,0,0,0,0,0,0,0,0,0,0,0,0,0,0,0,0,0
10/18/2025 3:14,0,0,0,0,0,0,0,0,0,0,0,0,0,0,0,0,0,0,0,0,0
10/18/2025 3:15,0,0,0,0,0,0,0,0,0,0,0,0,0,0,0,0,0,0,0,0,0
10/18/2025 3:16,0,0,0,0,0,0,0,0,0,0,0,0,0,0,0,0,0,0,0,0,0
10/18/2025 3:17,0,0,0,0,0,0,0,0,0,0,0,0,0,0,0,0,0,0,0,0,0
10/18/2025 3:18,0,0,0,0,0,0,0,0,0,0,0,0,0,0,0,0,1,0,0,0,0
10/18/2025 3:19,0,0,0,0,0,0,0,0,0,0,0,0,0,0,0,0,0,0,0,0,0
10/18/2025 3:20,0,0,0,0,0,0,0,0,0,0,0,0,0,0,0,0,0,0,0,0,0
10/18/2025 3:21,0,0,0,0,0,0,0,0,0,0,0,0,0,0,0,0,0,0,0,0,0
10/18/2025 3:22,0,0,0,0,0,0,0,0,0,0,0,0,0,0,0,0,0,11,0,0,0
10/18/2025 3:23,0,0,0,0,0,0,0,0,0,0,0,0,0,0,0,0,0,2,0,0,0
10/18/2025 3:24,0,0,0,0,0,0,0,0,0,0,0,0,0,0,0,0,0,0,0,0,0
10/18/2025 3:25,0,0,0,0,0,0,0,0,4,0,0,0,0,0,0,0,0,0,0,0,0
10/18/2025 3:26,0,0,0,0,0,0,0,0,3,0,0,0,2,0,0,0,0,0,0,0,0
10/18/2025 3:27,0,0,0,0,0,0,0,0,2,0,0,0,0,0,0,0,0,0,0,0,0
10/18/2025 3:28,0,0,0,0,0,0,0,0,3,0,0,0,0,0,0,0,0,0,4,0,0
10/18/2025 3:29,0,0,0,0,0,0,0,0,3,0,0,0,0,0,0,0,0,0,1,0,0
10/18/2025 3:30,0,0,0,0,0,0,0,0,0,0,0,0,0,0,0,0,0,0,8,0,0
10/18/2025 3:31,0,0,0,0,0,0,0,0,0,0,0,0,0,0,0,0,0,0,4,0,0
10/18/2025 3:32,0,0,0,0,0,0,0,0,0,0,0,0,0,0,0,0,0,0,3,0,0
10/18/2025 3:33,0,0,0,0,0,0,0,0,0,0,0,0,0,0,0,0,0,0,9,0,0
10/18/2025 3:34,0,0,0,0,0,0,0,0,0,0,0,0,0,0,0,0,0,0,0,0,0
10/18/2025 3:35,0,0,5,0,0,0,0,0,0,0,0,0,0,0,0,0,0,0,0,0,0
10/18/2025 3:36,0,0,0,0,0,0,0,0,0,0,0,0,0,0,0,0,0,0,0,0,0
10/18/2025 3:37,0,0,0,0,0,0,0,0,0,0,0,0,0,0,0,0,0,0,0,0,0
10/18/2025 3:38,0,0,0,0,0,0,0,0,0,0,0,0,0,0,0,0,0,1,0,0,0
10/18/2025 3:39,0,0,0,0,0,0,0,0,0,0,0,0,0,0,0,0,0,0,0,0,0
10/18/2025 3:40,0,0,0,0,0,0,0,0,0,0,0,0,2,0,0,0,0,0,0,0,0
10/18/2025 3:41,0,0,0,0,0,0,0,0,0,0,0,0,0,0,0,0,0,0,0,0,0
10/18/2025 3:42,0,0,0,0,0,0,0,0,0,0,0,0,0,0,0,0,0,0,0,0,0
10/18/2025 3:43,0,0,0,0,0,0,0,0,0,0,0,0,0,0,0,0,0,0,0,0,0
10/18/2025 3:44,0,0,0,0,0,0,0,0,0,0,0,0,0,0,0,0,0,1,0,0,0
10/18/2025 3:45,0,0,0,0,0,0,0,0,0,0,0,0,0,0,0,0,0,0,0,0,0
10/18/2025 3:46,0,0,0,0,0,0,0,0,0,0,0,0,0,0,0,0,0,0,0,0,0
10/18/2025 3:47,0,0,0,0,0,0,0,0,0,0,0,0,0,0,0,0,0,0,0,0,0
10/18/2025 3:48,0,0,0,0,4,0,0,0,0,0,0,0,0,0,0,0,0,0,0,0,0
10/18/2025 3:49,0,0,0,0,0,0,0,0,0,0,0,0,0,0,0,3,10,0,0,0,0
10/18/2025 3:50,0,0,0,1,0,0,0,0,0,0,0,0,0,0,0,0,0,0,0,0,0
10/18/2025 3:51,0,0,0,0,0,0,0,0,0,0,0,0,0,0,0,0,0,4,0,0,0
10/18/2025 3:52,0,0,0,0,0,0,0,0,0,0,0,0,0,0,0,0,0,0,0,0,0
10/18/2025 3:53,0,0,0,0,0,0,0,0,0,0,0,0,0,0,0,0,0,0,0,0,0
10/18/2025 3:54,0,0,0,0,0,0,0,0,0,0,0,0,0,0,0,0,0,0,0,0,0
10/18/2025 3:55,0,0,0,0,0,0,0,0,0,0,0,0,0,0,0,0,0,0,0,0,0
10/18/2025 3:56,0,0,0,0,0,0,0,0,0,0,0,0,0,0,0,0,0,0,0,0,0
10/18/2025 3:57,0,0,0,0,0,0,0,0,0,0,0,0,0,0,0,0,0,0,0,0,0
10/18/2025 3:58,0,0,0,0,0,0,0,0,0,0,0,0,0,0,0,0,0,0,0,0,0
10/18/2025 3:59,0,0,0,0,0,0,0,0,0,0,0,0,0,0,0,0,0,0,0,0,0
10/18/2025 4:00,0,0,0,0,0,0,0,0,0,0,0,0,0,0,0,0,0,0,0,0,0
10/18/2025 4:01,0,0,0,0,0,0,5,0,0,0,0,0,0,0,7,0,0,0,0,0,0
10/18/2025 4:02,0,0,0,0,0,0,0,0,0,0,0,0,0,0,0,0,0,0,0,0,0
10/18/2025 4:03,0,0,0,0,0,0,6,0,0,0,0,0,0,0,0,0,0,0,0,0,0
10/18/2025 4:04,0,0,0,0,0,0,7,0,0,0,0,0,0,0,0,0,0,0,0,0,0
10/18/2025 4:05,0,0,0,0,0,0,9,0,0,0,0,0,0,0,0,0,0,0,0,0,0
10/18/2025 4:06,0,0,0,0,0,0,0,0,0,0,0,0,0,0,0,0,0,0,0,0,0
10/18/2025 4:07,0,0,0,0,0,0,0,0,0,0,0,0,0,0,0,0,0,0,0,0,0
10/18/2025 4:08,0,0,0,0,0,0,0,0,0,0,0,0,0,0,0,0,0,0,0,0,0
10/18/2025 4:09,0,0,0,0,0,0,0,0,3,0,0,0,0,0,0,0,0,0,0,0,0
10/18/2025 4:10,0,0,0,0,0,0,0,0,3,0,0,0,0,0,0,0,0,0,0,0,0
10/18/2025 4:11,0,0,0,0,0,0,0,0,0,0,0,0,0,0,0,0,0,0,0,0,0
10/18/2025 4:12,0,0,0,0,0,0,0,0,3,0,0,0,0,0,0,0,0,0,0,0,0
10/18/2025 4:13,0,0,0,0,0,0,0,0,0,0,0,0,0,0,0,0,0,0,0,0,0
10/18/2025 4:14,0,0,0,0,0,0,0,0,1,0,0,0,0,0,0,7,0,0,0,0,0
10/18/2025 4:15,0,0,0,0,0,0,0,0,0,0,0,0,0,0,0,7,0,0,0,0,0
10/18/2025 4:16,0,0,0,0,1,0,0,0,0,0,0,0,0,0,0,0,0,0,0,0,0
10/18/2025 4:17,0,0,0,0,0,0,0,0,8,0,0,4,0,0,0,0,0,0,0,0,0
10/18/2025 4:18,0,0,0,0,0,0,0,0,5,0,0,4,0,0,0,0,0,0,0,0,0
10/18/2025 4:19,0,0,0,0,0,0,0,0,0,0,0,0,0,0,0,0,0,0,1,0,0
10/18/2025 4:20,0,0,0,0,0,0,0,0,0,0,0,0,0,0,0,0,0,0,1,0,0
10/18/2025 4:21,0,0,0,0,0,0,0,0,0,0,0,0,0,0,0,0,0,0,1,0,0
10/18/2025 4:22,0,0,0,0,0,0,0,0,7,0,0,0,0,0,0,0,0,0,0,0,0
10/18/2025 4:23,0,0,0,0,0,10,0,0,12,0,0,0,0,0,0,0,0,0,0,0,0
10/18/2025 4:24,0,0,0,0,0,0,0,0,2,0,0,0,0,0,0,0,0,0,0,0,0
10/18/2025 4:25,0,0,0,0,0,0,0,0,7,0,0,0,0,0,0,0,0,0,0,0,0
10/18/2025 4:26,0,0,0,0,0,0,0,0,2,0,0,0,0,0,0,0,0,0,0,0,0
10/18/2025 4:27,0,0,0,0,0,0,0,0,3,0,0,0,0,0,0,0,0,0,0,0,0
10/18/2025 4:28,0,0,0,0,0,0,0,0,9,0,0,0,0,0,0,0,0,0,0,0,0
10/18/2025 4:29,0,0,0,0,0,0,0,0,6,0,0,0,0,0,0,0,0,0,0,0,0
10/18/2025 4:30,0,0,0,0,0,0,0,0,10,0,0,0,0,0,0,0,0,0,0,0,0
10/18/2025 4:31,0,0,0,0,0,0,0,0,0,0,0,0,0,0,0,0,0,0,0,0,0
10/18/2025 4:32,0,0,0,0,0,0,0,0,2,0,0,0,0,0,0,0,0,0,0,0,0
10/18/2025 4:33,0,0,0,0,0,0,0,0,6,0,0,0,0,0,0,0,0,0,0,0,0
10/18/2025 4:34,0,0,0,0,0,0,0,0,8,0,0,0,0,0,0,0,0,0,0,0,0
10/18/2025 4:35,0,0,0,0,0,0,0,0,1,0,0,0,0,0,0,0,0,0,0,0,0
10/18/2025 4:36,0,0,0,0,0,0,0,0,6,0,0,0,0,0,0,0,0,0,0,0,0
10/18/2025 4:37,0,0,0,0,0,0,0,3,2,0,0,0,0,0,0,0,0,0,0,0,0
10/18/2025 4:38,0,0,0,0,0,0,0,3,13,0,0,0,0,0,0,0,0,0,0,0,0
10/18/2025 4:39,0,0,0,0,0,0,0,0,7,0,0,0,0,0,0,0,0,0,0,0,0
10/18/2025 4:40,0,0,0,0,0,0,0,0,0,0,0,0,0,0,0,0,0,0,0,0,0
10/18/2025 4:41,0,0,0,0,0,0,0,3,0,0,0,0,0,0,0,0,0,0,0,0,0
10/18/2025 4:42,0,0,0,0,0,0,0,6,0,0,0,1,0,0,0,1,0,0,0,0,0
10/18/2025 4:43,0,0,0,0,0,0,0,5,0,0,0,0,0,0,0,0,0,0,0,0,0
10/18/2025 4:44,0,0,0,0,0,0,0,2,0,0,0,0,0,0,0,0,0,0,0,0,0
10/18/2025 4:45,0,0,0,0,0,0,0,0,0,0,0,0,0,0,0,0,0,0,0,0,0
10/18/2025 4:46,0,0,0,0,0,0,0,0,0,0,0,0,0,0,0,0,0,0,0,0,0
10/18/2025 4:47,0,0,0,0,0,0,0,0,0,0,0,0,0,0,0,0,0,0,0,0,0
10/18/2025 4:48,0,0,0,0,0,0,0,0,0,0,0,0,0,0,0,0,0,0,0,0,0
10/18/2025 4:49,0,0,0,0,0,0,0,0,0,0,0,0,0,0,0,0,0,0,0,0,0
10/18/2025 4:50,0,0,0,0,0,0,0,0,0,0,0,0,0,0,0,0,0,0,0,0,0
10/18/2025 4:51,0,0,0,0,0,0,0,0,0,0,0,0,0,0,0,0,0,0,0,0,0
10/18/2025 4:52,0,0,0,0,0,0,0,0,10,0,0,0,0,0,0,0,0,0,0,0,0
10/18/2025 4:53,0,0,0,0,0,0,0,0,9,0,0,0,0,0,0,0,0,0,0,0,0
10/18/2025 4:54,0,0,0,0,0,0,0,0,9,0,0,0,0,0,0,0,0,0,0,0,0
10/18/2025 4:55,0,0,0,0,0,0,0,0,8,0,0,0,0,0,0,0,0,0,0,0,0
10/18/2025 4:56,0,0,0,0,0,0,0,0,0,0,0,0,0,0,0,0,0,0,0,0,0
10/18/2025 4:57,0,0,0,0,0,0,0,0,0,0,0,0,0,0,0,0,0,0,0,0,0
10/18/2025 4:58,0,0,0,0,0,0,0,0,7,0,0,0,0,0,0,0,0,0,0,0,0
10/18/2025 4:59,0,0,0,0,0,0,0,0,0,0,0,0,0,0,0,0,0,0,0,0,0
10/18/2025 5:00,0,0,0,0,0,0,0,0,8,0,0,0,0,0,0,0,0,0,0,0,0
10/18/2025 5:01,0,0,0,0,0,0,0,0,5,0,0,0,0,0,0,0,0,0,0,0,0
10/18/2025 5:02,0,0,0,0,0,0,0,0,10,0,0,0,0,0,0,0,0,0,0,0,0
10/18/2025 5:03,0,0,0,0,0,0,0,0,0,0,0,0,0,0,0,0,0,0,0,0,0
10/18/2025 5:04,0,0,0,0,0,0,0,0,0,0,0,0,0,0,0,0,0,0,0,0,0
10/18/2025 5:05,0,0,0,0,0,0,0,0,0,0,0,0,0,0,0,0,0,0,0,0,0
10/18/2025 5:06,0,0,0,0,0,0,0,0,0,0,0,0,0,0,0,0,0,0,0,0,0
10/18/2025 5:07,0,0,0,0,0,0,0,0,0,0,0,0,0,0,0,0,0,0,0,0,0
10/18/2025 5:08,0,0,0,0,0,0,0,0,0,0,0,0,0,0,0,0,0,0,0,0,0
10/18/2025 5:09,0,0,0,0,0,0,0,0,0,0,0,0,0,0,0,0,0,0,0,0,0
10/18/2025 5:10,0,0,0,0,0,0,0,0,0,0,0,0,0,0,0,0,0,0,0,0,0
10/18/2025 5:11,0,0,0,0,0,0,0,0,0,0,0,0,0,0,0,0,0,0,0,0,0
10/18/2025 5:12,0,0,0,0,0,0,0,0,0,0,0,0,0,0,0,0,0,0,0,0,0
10/18/2025 5:13,1,0,0,0,0,0,0,0,0,0,0,0,0,0,0,0,0,1,0,0,0
10/18/2025 5:14,1,0,0,0,0,0,0,0,0,0,0,0,0,0,0,0,0,0,0,0,0
10/18/2025 5:15,0,0,0,0,0,0,0,0,0,0,0,0,0,0,0,0,0,0,0,0,0
10/18/2025 5:16,0,0,0,0,0,0,0,0,0,0,0,0,0,0,0,0,0,0,0,0,0
10/18/2025 5:17,0,0,0,0,0,0,0,0,0,0,0,0,0,0,0,0,0,0,0,0,0
10/18/2025 5:18,0,0,0,0,0,0,0,0,0,0,0,0,0,0,0,0,0,0,0,0,0
10/18/2025 5:19,0,0,0,0,0,0,0,0,0,0,0,0,0,0,0,0,0,0,0,0,0
10/18/2025 5:20,0,0,0,0,0,0,0,0,0,0,0,0,0,0,0,0,0,3,2,0,0
10/18/2025 5:21,0,0,0,0,0,0,0,0,0,0,0,3,0,0,0,0,0,0,5,0,0
10/18/2025 5:22,0,0,0,0,0,0,0,0,0,0,0,0,0,0,0,0,0,0,11,0,0
10/18/2025 5:23,0,0,0,0,0,0,0,0,0,0,0,0,0,0,0,0,0,0,12,0,0
10/18/2025 5:24,0,0,0,0,0,0,0,0,0,0,0,0,0,0,0,0,0,0,14,0,0
10/18/2025 5:25,0,0,0,0,0,0,0,0,0,0,0,0,0,0,0,0,0,0,10,0,0
10/18/2025 5:26,0,0,0,0,0,0,0,0,0,0,0,0,0,0,0,0,0,0,0,0,0
10/18/2025 5:27,0,0,0,0,0,0,0,0,0,0,0,0,0,0,0,0,0,0,0,0,0
10/18/2025 5:28,0,0,0,0,0,0,0,0,0,0,0,0,0,0,0,0,0,0,0,0,0
10/18/2025 5:29,0,0,0,0,0,0,0,0,0,0,0,0,0,0,0,0,0,0,0,0,0
10/18/2025 5:30,0,0,0,0,0,0,0,0,0,0,0,0,0,0,0,0,0,0,0,0,0
10/18/2025 5:31,0,0,0,0,0,0,0,0,0,0,0,0,0,0,0,0,0,0,0,0,0
10/18/2025 5:32,0,0,0,0,0,0,0,0,0,0,0,0,0,0,0,0,0,0,0,0,0
10/18/2025 5:33,0,0,0,0,0,0,0,0,0,0,0,0,0,0,0,0,0,0,0,0,0
10/18/2025 5:34,0,0,0,0,0,0,0,0,0,0,0,0,0,0,0,0,0,0,0,0,0
10/18/2025 5:35,0,0,0,0,0,0,0,0,0,0,0,0,0,0,0,0,0,0,0,0,0
10/18/2025 5:36,0,0,0,0,0,0,0,0,0,0,0,0,0,0,0,0,0,0,0,0,0
10/18/2025 5:37,0,0,0,0,0,0,0,0,0,0,0,0,0,0,0,0,0,0,0,0,0
10/18/2025 5:38,0,0,0,0,0,0,0,0,0,0,0,0,0,0,0,0,0,0,0,0,0
10/18/2025 5:39,1,0,0,0,0,0,0,0,0,0,0,0,0,0,0,0,0,0,0,0,0
10/18/2025 5:40,0,0,0,0,0,0,0,0,0,0,0,0,0,6,0,0,0,0,0,0,0
10/18/2025 5:41,0,0,0,0,0,0,0,0,0,0,0,0,0,0,0,0,0,0,0,0,0
10/18/2025 5:42,0,0,0,0,0,0,0,0,0,0,0,0,0,0,0,0,0,0,0,0,0
10/18/2025 5:43,0,0,0,0,0,0,0,0,0,0,0,10,0,0,0,0,0,0,0,0,0
10/18/2025 5:44,0,0,0,1,0,1,0,0,0,0,0,2,0,0,0,0,0,0,0,0,0
10/18/2025 5:45,0,0,0,0,0,0,0,0,0,0,0,0,0,0,0,0,0,0,0,0,0
10/18/2025 5:46,0,0,0,0,0,0,0,0,0,0,0,1,0,0,0,0,0,0,0,0,0
10/18/2025 5:47,0,0,0,0,0,0,0,0,0,0,0,0,0,0,0,0,0,0,0,0,0
10/18/2025 5:48,0,0,0,0,0,0,0,0,0,0,0,0,0,0,0,0,0,0,0,0,0
10/18/2025 5:49,0,0,0,0,0,0,0,0,0,0,0,0,0,0,0,0,0,0,0,0,0
10/18/2025 5:50,0,0,0,0,0,0,0,0,0,0,0,0,0,0,0,0,0,0,0,0,0
10/18/2025 5:51,0,0,0,0,0,0,0,0,0,0,0,0,0,0,0,0,0,0,0,0,0
10/18/2025 5:52,0,0,0,0,0,0,0,0,0,0,0,0,0,0,0,0,0,0,0,0,0
10/18/2025 5:53,0,0,0,0,0,0,0,0,0,0,0,0,0,0,0,0,0,0,0,0,0
10/18/2025 5:54,0,0,0,0,0,0,0,0,0,0,0,0,0,0,0,0,0,0,0,0,0
10/18/2025 5:55,0,0,0,0,0,0,0,0,0,0,0,0,0,0,0,0,0,0,0,0,0
10/18/2025 5:56,0,0,0,0,0,0,0,0,0,0,0,0,0,0,0,0,0,0,0,0,0
10/18/2025 5:57,0,0,0,0,0,0,0,0,0,0,0,0,0,0,0,0,0,0,0,0,0
10/18/2025 5:58,0,0,0,0,0,0,0,0,0,0,0,0,0,0,0,0,0,0,0,0,0
10/18/2025 5:59,0,0,0,0,0,0,0,0,0,0,0,0,0,0,0,0,0,0,0,0,0
10/18/2025 6:00,0,0,0,0,0,0,0,0,0,0,0,0,0,0,0,0,0,0,0,0,0
10/18/2025 6:01,0,0,0,0,0,0,0,0,0,0,0,0,0,0,0,0,0,0,0,0,0
10/18/2025 6:02,0,0,0,0,0,0,0,0,0,0,0,0,0,0,0,0,0,0,0,0,0
10/18/2025 6:03,0,0,0,0,0,0,0,0,0,0,0,0,0,0,0,0,0,0,0,0,0
10/18/2025 6:04,0,0,0,0,0,0,0,0,0,0,0,0,0,0,0,0,0,0,0,0,0
10/18/2025 6:05,0,0,0,0,0,0,0,0,0,0,0,0,0,0,0,0,0,0,0,0,0
10/18/2025 6:06,0,0,0,0,1,0,0,0,0,0,0,0,0,0,0,0,0,0,4,0,0
10/18/2025 6:07,0,0,0,0,0,0,0,0,0,0,0,0,0,0,0,0,0,0,0,0,0
10/18/2025 6:08,0,0,0,0,0,0,0,0,0,0,0,0,0,0,0,0,0,0,0,0,0
10/18/2025 6:09,0,0,0,0,0,0,0,0,0,0,0,0,0,0,0,0,0,0,0,0,0
10/18/2025 6:10,0,0,0,0,0,0,0,0,0,0,0,0,0,0,0,0,0,0,0,0,0
10/18/2025 6:11,0,0,0,0,0,0,0,0,0,0,0,0,0,0,0,0,0,0,0,0,0
10/18/2025 6:12,2,0,0,0,0,0,0,0,0,0,0,0,0,0,0,0,0,0,0,0,0
10/18/2025 6:13,8,0,0,0,0,0,0,0,0,0,0,0,0,0,0,0,0,0,0,0,0
10/18/2025 6:14,0,0,0,0,0,0,0,0,0,0,0,0,0,0,0,0,0,0,0,0,0
10/18/2025 6:15,0,0,0,0,0,0,0,0,0,0,0,0,0,0,0,0,0,0,0,0,0
10/18/2025 6:16,0,0,0,0,0,0,0,0,0,0,0,0,0,0,0,0,0,0,0,0,0
10/18/2025 6:17,1,0,0,0,0,0,0,0,0,0,0,0,0,0,0,0,0,0,0,0,0
10/18/2025 6:18,0,0,0,0,0,0,0,0,0,0,0,0,0,0,0,0,0,0,0,0,0
10/18/2025 6:19,0,0,0,0,0,0,0,0,0,0,0,0,0,0,0,0,0,0,0,0,0
10/18/2025 6:20,0,0,0,0,1,0,0,0,0,0,0,0,0,0,0,0,0,0,0,0,0
10/18/2025 6:21,0,0,0,0,0,0,0,0,0,0,0,0,0,0,0,0,0,0,0,0,0
10/18/2025 6:22,0,0,0,0,0,0,0,0,0,0,0,0,0,0,0,0,0,0,0,0,0
10/18/2025 6:23,0,0,0,0,0,0,0,0,0,0,0,0,0,0,0,0,0,0,0,0,0
10/18/2025 6:24,0,0,0,0,0,0,0,0,0,0,0,0,0,0,0,0,0,0,0,0,0
10/18/2025 6:25,1,0,0,0,0,0,0,0,0,0,0,0,0,0,0,0,0,0,0,0,0
10/18/2025 6:26,0,0,0,0,0,0,0,0,0,0,0,0,0,0,0,0,0,0,0,0,0
10/18/2025 6:27,6,0,0,0,0,0,0,0,0,0,0,0,0,0,0,0,0,0,0,0,0
10/18/2025 6:28,0,0,13,0,0,0,0,0,0,0,0,0,0,0,0,0,0,0,0,0,0
10/18/2025 6:29,2,0,0,0,0,0,0,0,0,0,0,0,0,0,0,0,0,0,0,0,0
10/18/2025 6:30,2,0,0,0,0,0,0,0,0,0,0,0,0,0,0,0,0,0,0,0,0
10/18/2025 6:31,6,0,0,0,0,0,0,0,0,0,0,0,0,0,0,0,0,0,0,0,0
10/18/2025 6:32,10,0,0,0,0,0,0,0,0,0,0,0,0,0,0,0,0,0,0,0,0
10/18/2025 6:33,8,0,0,0,0,0,0,0,0,0,0,0,0,0,0,0,0,0,0,0,0
10/18/2025 6:34,6,0,1,0,0,0,0,0,0,0,0,0,0,0,0,0,0,0,0,0,0
10/18/2025 6:35,12,0,0,0,0,0,0,0,0,0,0,0,0,0,0,0,0,0,0,0,0
10/18/2025 6:36,37,0,0,0,0,0,0,0,0,0,0,0,0,0,0,0,0,0,0,0,0
10/18/2025 6:37,23,0,0,0,0,0,0,0,0,0,0,0,0,0,0,0,0,0,0,0,0
10/18/2025 6:38,29,0,0,0,0,0,0,0,0,0,0,0,0,0,0,0,0,1,0,0,0
10/18/2025 6:39,35,0,0,0,0,0,0,0,0,0,0,0,0,0,0,0,0,0,0,0,0
10/18/2025 6:40,4,0,0,0,0,0,0,0,0,0,0,0,0,0,0,0,0,0,0,0,0
10/18/2025 6:41,2,0,0,0,0,0,0,0,0,8,0,0,0,0,0,0,0,0,0,0,0
10/18/2025 6:42,0,0,0,0,0,0,0,0,0,6,0,0,0,0,0,0,0,0,0,0,0
10/18/2025 6:43,0,0,0,0,0,0,0,0,0,0,0,0,0,0,0,0,0,0,0,0,0
10/18/2025 6:44,0,0,0,0,0,0,0,0,0,0,0,0,0,0,0,0,0,1,0,0,0
10/18/2025 6:45,0,0,0,0,0,0,0,0,0,0,0,0,0,0,0,0,0,0,0,0,0
10/18/2025 6:46,0,0,0,0,0,0,0,0,0,0,0,0,0,0,0,0,0,0,0,0,0
10/18/2025 6:47,0,0,0,0,0,0,0,0,0,0,0,0,0,0,0,0,0,0,0,2,0
10/18/2025 6:48,0,0,0,0,0,0,0,0,0,0,0,0,0,0,0,0,0,0,0,0,0
10/18/2025 6:49,0,0,1,0,0,0,0,0,0,0,0,0,0,0,0,0,0,0,0,0,0
10/18/2025 6:50,0,0,0,0,0,0,0,0,0,0,0,0,0,0,0,0,0,0,0,0,0
10/18/2025 6:51,0,0,0,0,0,0,0,0,0,1,0,0,0,0,0,0,0,0,0,0,0
10/18/2025 6:52,0,0,0,0,0,0,0,0,0,3,0,0,0,0,0,0,0,0,0,0,0
10/18/2025 6:53,0,0,0,0,0,0,0,0,0,1,0,0,0,0,0,0,0,0,0,0,0
10/18/2025 6:54,0,0,0,0,0,0,0,0,0,2,0,0,0,0,0,0,0,0,0,0,0
10/18/2025 6:55,0,0,0,0,0,0,0,0,0,8,0,0,0,0,0,0,0,0,0,0,0
10/18/2025 6:56,0,0,0,0,0,0,0,0,0,3,0,0,0,0,0,0,0,0,0,0,0
10/18/2025 6:57,0,0,1,0,0,0,0,0,0,4,0,0,0,0,0,0,0,0,0,0,0
10/18/2025 6:58,0,0,0,0,0,0,0,0,0,32,0,0,0,0,0,0,0,0,0,0,0
10/18/2025 6:59,0,0,0,0,0,0,0,0,0,26,0,0,0,0,0,0,0,0,0,0,0
10/18/2025 7:00,0,0,0,0,0,0,0,0,0,25,0,0,0,0,0,0,0,0,0,0,0
10/18/2025 7:01,0,0,0,0,0,0,0,0,0,14,0,0,0,0,0,0,0,0,0,0,0
10/18/2025 7:02,0,0,0,0,0,0,0,0,0,10,0,0,0,0,0,0,0,0,0,0,0
10/18/2025 7:03,0,0,0,0,0,0,0,0,0,7,0,0,0,0,0,0,0,0,0,0,0
10/18/2025 7:04,0,0,0,0,0,0,0,0,0,1,0,0,0,0,0,0,1,0,0,0,0
10/18/2025 7:05,0,0,0,0,0,0,0,0,0,17,0,0,0,0,0,0,0,0,0,0,0
10/18/2025 7:06,0,0,0,0,0,0,0,0,0,9,0,0,0,0,0,0,0,0,0,0,0
10/18/2025 7:07,0,0,0,0,0,0,0,0,0,9,0,0,0,0,0,0,0,0,0,0,0
10/18/2025 7:08,0,0,0,0,0,0,0,0,0,5,0,0,0,0,0,0,0,0,0,0,0
10/18/2025 7:09,0,0,0,0,0,0,0,0,0,6,0,0,0,0,0,0,0,0,0,0,0
10/18/2025 7:10,0,0,0,0,0,0,0,0,0,4,0,0,0,0,0,0,0,0,0,0,0
10/18/2025 7:11,0,0,0,0,0,0,0,0,0,0,0,0,0,0,0,0,0,0,0,0,0
10/18/2025 7:12,0,0,0,0,0,2,0,1,0,1,0,0,0,0,0,0,0,0,0,0,0
10/18/2025 7:13,0,0,0,0,0,0,0,0,0,0,0,0,0,0,10,0,0,0,0,0,0
10/18/2025 7:14,0,0,0,0,0,0,0,0,0,0,0,0,0,0,2,0,0,0,0,0,0
10/18/2025 7:15,0,0,0,0,0,0,0,0,0,0,0,0,0,0,4,0,0,0,0,0,0
10/18/2025 7:16,0,0,0,0,0,0,0,0,0,0,0,0,0,0,0,0,0,0,0,0,0
10/18/2025 7:17,0,0,0,0,0,0,0,0,0,0,0,0,0,0,0,0,0,0,0,0,0
10/18/2025 7:18,0,0,0,0,0,0,0,0,0,0,0,0,0,0,4,0,0,0,0,0,0
10/18/2025 7:19,0,0,0,0,0,0,0,0,0,0,0,0,0,0,8,0,0,0,0,0,0
10/18/2025 7:20,0,0,0,0,0,0,0,0,0,0,0,0,0,0,14,0,0,0,0,0,0
10/18/2025 7:21,0,0,0,0,0,0,0,0,0,0,0,0,0,0,6,0,0,0,0,0,0
10/18/2025 7:22,0,0,0,0,0,0,0,0,0,0,0,0,0,0,8,0,0,0,0,0,0
10/18/2025 7:23,0,0,0,0,0,0,0,0,0,0,0,0,0,0,3,0,0,0,0,0,0
10/18/2025 7:24,0,0,0,0,0,0,0,0,0,0,0,0,0,0,8,0,0,0,0,0,0
10/18/2025 7:25,0,0,0,0,0,0,0,0,0,0,0,0,0,0,1,0,0,0,0,0,0
10/18/2025 7:26,0,0,0,0,0,0,0,0,0,0,0,0,0,0,0,0,0,0,0,0,0
10/18/2025 7:27,0,0,0,0,0,0,0,0,0,0,0,0,0,0,0,0,0,0,0,0,0
10/18/2025 7:28,0,0,0,0,0,0,0,0,0,0,0,0,0,0,0,0,0,0,0,0,0
10/18/2025 7:29,0,0,0,0,0,0,0,0,0,0,0,0,0,0,0,0,0,0,0,0,0
10/18/2025 7:30,0,0,0,0,0,0,0,0,0,0,0,0,0,0,0,0,0,0,0,0,0
10/18/2025 7:31,0,0,0,0,0,0,0,0,0,0,0,0,0,0,0,0,0,0,0,0,0
10/18/2025 7:32,0,0,0,0,0,0,0,0,0,1,0,0,0,0,2,0,0,0,0,0,0
10/18/2025 7:33,0,0,0,0,0,0,0,0,0,0,0,0,0,0,4,0,0,0,0,0,0
10/18/2025 7:34,0,0,0,0,0,0,0,0,0,0,0,0,0,0,8,0,0,0,0,0,0
10/18/2025 7:35,0,0,0,0,0,1,0,0,0,0,0,0,0,0,1,0,0,0,0,0,0
10/18/2025 7:36,0,0,0,0,0,0,0,0,0,0,0,0,0,0,0,0,0,0,0,0,0
10/18/2025 7:37,0,0,0,0,0,0,0,0,0,0,0,0,0,0,0,0,0,0,0,0,0
10/18/2025 7:38,0,0,0,0,0,0,0,0,0,1,0,0,0,0,0,0,0,0,0,0,0
10/18/2025 7:39,0,0,0,0,0,0,0,0,0,0,0,0,0,0,0,0,0,0,0,0,0
10/18/2025 7:40,0,0,0,0,0,0,0,0,0,0,0,0,0,0,0,0,0,0,0,0,0
10/18/2025 7:41,0,0,0,0,0,0,0,0,0,0,0,0,0,0,0,0,0,0,0,0,0
10/18/2025 7:42,0,0,0,0,0,0,0,0,0,0,0,0,0,0,0,0,0,0,0,0,0
10/18/2025 7:43,0,0,0,0,0,0,0,0,0,0,0,0,0,0,9,13,0,0,0,0,0
10/18/2025 7:44,0,0,0,0,0,0,0,0,0,0,0,0,0,0,0,0,0,0,0,0,0
10/18/2025 7:45,0,0,0,0,0,0,0,0,0,0,0,0,0,0,7,0,0,0,0,0,0
10/18/2025 7:46,0,0,0,0,0,0,0,0,0,0,0,0,0,0,0,2,0,0,0,0,0
10/18/2025 7:47,0,0,0,0,0,0,0,0,0,0,0,0,0,0,1,0,0,0,0,0,0
10/18/2025 7:48,0,0,0,0,0,0,0,0,0,0,0,0,0,0,0,0,0,3,0,0,0
10/18/2025 7:49,0,0,0,0,0,0,0,0,0,0,0,0,0,0,0,1,0,1,0,0,0
10/18/2025 7:50,0,0,0,0,0,0,0,0,0,0,0,0,0,0,0,3,0,0,0,0,0
10/18/2025 7:51,0,0,0,0,0,0,0,0,0,0,0,0,0,0,0,1,0,0,0,0,0
10/18/2025 7:52,0,0,0,0,0,0,0,0,0,0,0,0,0,0,0,0,0,0,0,0,0
10/18/2025 7:53,0,0,0,0,0,0,0,0,0,0,0,0,0,0,0,0,0,0,0,0,0
10/18/2025 7:54,0,0,0,0,0,0,0,0,5,0,0,0,0,0,0,0,0,5,0,0,0
10/18/2025 7:55,0,0,0,0,0,0,0,0,6,0,0,0,0,0,0,0,0,0,0,0,0
10/18/2025 7:56,0,0,0,0,0,0,0,0,0,0,0,0,0,0,0,0,0,0,0,0,0
10/18/2025 7:57,0,0,0,0,0,0,0,0,0,0,0,0,0,0,0,0,0,0,0,0,0
10/18/2025 7:58,0,0,0,0,0,0,0,0,0,0,0,0,0,0,0,1,0,0,0,0,0
10/18/2025 7:59,0,0,0,0,0,0,0,0,0,0,0,0,0,0,0,3,0,0,0,0,1
10/18/2025 8:00,0,0,0,0,0,0,0,0,0,0,0,0,0,0,0,7,0,0,0,0,1
10/18/2025 8:01,0,0,0,0,0,1,0,0,0,0,0,0,0,0,0,15,0,0,0,0,1
10/18/2025 8:02,0,0,0,0,0,0,0,0,0,0,0,0,0,0,0,1,0,0,0,0,1
10/18/2025 8:03,0,0,0,0,0,0,0,0,0,0,0,0,0,0,0,3,0,0,0,0,1
10/18/2025 8:04,0,0,0,0,0,0,0,0,0,0,0,0,0,0,0,3,0,2,0,0,1
10/18/2025 8:05,0,0,0,0,0,0,0,0,1,0,0,0,0,0,0,0,0,0,0,0,1
10/18/2025 8:06,0,0,0,0,0,0,0,0,0,0,0,0,0,0,0,0,0,0,0,0,1
10/18/2025 8:07,0,0,0,4,0,0,0,0,0,0,0,0,0,0,0,0,0,0,0,0,1
10/18/2025 8:08,0,0,0,0,0,0,0,0,0,0,0,0,0,0,0,0,0,0,0,0,1
10/18/2025 8:09,0,0,0,0,0,0,0,0,0,0,0,0,0,0,0,0,0,0,0,0,1
10/18/2025 8:10,0,0,0,0,0,0,0,0,0,0,0,0,0,0,0,0,0,0,0,0,1
10/18/2025 8:11,0,0,0,0,0,0,0,0,0,0,0,0,0,0,0,0,0,0,2,0,1
10/18/2025 8:12,0,0,0,0,0,7,0,0,0,0,0,0,0,0,0,0,0,0,0,0,1
10/18/2025 8:13,0,0,0,0,0,2,0,0,8,0,0,0,0,0,0,3,0,0,1,0,1
10/18/2025 8:14,0,0,4,0,0,0,0,1,0,0,0,0,0,0,0,0,0,0,0,0,1
10/18/2025 8:15,0,0,0,0,0,0,6,2,3,0,0,0,0,0,0,0,0,0,0,0,1
10/18/2025 8:16,0,0,0,0,0,0,0,1,0,0,0,0,0,0,0,0,0,0,0,0,1
10/18/2025 8:17,0,0,1,0,0,0,0,0,2,0,0,0,0,0,0,1,0,0,0,0,1
10/18/2025 8:18,0,0,12,0,0,0,0,0,2,0,0,0,0,0,0,0,0,0,0,0,1
10/18/2025 8:19,0,0,0,0,0,0,0,0,3,0,0,0,0,0,0,0,0,0,0,0,1
10/18/2025 8:20,0,0,0,0,0,0,0,0,3,0,0,0,0,0,0,0,0,0,0,0,1
10/18/2025 8:21,0,0,0,0,0,0,0,0,0,0,0,0,0,0,0,0,0,0,0,0,1
10/18/2025 8:22,0,0,12,0,0,0,0,0,4,0,0,0,0,0,0,0,0,0,0,0,1
10/18/2025 8:23,0,0,3,0,0,0,0,0,0,0,0,0,0,0,0,0,0,0,0,0,1
10/18/2025 8:24,0,0,0,0,0,4,0,0,3,0,0,0,0,0,0,0,0,0,0,0,1
10/18/2025 8:25,0,0,0,0,0,19,0,0,0,0,0,0,0,0,0,0,0,0,0,0,1
10/18/2025 8:26,0,0,0,0,0,14,0,0,1,0,0,0,0,0,0,0,0,0,0,0,1
10/18/2025 8:27,0,0,11,0,0,12,0,0,0,0,0,0,0,0,0,0,0,0,0,0,1
10/18/2025 8:28,0,0,0,0,0,10,0,0,7,0,0,0,0,0,0,0,0,0,0,0,1
10/18/2025 8:29,0,0,0,2,0,12,0,0,8,0,0,0,0,0,0,0,0,0,0,0,1
10/18/2025 8:30,0,0,0,0,0,11,0,0,1,0,0,0,0,0,0,0,0,0,0,0,1
10/18/2025 8:31,0,0,0,1,0,10,0,0,0,0,0,0,0,0,0,0,0,0,0,0,1
10/18/2025 8:32,0,0,0,3,0,23,0,0,0,0,0,0,0,0,0,0,0,0,0,0,1
10/18/2025 8:33,0,0,0,1,0,7,0,0,0,0,0,0,0,0,0,0,0,0,0,0,1
10/18/2025 8:34,0,0,0,0,0,8,0,0,0,0,0,0,0,0,0,0,0,0,0,0,1
10/18/2025 8:35,0,0,0,0,0,0,0,0,0,0,0,0,0,0,0,0,0,0,0,0,1
10/18/2025 8:36,0,0,0,0,0,0,0,0,0,0,0,0,0,0,0,0,0,0,0,0,1
10/18/2025 8:37,2,0,0,0,0,0,0,0,0,0,0,0,0,0,0,0,0,0,0,0,1
10/18/2025 8:38,0,0,0,0,0,0,0,0,6,0,0,0,0,0,0,0,0,0,0,0,1
10/18/2025 8:39,0,0,0,0,0,0,0,0,5,0,0,0,0,0,0,0,0,0,0,0,1
10/18/2025 8:40,0,0,0,0,0,0,0,0,0,1,0,0,0,0,0,0,0,0,0,0,1
10/18/2025 8:41,0,0,0,0,0,0,0,0,3,0,2,0,0,0,0,0,0,0,0,0,1
10/18/2025 8:42,0,0,0,0,0,0,0,0,0,0,0,0,0,0,0,0,0,0,0,0,1
10/18/2025 8:43,0,0,0,0,0,4,0,0,0,0,0,0,0,0,0,0,0,0,0,0,1
10/18/2025 8:44,1,0,0,0,0,0,0,0,1,0,0,0,0,0,0,0,0,0,0,0,1
10/18/2025 8:45,1,0,0,0,0,0,0,0,4,0,0,0,0,0,0,0,0,0,0,0,1
10/18/2025 8:46,0,0,0,1,0,0,0,0,3,0,0,0,0,0,0,0,0,0,0,0,1
10/18/2025 8:47,9,0,0,0,0,0,0,0,8,0,0,0,0,0,0,0,0,0,0,0,1
10/18/2025 8:48,2,0,0,0,0,0,0,0,8,0,0,0,0,0,0,0,0,0,0,0,1
10/18/2025 8:49,0,0,0,0,0,0,0,0,8,0,0,0,0,0,0,0,0,0,0,0,1
10/18/2025 8:50,0,0,0,0,0,0,0,0,2,0,0,0,0,0,0,0,0,0,0,0,1
10/18/2025 8:51,0,0,0,1,0,0,0,0,3,0,0,0,0,0,0,0,0,0,0,0,1
10/18/2025 8:52,0,0,0,9,0,0,0,0,2,0,0,0,0,0,0,0,0,0,0,0,1
10/18/2025 8:53,0,0,0,5,0,0,0,0,1,0,0,0,0,0,0,1,0,0,0,0,1
10/18/2025 8:54,0,0,0,2,0,0,0,0,0,0,0,0,0,0,0,2,0,0,0,0,1
10/18/2025 8:55,0,0,0,19,0,0,0,0,0,0,0,0,0,0,0,0,0,0,0,0,1
10/18/2025 8:56,0,0,0,20,0,0,0,0,0,0,0,0,0,0,0,0,0,0,0,0,1
10/18/2025 8:57,0,0,0,11,0,0,0,0,0,0,0,0,0,0,0,0,0,0,0,0,1
10/18/2025 8:58,0,0,0,6,0,0,0,0,2,0,0,0,0,0,0,0,0,0,0,0,1
10/18/2025 8:59,0,0,0,8,0,0,0,0,0,0,0,0,0,0,0,6,0,0,0,0,1
10/18/2025 9:00,0,0,0,11,0,0,0,0,0,0,0,0,0,0,0,0,0,0,0,0,1
10/18/2025 9:01,0,0,0,4,0,0,0,0,0,0,0,0,0,0,0,0,0,0,0,0,1
10/18/2025 9:02,0,0,0,8,0,0,0,0,0,0,0,0,0,0,0,0,0,0,0,0,1
10/18/2025 9:03,0,0,0,6,0,0,0,0,0,0,0,0,0,0,0,1,0,0,0,0,1
10/18/2025 9:04,0,0,0,7,0,0,0,0,1,0,0,0,0,0,0,0,0,0,0,0,1
10/18/2025 9:05,0,0,0,1,0,0,0,0,2,0,0,0,0,0,0,3,0,0,0,0,1
10/18/2025 9:06,0,0,0,6,0,0,0,0,0,0,0,0,0,0,0,0,0,0,0,0,1
10/18/2025 9:07,0,0,0,4,0,0,0,0,8,0,0,0,0,0,0,0,0,0,0,0,1
10/18/2025 9:08,0,0,0,0,0,0,0,0,0,0,0,0,0,0,0,0,0,0,0,0,1
10/18/2025 9:09,0,0,0,1,0,0,0,0,0,0,1,0,0,0,0,0,0,0,0,0,1
10/18/2025 9:10,0,0,0,4,0,0,0,0,0,0,0,0,0,0,0,0,0,0,0,0,1
10/18/2025 9:11,0,0,0,3,0,0,0,0,0,0,0,0,0,0,0,0,0,0,0,0,1
10/18/2025 9:12,0,0,0,3,0,0,0,0,0,0,0,0,0,0,0,0,0,0,0,0,1
10/18/2025 9:13,0,0,0,3,0,1,0,0,0,0,0,0,0,0,0,0,0,0,0,0,1
10/18/2025 9:14,0,0,0,2,0,4,0,0,0,0,0,0,0,0,0,0,0,0,0,0,1
10/18/2025 9:15,0,0,0,1,0,0,0,0,0,0,0,0,0,0,0,0,2,0,0,0,1
10/18/2025 9:16,0,0,0,0,0,0,0,0,0,0,0,0,0,0,0,0,0,0,0,0,1
10/18/2025 9:17,0,0,0,4,0,0,0,0,0,0,0,0,0,0,0,0,0,0,0,0,1
10/18/2025 9:18,0,0,0,7,0,0,0,0,0,0,0,0,0,0,0,0,0,0,0,0,1
10/18/2025 9:19,0,0,0,1,0,0,0,0,0,0,0,0,0,0,0,0,0,0,0,0,1
10/18/2025 9:20,0,0,0,0,0,0,0,0,0,0,0,0,0,0,0,0,0,0,0,0,1
10/18/2025 9:21,0,0,0,0,0,0,0,0,0,0,0,0,0,0,0,0,0,0,0,0,1
10/18/2025 9:22,0,0,0,0,0,0,0,0,0,0,0,0,0,0,0,0,0,0,0,0,1
10/18/2025 9:23,0,0,0,0,0,0,0,0,0,0,0,0,0,0,0,0,0,0,0,0,1
10/18/2025 9:24,0,0,0,0,0,0,0,0,0,0,0,0,0,0,0,0,0,0,0,0,1
10/18/2025 9:25,0,0,0,0,0,1,0,0,0,0,0,0,0,0,0,0,0,0,0,0,1
10/18/2025 9:26,0,0,0,0,0,8,0,0,0,0,0,0,0,0,0,0,0,0,0,0,1
10/18/2025 9:27,0,0,0,0,0,0,0,0,0,0,0,0,0,0,0,0,0,0,0,0,1
10/18/2025 9:28,0,0,0,0,0,0,0,0,0,0,0,0,0,0,0,0,0,0,0,0,1
10/18/2025 9:29,0,0,0,0,0,0,0,0,0,0,0,0,0,0,0,0,0,1,1,0,1
10/18/2025 9:30,0,0,0,0,0,0,0,0,0,0,0,0,0,0,0,0,0,0,0,0,1
10/18/2025 9:31,0,0,0,0,0,0,0,0,0,0,0,0,0,0,0,0,0,0,0,0,1
10/18/2025 9:32,0,0,0,0,0,0,0,0,0,0,0,0,0,0,0,0,0,0,0,0,1
10/18/2025 9:33,0,0,0,0,0,0,0,0,0,0,0,0,0,0,0,0,0,0,0,0,1
10/18/2025 9:34,0,0,0,0,0,0,0,0,0,0,0,0,0,0,0,0,0,0,0,0,1
10/18/2025 9:35,0,0,0,0,0,0,0,0,0,0,0,0,0,0,0,0,0,0,0,0,1
10/18/2025 9:36,0,0,0,0,0,0,0,0,0,0,0,0,0,0,0,0,0,0,0,0,1
10/18/2025 9:37,0,0,0,0,0,0,0,0,0,0,0,0,0,0,0,0,0,0,0,0,1
10/18/2025 9:38,0,0,0,0,0,0,0,0,0,0,0,0,0,0,0,0,0,0,0,0,1
10/18/2025 9:39,0,0,0,0,0,0,0,0,0,0,0,0,0,0,0,0,0,0,0,0,1
10/18/2025 9:40,0,0,0,0,0,0,0,0,0,0,0,0,0,0,0,0,0,0,0,0,1
10/18/2025 9:41,0,0,0,0,0,0,0,0,0,0,0,0,0,0,0,0,0,0,0,0,1
10/18/2025 9:42,0,0,0,0,0,0,0,0,0,0,0,0,0,0,0,0,0,0,2,0,1
10/18/2025 9:43,0,0,0,0,0,0,0,0,0,0,0,0,0,0,0,0,0,0,0,0,1
10/18/2025 9:44,0,0,0,0,0,0,0,0,0,0,0,0,0,0,0,0,0,0,0,0,1
10/18/2025 9:45,0,0,0,0,0,0,0,0,0,0,0,0,0,0,0,0,0,0,0,0,1
10/18/2025 9:46,0,0,0,0,0,0,0,0,0,0,0,0,0,0,0,0,0,0,0,0,1
10/18/2025 9:47,0,0,0,0,0,0,0,0,0,0,0,0,0,0,0,0,0,0,0,0,1
10/18/2025 9:48,0,0,0,0,0,0,0,0,0,0,0,0,0,0,0,0,0,0,0,0,1
10/18/2025 9:49,0,0,0,0,0,0,0,0,0,0,0,0,0,0,0,0,0,0,0,0,1
10/18/2025 9:50,0,0,0,0,0,0,0,0,0,0,0,0,0,0,0,0,0,0,14,0,1
10/18/2025 9:51,0,0,0,0,0,0,0,0,0,0,0,0,0,0,0,0,0,0,10,0,1
10/18/2025 9:52,0,0,0,0,0,0,0,0,0,0,0,0,0,0,0,0,0,0,25,0,1
10/18/2025 9:53,0,0,0,0,0,0,0,0,0,0,0,0,0,0,0,0,0,0,10,0,1
10/18/2025 9:54,0,0,0,0,0,0,0,0,0,0,0,0,0,0,0,0,0,0,5,0,1
10/18/2025 9:55,0,0,0,0,0,0,0,0,0,0,0,0,0,0,0,0,0,0,5,0,1
10/18/2025 9:56,0,0,0,0,0,0,0,0,0,0,0,0,0,0,0,0,0,0,0,0,1
10/18/2025 9:57,0,0,0,0,0,0,0,0,0,0,0,0,0,0,0,0,0,0,0,0,1
10/18/2025 9:58,0,0,0,0,0,0,0,0,0,0,0,0,0,0,0,0,0,0,0,0,1
10/18/2025 9:59,0,0,0,0,0,0,0,0,0,0,0,0,0,0,0,0,0,0,0,0,1
10/18/2025 10:00,0,0,0,0,0,0,0,0,0,0,0,0,0,0,0,0,0,0,0,0,1
10/18/2025 10:01,0,0,0,0,0,0,0,0,0,0,0,0,0,0,0,0,0,0,0,0,1
10/18/2025 10:02,0,0,0,0,0,0,0,0,0,0,3,0,0,0,0,0,0,0,0,0,1
10/18/2025 10:03,0,0,0,0,0,0,0,0,0,0,0,0,0,0,0,0,0,5,0,0,1
10/18/2025 10:04,0,0,0,0,0,0,0,0,0,0,1,0,0,0,0,0,0,0,0,0,1
10/18/2025 10:05,0,0,0,0,0,0,0,0,0,0,0,0,0,0,0,0,0,0,0,0,1
10/18/2025 10:06,0,0,0,0,0,0,0,0,0,0,0,0,0,0,7,0,3,0,0,0,1
10/18/2025 10:07,0,0,0,0,0,0,0,0,0,0,0,0,0,0,0,0,0,0,0,0,1
10/18/2025 10:08,0,0,0,0,0,0,0,0,0,0,0,0,0,0,3,0,6,0,0,0,1
10/18/2025 10:09,0,0,0,0,0,0,0,0,0,0,0,0,0,0,0,0,0,0,0,0,1
10/18/2025 10:10,0,0,0,0,0,0,0,0,0,0,0,0,2,0,0,0,0,0,0,0,1
10/18/2025 10:11,0,0,0,0,0,0,0,0,0,0,0,0,0,0,0,0,0,0,0,0,1
10/18/2025 10:12,0,0,0,0,0,0,0,0,0,0,0,0,0,0,0,0,0,0,0,0,1
10/18/2025 10:13,0,0,0,0,0,0,0,0,0,0,0,0,1,0,0,0,0,0,0,0,1
10/18/2025 10:14,0,0,0,0,0,0,0,0,0,0,0,0,0,0,0,0,0,0,0,0,1
10/18/2025 10:15,0,0,0,0,0,0,0,5,0,0,0,0,0,0,0,0,0,0,0,0,1
10/18/2025 10:16,0,0,0,0,0,0,0,0,0,0,0,0,0,0,0,0,0,0,0,0,1
10/18/2025 10:17,0,0,0,0,0,0,0,0,0,0,0,0,0,0,0,0,0,0,0,0,1
10/18/2025 10:18,0,0,0,0,0,0,0,0,0,0,0,0,0,0,0,0,0,0,0,0,1
10/18/2025 10:19,0,0,0,0,0,1,0,0,0,0,0,0,0,0,0,1,0,0,0,0,1
10/18/2025 10:20,0,0,0,0,0,0,0,0,0,1,0,0,0,0,0,0,0,0,0,0,1
10/18/2025 10:21,0,0,0,0,0,0,0,0,0,0,0,0,0,0,0,0,0,0,0,0,1
10/18/2025 10:22,0,0,0,0,0,0,0,0,0,0,0,0,0,0,17,0,0,0,0,0,1
10/18/2025 10:23,0,0,0,0,0,0,0,0,0,0,0,0,1,0,4,0,0,0,0,0,1
10/18/2025 10:24,0,0,0,0,0,0,0,0,0,0,0,0,0,0,0,0,0,0,0,0,1
10/18/2025 10:25,0,0,0,0,0,0,0,0,0,0,0,0,4,0,0,0,0,0,0,0,1
10/18/2025 10:26,0,0,0,0,0,0,0,0,0,0,0,0,2,3,0,0,0,0,0,0,1
10/18/2025 10:27,0,0,0,0,0,0,0,1,0,0,0,0,0,0,0,0,0,0,0,0,1
10/18/2025 10:28,0,0,0,0,0,0,0,2,0,0,0,0,2,0,0,0,0,0,0,0,1
10/18/2025 10:29,0,0,0,0,0,0,0,2,0,0,0,0,0,0,0,0,0,0,0,0,1
10/18/2025 10:30,0,0,0,0,0,0,0,2,0,0,0,0,0,0,0,0,0,0,0,0,1
10/18/2025 10:31,1,0,0,0,0,0,0,4,0,0,0,0,0,0,0,0,0,0,0,0,1
10/18/2025 10:32,6,0,0,0,0,0,0,5,0,0,0,0,0,0,0,0,0,0,14,0,1
10/18/2025 10:33,15,0,0,0,0,0,0,12,0,0,0,0,0,0,0,0,0,0,2,0,1
10/18/2025 10:34,0,0,0,0,0,0,0,16,0,0,0,0,0,0,0,0,0,0,4,0,1
10/18/2025 10:35,0,0,0,0,0,0,0,8,0,0,0,0,0,0,0,0,0,0,0,0,1
10/18/2025 10:36,0,0,0,0,0,0,0,4,0,0,0,0,0,0,0,0,0,0,0,0,1
10/18/2025 10:37,0,0,5,0,0,0,0,1,0,0,1,0,0,0,0,0,0,0,0,0,1
10/18/2025 10:38,0,0,5,0,0,0,0,0,0,0,0,0,0,0,0,0,0,0,0,0,1
10/18/2025 10:39,0,0,9,0,0,0,0,0,0,0,0,0,0,0,0,0,0,0,0,0,1
10/18/2025 10:40,0,0,3,0,0,0,0,0,0,0,0,0,0,0,0,0,0,0,0,0,1
10/18/2025 10:41,0,0,3,0,0,0,0,0,0,0,0,0,0,0,0,0,0,0,0,0,1
10/18/2025 10:42,0,0,3,0,0,0,0,0,0,0,0,0,0,0,0,0,0,0,1,0,1
10/18/2025 10:43,0,0,0,0,0,0,0,0,0,0,0,0,0,0,0,0,0,0,0,0,1
10/18/2025 10:44,0,0,0,0,0,0,0,0,0,0,0,0,0,0,0,0,0,0,0,0,1
10/18/2025 10:45,0,0,0,0,0,0,0,0,0,0,0,0,0,0,0,0,0,0,0,0,1
10/18/2025 10:46,0,0,0,0,0,0,0,0,0,0,0,0,0,0,0,0,0,0,0,0,1
10/18/2025 10:47,0,0,0,0,0,0,0,0,0,0,0,0,0,0,0,0,0,0,0,0,1
10/18/2025 10:48,0,0,0,0,0,0,0,0,0,0,0,0,0,0,0,0,0,0,0,0,1
10/18/2025 10:49,0,0,0,0,0,0,0,0,0,0,0,0,0,0,0,0,0,0,0,0,1
10/18/2025 10:50,0,0,0,0,0,0,0,0,0,0,0,0,0,0,0,0,0,0,0,0,1
10/18/2025 10:51,0,0,0,0,0,0,0,0,0,0,0,0,0,0,0,0,0,0,0,0,1
10/18/2025 10:52,0,0,0,0,0,0,0,0,0,0,0,0,0,0,0,0,0,0,0,0,1
10/18/2025 10:53,0,0,0,0,0,0,0,0,0,0,0,0,0,0,0,0,0,0,0,0,1
10/18/2025 10:54,0,0,0,0,0,0,0,0,0,1,0,0,0,0,0,0,0,0,0,0,1
10/18/2025 10:55,0,0,0,0,0,0,0,0,0,0,0,0,0,0,0,0,0,0,0,0,1
10/18/2025 10:56,0,0,0,0,0,0,0,0,0,0,0,0,0,0,0,0,0,0,0,0,1
10/18/2025 10:57,0,0,0,0,0,0,0,0,0,0,0,0,0,0,0,0,0,0,0,0,1
10/18/2025 10:58,0,0,0,0,0,0,0,0,0,0,0,0,0,0,0,0,0,0,0,0,1
10/18/2025 10:59,0,0,0,0,0,0,0,0,0,0,0,0,0,0,0,0,0,1,0,0,1
10/18/2025 11:00,0,0,0,0,0,0,0,0,0,0,0,0,0,0,0,0,0,0,0,0,1
10/18/2025 11:01,0,0,0,0,0,0,0,0,0,0,0,0,0,0,0,0,0,0,0,0,1
10/18/2025 11:02,0,0,0,0,0,0,0,0,0,0,0,0,0,0,0,0,0,0,0,0,1
10/18/2025 11:03,0,0,0,0,0,0,0,0,0,0,0,0,0,0,0,0,0,0,0,0,1
10/18/2025 11:04,0,0,0,0,0,0,0,0,0,0,0,0,0,0,0,0,0,0,0,0,1
10/18/2025 11:05,0,0,0,0,0,0,0,0,0,0,0,0,0,0,0,0,0,0,0,0,1
10/18/2025 11:06,0,0,0,0,0,0,0,0,0,0,0,0,0,0,0,0,0,0,0,0,1
10/18/2025 11:07,0,0,0,0,0,0,0,0,0,0,0,0,0,0,0,0,0,0,0,0,1
10/18/2025 11:08,0,0,0,0,0,0,0,0,0,0,0,0,0,0,0,0,0,0,0,0,1
10/18/2025 11:09,0,0,0,0,0,0,0,0,0,0,0,0,0,0,0,0,0,0,0,0,1
10/18/2025 11:10,0,0,0,0,0,0,0,0,0,0,0,0,0,0,0,0,0,0,0,0,1
10/18/2025 11:11,0,0,0,0,0,0,0,0,0,0,0,0,0,0,0,0,0,0,0,0,1
10/18/2025 11:12,0,0,0,0,0,0,0,0,0,0,0,0,0,0,0,0,0,0,0,0,1
10/18/2025 11:13,0,0,0,0,0,0,0,0,0,0,0,0,0,0,0,0,0,0,1,0,1
10/18/2025 11:14,0,0,0,0,0,0,0,0,0,0,0,1,1,0,0,0,0,0,0,0,1
10/18/2025 11:15,0,0,0,0,0,0,0,0,0,0,0,0,7,0,0,0,0,0,0,0,1
10/18/2025 11:16,0,0,0,0,0,0,0,0,0,0,0,0,0,0,0,0,0,0,0,0,1
10/18/2025 11:17,0,0,0,0,0,0,0,0,0,0,0,0,0,0,0,0,0,0,0,0,1
10/18/2025 11:18,0,0,0,0,0,0,0,0,0,0,0,0,0,0,0,0,0,0,0,0,1
10/18/2025 11:19,0,0,0,0,0,0,0,0,0,0,0,0,0,0,0,0,0,0,0,0,1
10/18/2025 11:20,0,0,0,0,0,0,0,0,0,0,0,0,0,0,0,0,0,0,0,0,1
10/18/2025 11:21,0,0,0,0,0,0,0,0,0,0,0,0,0,0,0,0,0,0,0,0,1
10/18/2025 11:22,0,0,0,0,0,0,0,0,0,0,2,0,0,0,0,0,0,0,0,0,1
10/18/2025 11:23,0,0,0,0,0,0,0,0,0,0,0,0,0,0,0,0,0,0,0,0,1
10/18/2025 11:24,5,0,0,0,0,0,0,0,0,0,0,0,0,0,0,0,0,0,0,0,1
10/18/2025 11:25,10,0,0,0,0,0,0,0,0,0,0,0,0,0,0,0,0,0,0,0,1
10/18/2025 11:26,6,0,0,0,0,0,0,0,0,0,0,0,0,0,0,0,0,0,0,0,1
10/18/2025 11:27,1,0,0,0,0,0,0,0,0,0,0,0,0,0,0,0,0,0,0,0,1
10/18/2025 11:28,0,0,0,0,0,0,0,0,0,0,0,0,0,0,0,0,0,0,0,0,1
10/18/2025 11:29,0,0,0,0,0,0,0,0,0,0,0,0,0,0,1,0,0,0,0,0,1
10/18/2025 11:30,0,0,0,0,0,0,0,0,0,0,0,0,0,0,0,0,0,0,0,0,1
10/18/2025 11:31,0,0,0,0,0,0,0,0,0,0,0,0,0,0,0,0,0,0,0,0,1
10/18/2025 11:32,21,0,0,0,0,0,0,0,0,0,0,0,0,0,0,0,0,0,0,0,1
10/18/2025 11:33,29,0,0,0,0,0,0,0,0,0,0,0,0,0,0,0,0,0,0,0,1
10/18/2025 11:34,15,0,0,0,0,1,0,0,0,0,0,0,0,0,0,0,0,0,0,0,1
10/18/2025 11:35,4,0,0,0,0,0,0,0,0,0,0,0,0,0,0,3,0,0,0,0,1
10/18/2025 11:36,13,0,0,0,0,1,0,0,0,0,0,0,0,0,0,3,0,0,0,0,1
10/18/2025 11:37,8,0,0,0,0,0,0,0,0,0,0,0,0,0,0,0,0,0,0,0,1
10/18/2025 11:38,6,0,0,0,0,0,0,0,0,0,0,0,0,0,0,0,0,0,0,0,1
10/18/2025 11:39,0,0,0,0,0,0,0,0,0,0,0,0,0,0,0,0,0,0,0,0,1
10/18/2025 11:40,1,0,0,0,0,0,0,0,0,0,0,0,0,0,0,0,0,0,0,0,1
10/18/2025 11:41,0,0,0,0,0,0,0,0,4,0,0,0,0,0,0,0,0,0,0,0,1
10/18/2025 11:42,0,0,0,0,0,0,0,0,0,0,0,0,0,0,0,5,0,0,0,0,1
10/18/2025 11:43,0,0,0,0,0,0,0,0,0,0,0,3,0,0,0,0,0,0,0,0,1
10/18/2025 11:44,0,0,0,0,0,0,0,0,0,0,0,0,0,0,0,0,0,0,0,0,1
10/18/2025 11:45,0,0,0,0,0,0,0,0,0,0,0,0,0,0,0,0,0,0,0,0,1
10/18/2025 11:46,0,0,0,0,0,0,0,0,0,0,0,0,0,0,0,0,0,0,0,0,1
10/18/2025 11:47,0,0,0,0,0,0,0,0,0,0,0,0,0,0,0,0,0,0,0,0,1
10/18/2025 11:48,0,0,0,0,0,0,0,0,0,0,0,0,0,0,0,0,0,0,0,0,1
10/18/2025 11:49,0,0,0,0,0,0,0,0,0,0,0,0,0,0,0,0,0,0,1,0,1
10/18/2025 11:50,0,0,0,0,0,0,0,0,0,0,0,0,0,0,0,0,0,0,0,0,1
10/18/2025 11:51,0,0,0,0,0,0,0,0,0,0,0,0,0,0,0,0,0,0,0,0,1
10/18/2025 11:52,0,0,0,0,0,0,0,0,0,0,0,0,0,0,0,0,0,0,0,0,1
10/18/2025 11:53,0,0,0,0,0,0,0,0,0,0,0,0,0,0,0,0,0,0,0,0,1
10/18/2025 11:54,0,0,0,0,0,4,0,0,0,0,0,0,0,0,0,0,2,0,0,0,1
10/18/2025 11:55,0,0,0,0,0,0,0,0,0,11,0,0,0,0,0,0,3,0,0,0,1
10/18/2025 11:56,0,0,11,0,0,0,0,0,0,1,0,1,0,0,0,0,9,0,0,0,1
10/18/2025 11:57,0,0,2,0,0,0,0,0,0,0,0,0,0,0,0,0,0,0,0,0,1
10/18/2025 11:58,1,0,0,0,0,0,0,0,0,0,1,0,0,0,0,0,5,0,0,0,1
10/18/2025 11:59,0,0,0,0,0,0,0,0,0,0,0,0,0,0,0,0,25,0,0,0,1
10/18/2025 12:00,0,0,0,0,0,0,0,0,0,0,0,0,0,0,0,0,10,0,0,0,1
10/18/2025 12:01,0,0,0,0,0,0,0,0,0,0,0,0,0,0,0,0,8,0,0,0,1
10/18/2025 12:02,0,0,0,0,0,0,4,0,0,0,0,0,0,0,0,0,10,0,0,0,1
10/18/2025 12:03,0,0,0,0,0,0,0,0,0,0,0,0,0,0,0,0,4,0,0,0,1
10/18/2025 12:04,0,0,0,0,0,0,0,0,0,0,0,0,0,0,0,0,14,0,0,0,1
10/18/2025 12:05,0,0,0,0,0,0,0,0,0,1,0,0,0,0,0,0,36,0,0,0,1
10/18/2025 12:06,0,0,0,0,0,0,0,0,0,0,0,0,0,0,0,0,17,0,0,0,1
10/18/2025 12:07,0,0,0,0,0,0,0,0,0,0,0,0,0,0,0,0,8,0,0,0,1
10/18/2025 12:08,0,0,0,0,0,0,0,0,0,0,0,0,0,0,0,0,11,0,0,0,1
10/18/2025 12:09,0,0,0,0,0,0,0,0,0,0,0,0,0,0,0,0,6,0,0,0,1
10/18/2025 12:10,0,0,0,0,0,0,0,0,0,0,0,0,0,0,0,0,0,0,0,0,1
10/18/2025 12:11,0,0,0,0,0,0,0,0,0,0,0,0,0,0,0,0,5,0,0,0,1
10/18/2025 12:12,0,0,0,0,0,0,0,0,0,0,0,0,0,0,0,0,0,0,0,0,1
10/18/2025 12:13,0,0,0,0,0,0,0,0,0,0,0,0,0,0,0,0,0,0,0,0,1
10/18/2025 12:14,0,0,0,0,0,0,0,0,0,0,0,0,0,0,0,0,0,0,0,0,1
10/18/2025 12:15,0,0,0,0,0,0,0,0,0,0,0,0,0,0,0,0,0,0,0,0,1
10/18/2025 12:16,0,0,0,0,0,0,0,0,0,0,0,0,0,0,0,0,0,0,0,0,1
10/18/2025 12:17,0,0,0,0,0,0,0,0,0,0,0,0,0,0,0,0,0,0,0,0,1
10/18/2025 12:18,0,0,0,0,0,0,0,0,0,0,0,0,0,0,0,0,0,2,0,0,1
10/18/2025 12:19,0,0,0,0,0,0,0,0,0,0,0,0,0,0,0,0,0,1,0,0,1
10/18/2025 12:20,0,0,0,0,0,0,0,0,0,0,0,0,0,0,0,0,0,0,0,0,1
10/18/2025 12:21,0,0,0,0,0,0,0,0,0,0,0,0,0,0,0,0,0,0,0,0,1
10/18/2025 12:22,0,0,0,0,0,0,0,0,0,0,1,0,0,0,0,0,0,0,0,0,1
10/18/2025 12:23,0,0,0,0,0,0,0,0,0,0,0,0,0,0,0,0,0,0,0,0,1
10/18/2025 12:24,0,0,0,0,0,0,0,0,0,0,0,0,0,0,0,0,0,0,7,0,1
10/18/2025 12:25,0,0,0,0,0,0,0,0,0,0,0,0,0,0,0,0,3,0,0,0,1
10/18/2025 12:26,0,0,0,0,0,0,0,0,0,0,0,0,0,0,0,0,1,0,0,0,1
10/18/2025 12:27,0,0,0,0,0,0,0,0,0,0,0,0,0,0,0,0,1,0,0,0,1
10/18/2025 12:28,0,0,0,0,0,0,0,0,0,0,0,0,0,0,0,0,0,0,0,0,1
10/18/2025 12:29,0,0,0,0,0,0,0,0,0,0,0,0,0,0,0,0,2,0,0,0,1
10/18/2025 12:30,0,0,0,0,0,0,0,0,0,0,0,0,0,0,0,0,0,0,0,0,1
10/18/2025 12:31,0,0,0,0,0,1,0,0,0,0,0,0,0,0,0,0,0,0,0,0,1
10/18/2025 12:32,0,0,0,0,0,1,0,0,0,0,0,0,0,0,0,0,0,2,0,0,1
10/18/2025 12:33,0,0,0,0,0,2,0,0,0,0,0,0,0,0,0,0,0,0,0,0,1
10/18/2025 12:34,0,0,0,0,0,0,0,0,0,0,0,2,0,0,0,0,0,0,0,0,1
10/18/2025 12:35,0,0,0,0,0,3,0,0,0,0,0,7,0,0,0,0,0,0,0,0,1
10/18/2025 12:36,0,0,0,0,0,3,0,0,0,0,0,3,0,0,0,0,0,5,0,0,1
10/18/2025 12:37,0,0,0,0,0,0,0,0,0,0,5,0,0,0,0,0,0,0,0,0,1
10/18/2025 12:38,2,0,0,0,0,0,0,0,0,0,6,0,0,0,0,0,0,0,0,0,1
10/18/2025 12:39,6,0,0,0,0,1,0,0,0,0,1,0,0,0,0,0,0,0,0,0,1
10/18/2025 12:40,22,0,0,0,0,0,0,0,0,0,27,0,0,0,0,0,0,0,0,0,1
10/18/2025 12:41,13,0,0,0,0,0,0,0,0,0,30,0,0,0,0,0,0,0,0,0,1
10/18/2025 12:42,0,0,0,0,0,0,0,0,0,0,15,0,0,0,0,0,0,0,0,0,1
10/18/2025 12:43,0,0,0,0,0,0,0,0,0,0,7,0,0,0,0,0,0,0,0,0,1
10/18/2025 12:44,0,0,0,0,0,0,0,0,0,0,2,0,0,0,0,0,0,0,0,0,1
10/18/2025 12:45,0,0,0,0,0,0,0,0,0,0,0,0,0,0,0,0,0,0,0,0,1
10/18/2025 12:46,0,0,0,0,0,0,0,0,0,0,0,0,0,0,0,0,0,0,0,0,1
10/18/2025 12:47,0,0,0,0,0,0,0,6,0,0,0,0,0,0,0,0,0,0,0,0,1
10/18/2025 12:48,0,0,0,0,0,0,0,0,0,0,0,0,0,0,0,0,0,0,0,0,1
10/18/2025 12:49,0,0,0,0,0,0,0,0,0,0,0,0,0,0,0,0,0,0,0,0,1
10/18/2025 12:50,0,0,0,0,0,0,0,0,0,0,0,0,0,0,0,0,0,0,0,0,1
10/18/2025 12:51,0,0,0,0,0,0,0,0,0,0,0,0,0,0,0,0,0,0,0,0,1
10/18/2025 12:52,0,0,0,0,0,0,0,0,0,0,0,0,0,0,0,0,0,0,0,0,1
10/18/2025 12:53,0,0,0,0,0,0,0,0,0,0,0,0,0,0,0,0,0,0,0,0,1
10/18/2025 12:54,0,0,0,0,0,0,0,0,0,0,0,0,0,0,0,0,0,0,0,0,1
10/18/2025 12:55,0,0,0,0,0,0,0,0,0,0,0,0,0,0,0,0,0,0,0,0,1
10/18/2025 12:56,0,0,0,0,0,0,0,0,0,0,0,0,0,0,0,0,0,0,0,0,1
10/18/2025 12:57,0,0,0,0,0,0,0,0,0,0,0,0,0,0,0,0,0,0,0,0,1
10/18/2025 12:58,0,0,0,0,0,0,0,0,0,0,0,0,0,0,0,0,0,0,0,0,1
10/18/2025 12:59,0,0,0,1,0,0,0,0,0,0,0,0,0,0,0,1,0,0,0,0,1
10/18/2025 13:00,0,0,0,0,0,0,0,0,0,0,0,0,0,0,0,0,0,0,0,0,1
10/18/2025 13:01,0,0,0,0,0,0,0,0,0,0,0,0,0,0,0,2,0,0,0,0,1
10/18/2025 13:02,0,0,0,0,0,0,0,0,0,0,0,0,0,0,0,0,0,0,0,0,1
10/18/2025 13:03,0,0,0,0,0,0,0,0,0,0,0,0,0,0,0,0,0,0,0,0,1
10/18/2025 13:04,0,0,10,0,0,0,0,0,0,0,0,0,0,0,0,0,0,0,0,0,1
10/18/2025 13:05,0,0,1,0,0,0,0,0,0,0,0,0,0,0,0,0,0,0,0,0,1
10/18/2025 13:06,0,0,0,0,0,0,0,0,0,0,0,0,0,0,0,0,2,3,0,0,1
10/18/2025 13:07,0,0,0,0,0,0,0,0,0,0,0,0,0,0,0,0,1,0,0,0,1
10/18/2025 13:08,0,0,0,0,10,0,0,0,0,0,0,0,0,0,0,0,3,0,0,0,1
10/18/2025 13:09,0,0,0,0,8,0,3,0,0,0,0,0,0,0,0,0,0,0,0,0,1
10/18/2025 13:10,0,0,0,0,0,0,0,0,0,0,0,6,0,0,0,0,0,0,0,0,1
10/18/2025 13:11,0,0,0,0,0,0,0,0,0,0,0,0,0,0,0,0,0,0,0,0,1
10/18/2025 13:12,0,0,0,0,0,0,0,0,0,0,0,0,0,0,0,0,0,0,0,0,1
10/18/2025 13:13,0,0,0,0,0,0,0,0,0,0,0,0,0,0,0,0,0,0,0,0,1
10/18/2025 13:14,0,0,0,0,1,0,0,0,0,0,0,0,0,0,0,0,0,0,0,0,1
10/18/2025 13:15,0,0,0,0,0,0,0,0,1,0,0,0,0,0,0,0,0,0,0,0,1
10/18/2025 13:16,0,0,0,0,0,0,0,0,0,0,0,0,0,0,0,0,0,0,0,0,1
10/18/2025 13:17,0,0,0,0,0,0,0,0,0,0,0,0,0,0,0,0,0,0,0,0,1
10/18/2025 13:18,0,0,0,0,1,0,0,0,0,0,0,0,0,0,0,0,0,0,0,0,1
10/18/2025 13:19,0,0,4,0,2,0,0,0,0,0,0,0,0,0,0,0,0,0,0,0,1
10/18/2025 13:20,0,0,1,0,0,0,0,0,0,0,0,0,0,0,0,0,0,0,0,0,1
10/18/2025 13:21,0,0,3,0,0,0,0,0,0,0,0,0,0,0,0,0,0,0,0,0,1
10/18/2025 13:22,0,0,0,0,1,0,0,0,0,0,0,0,0,0,0,0,0,0,0,0,1
10/18/2025 13:23,0,0,0,0,1,0,0,0,13,0,0,0,0,0,0,0,0,0,0,0,1
10/18/2025 13:24,0,0,6,0,1,0,0,0,0,0,0,0,0,0,0,0,0,0,0,0,1
10/18/2025 13:25,0,0,3,0,3,0,0,0,0,0,0,0,0,0,0,0,0,0,0,0,1
10/18/2025 13:26,0,0,8,0,5,0,0,0,0,0,0,0,0,0,0,0,0,0,0,0,1
10/18/2025 13:27,0,0,0,0,0,0,0,0,0,0,0,0,0,0,0,0,0,0,0,0,1
10/18/2025 13:28,0,0,0,0,0,0,0,0,1,0,0,0,0,0,0,0,0,1,0,0,1
10/18/2025 13:29,0,0,0,0,0,0,0,0,0,0,0,0,0,0,0,0,0,1,0,0,1
10/18/2025 13:30,0,0,0,0,0,0,0,0,0,0,0,0,0,0,0,0,0,0,0,0,1
10/18/2025 13:31,0,0,0,0,0,0,0,0,0,0,0,0,0,0,3,0,0,1,0,0,1
10/18/2025 13:32,1,0,0,0,0,0,0,0,0,0,0,0,0,0,0,0,0,0,0,0,1
10/18/2025 13:33,0,0,0,0,0,0,0,0,0,0,0,0,0,0,0,0,0,0,0,0,1
10/18/2025 13:34,0,0,0,0,1,0,0,0,0,0,0,0,0,0,0,0,0,0,0,0,1
10/18/2025 13:35,0,0,0,0,1,0,0,0,0,0,0,0,0,0,0,0,0,0,0,0,1
10/18/2025 13:36,0,0,0,0,0,0,0,0,0,0,0,0,0,0,0,0,0,0,0,0,1
10/18/2025 13:37,0,0,1,0,0,0,0,0,0,0,0,0,0,0,0,0,0,0,0,0,1
10/18/2025 13:38,0,0,1,0,0,0,0,0,0,0,0,0,0,0,0,0,0,0,0,0,1
10/18/2025 13:39,0,0,0,0,0,0,0,0,0,1,0,0,0,0,0,0,0,0,0,0,1
10/18/2025 13:40,0,0,0,0,0,0,0,0,0,0,0,0,0,0,0,0,0,0,0,0,1
10/18/2025 13:41,0,0,0,0,0,0,0,0,0,0,0,0,0,0,0,0,0,0,0,0,1
10/18/2025 13:42,0,0,1,0,0,1,0,0,0,0,0,0,0,0,0,0,0,0,0,0,1
10/18/2025 13:43,0,0,12,0,0,1,0,0,0,0,0,0,0,0,0,0,0,0,0,0,1
10/18/2025 13:44,0,0,1,0,0,0,0,0,0,0,0,0,0,0,0,0,0,0,0,0,1
10/18/2025 13:45,0,0,0,0,0,0,0,0,0,0,0,0,0,0,0,0,0,0,0,0,1
10/18/2025 13:46,0,0,0,0,3,0,0,0,0,0,0,0,0,0,0,0,0,0,0,0,1
10/18/2025 13:47,0,0,0,0,0,0,0,0,0,0,0,1,0,0,0,0,0,0,0,0,1
10/18/2025 13:48,0,0,0,0,0,0,0,0,0,0,0,0,0,0,0,0,0,0,0,0,1
10/18/2025 13:49,0,0,0,0,0,0,0,0,0,0,0,0,0,0,0,0,0,0,0,0,1
10/18/2025 13:50,0,0,1,0,0,0,0,0,0,0,0,0,0,0,0,0,0,0,0,0,1
10/18/2025 13:51,0,0,0,0,0,0,0,0,0,0,0,0,0,0,0,0,0,0,0,0,1
10/18/2025 13:52,0,0,0,0,0,0,0,0,0,0,0,0,0,0,0,0,0,0,0,0,1
10/18/2025 13:53,0,0,0,0,0,0,0,0,0,0,0,0,0,0,0,0,0,0,0,0,1
10/18/2025 13:54,0,0,0,0,0,0,0,0,0,0,0,0,0,0,0,0,0,0,0,0,1
10/18/2025 13:55,0,0,0,0,0,0,0,0,0,0,0,0,0,0,0,0,0,0,0,0,1
10/18/2025 13:56,0,0,0,0,0,0,0,0,0,0,0,0,0,0,0,0,0,0,0,0,1
10/18/2025 13:57,0,0,0,0,0,0,0,0,0,0,0,0,0,0,0,0,0,0,0,0,1
10/18/2025 13:58,0,0,0,0,0,0,0,0,0,0,0,0,0,0,0,0,0,0,0,0,1
10/18/2025 13:59,0,0,0,0,0,0,0,0,0,0,0,0,0,0,0,0,0,0,0,0,1
10/18/2025 14:00,0,0,0,0,0,0,0,0,0,0,0,0,0,0,0,0,0,1,0,0,1
10/18/2025 14:01,0,0,0,0,0,0,0,0,0,0,0,0,0,0,0,0,0,0,0,0,1
10/18/2025 14:02,0,0,0,0,0,0,0,0,0,0,0,0,0,0,0,0,0,0,0,0,1
10/18/2025 14:03,0,0,0,0,0,0,0,0,0,0,0,0,0,0,0,0,0,0,0,0,1
10/18/2025 14:04,0,0,0,0,0,0,0,0,0,0,0,0,0,0,0,0,0,0,0,0,1
10/18/2025 14:05,0,0,0,0,0,0,0,0,0,0,0,0,0,0,0,1,0,0,0,0,1
10/18/2025 14:06,0,0,0,0,0,0,0,0,0,0,0,0,0,0,0,0,8,0,0,0,1
10/18/2025 14:07,0,0,0,0,0,0,0,0,0,0,0,0,0,0,0,0,0,7,0,0,1
10/18/2025 14:08,0,0,0,0,0,0,0,0,0,0,0,0,0,0,0,0,0,0,0,0,1
10/18/2025 14:09,0,0,0,0,0,0,0,0,0,0,0,0,0,0,0,0,0,0,0,0,1
10/18/2025 14:10,0,0,0,0,0,0,0,0,0,0,0,0,0,0,0,0,0,0,0,0,1
10/18/2025 14:11,0,0,0,0,0,0,4,0,0,0,0,0,0,0,0,0,0,0,0,0,1
10/18/2025 14:12,0,0,0,0,0,0,1,0,0,0,0,0,0,0,0,0,0,0,1,0,1
10/18/2025 14:13,0,0,0,0,0,0,4,0,0,0,0,0,0,0,0,0,0,0,0,0,1
10/18/2025 14:14,0,0,0,0,0,0,0,0,0,0,0,0,0,0,0,0,0,0,8,0,1
10/18/2025 14:15,0,0,0,0,0,0,0,0,0,0,0,0,0,0,0,0,0,0,18,0,1
10/18/2025 14:16,0,0,0,0,0,0,0,0,0,0,0,0,0,0,0,0,0,0,2,0,1
10/18/2025 14:17,0,0,0,0,0,0,0,0,0,0,0,0,0,0,0,0,0,0,0,0,1
10/18/2025 14:18,0,0,0,0,0,0,0,0,0,0,0,0,0,0,0,0,0,0,0,0,1
10/18/2025 14:19,0,0,0,0,0,0,0,0,0,0,0,0,0,0,0,0,0,0,0,0,1
10/18/2025 14:20,0,0,0,0,0,0,0,0,0,0,0,0,0,0,0,0,0,0,0,0,1
10/18/2025 14:21,0,0,0,0,0,0,0,0,0,0,0,0,0,0,0,0,0,0,0,0,1
10/18/2025 14:22,0,0,0,0,0,0,0,0,0,0,0,0,0,0,0,0,0,0,0,0,1
10/18/2025 14:23,0,0,0,0,0,0,0,0,0,0,0,0,0,0,0,0,0,0,0,0,1
10/18/2025 14:24,0,0,0,0,0,0,0,0,0,0,0,0,0,0,0,0,0,0,0,0,1
10/18/2025 14:25,0,0,0,0,0,0,0,0,0,0,0,0,0,0,0,0,0,0,0,0,1
10/18/2025 14:26,0,0,0,0,0,0,0,0,0,0,0,0,0,0,0,0,0,0,0,0,1
10/18/2025 14:27,0,0,0,0,0,0,0,0,0,0,0,0,0,0,0,0,0,0,0,0,1
10/18/2025 14:28,0,0,0,0,0,0,0,0,0,0,0,0,0,0,0,0,0,0,0,0,1
10/18/2025 14:29,0,0,0,0,0,0,0,0,0,0,0,0,0,0,0,0,0,0,0,0,1
10/18/2025 14:30,0,0,0,0,0,0,0,0,0,0,0,0,0,0,0,0,0,0,2,0,1
10/18/2025 14:31,0,0,0,0,0,0,0,0,8,0,0,0,0,0,0,0,0,3,0,0,1
10/18/2025 14:32,0,0,0,0,0,0,0,0,9,0,0,0,0,0,0,0,0,0,0,0,1
10/18/2025 14:33,0,0,0,0,0,0,0,0,0,0,0,0,0,0,0,0,0,0,1,0,1
10/18/2025 14:34,0,0,0,0,0,0,0,0,0,0,0,0,0,0,0,0,0,0,11,0,1
10/18/2025 14:35,0,0,0,0,0,0,0,0,0,0,0,0,0,0,0,0,0,0,0,0,1
10/18/2025 14:36,0,0,0,0,0,0,0,0,0,0,0,0,0,0,0,0,0,0,1,0,1
10/18/2025 14:37,0,0,0,0,0,0,0,0,0,0,0,0,0,0,0,0,0,3,0,0,1
10/18/2025 14:38,0,0,0,0,0,0,0,0,0,0,0,0,0,0,0,0,0,9,0,0,1
10/18/2025 14:39,0,0,0,0,0,0,0,0,0,0,0,0,0,0,0,0,0,3,0,0,1
10/18/2025 14:40,0,0,0,0,0,0,0,0,0,0,0,1,0,0,0,0,0,7,0,0,1
10/18/2025 14:41,0,0,0,0,0,0,0,0,0,0,0,0,0,0,0,0,0,8,0,0,1
10/18/2025 14:42,0,0,0,0,0,0,0,0,0,0,0,0,0,0,0,6,0,16,0,0,1
10/18/2025 14:43,0,0,0,0,0,0,0,0,0,0,0,0,0,0,0,0,0,14,0,0,1
10/18/2025 14:44,0,0,0,0,0,0,0,0,0,0,0,0,0,0,0,0,0,18,0,0,1
10/18/2025 14:45,0,0,0,0,0,0,0,0,0,0,0,0,0,0,0,0,0,18,0,0,1
10/18/2025 14:46,0,0,0,0,0,0,0,0,0,0,0,0,0,0,0,0,0,36,0,0,1
10/18/2025 14:47,0,0,0,0,0,0,0,0,0,0,0,0,0,0,0,0,0,32,0,0,1
10/18/2025 14:48,0,0,0,0,0,0,0,0,7,0,0,0,0,0,0,0,0,40,0,0,1
10/18/2025 14:49,0,0,0,0,0,0,0,0,1,0,0,0,0,0,0,0,0,29,0,0,1
10/18/2025 14:50,0,0,0,0,0,0,0,0,0,0,0,0,0,0,0,0,0,44,0,0,1
10/18/2025 14:51,0,0,0,0,0,0,0,0,0,0,0,0,0,0,0,0,0,54,0,0,1
10/18/2025 14:52,1,0,0,0,0,0,0,0,0,0,0,0,0,0,0,0,0,41,0,0,1
10/18/2025 14:53,0,0,0,0,0,0,0,0,0,0,0,0,0,0,0,0,0,43,0,0,1
10/18/2025 14:54,0,0,0,0,0,0,0,0,1,0,0,0,0,0,0,0,0,30,0,0,1
10/18/2025 14:55,0,0,0,0,0,0,0,0,0,0,0,0,0,0,0,0,0,27,0,0,1
10/18/2025 14:56,0,0,0,0,0,0,0,0,0,0,0,0,0,0,0,0,0,9,0,0,1
10/18/2025 14:57,0,0,0,0,0,0,0,0,0,0,0,0,0,0,0,0,0,5,0,0,1
10/18/2025 14:58,0,0,0,0,0,0,0,0,0,0,0,0,0,0,0,0,0,0,0,0,1
10/18/2025 14:59,0,0,0,0,0,0,0,0,0,0,0,0,0,0,0,0,0,0,0,0,1
10/18/2025 15:00,0,0,0,0,0,0,0,0,0,0,0,0,0,0,0,0,0,0,0,0,1
10/18/2025 15:01,0,0,0,0,0,0,0,0,0,0,0,0,0,0,0,0,0,1,0,0,1
10/18/2025 15:02,0,0,0,0,0,0,0,0,0,0,0,0,0,0,0,0,0,0,0,0,1
10/18/2025 15:03,0,0,0,0,0,0,0,0,6,0,0,0,0,0,0,0,0,0,6,0,1
10/18/2025 15:04,0,0,0,0,0,0,0,0,7,0,0,0,0,0,0,0,0,0,0,0,1
10/18/2025 15:05,0,0,0,0,0,0,0,0,10,0,0,0,0,0,0,0,0,0,0,0,1
10/18/2025 15:06,0,0,0,0,0,0,0,0,5,0,0,0,0,0,0,0,0,1,0,0,1
10/18/2025 15:07,0,0,0,0,0,0,0,0,10,0,0,0,0,0,0,0,1,0,0,0,1
10/18/2025 15:08,0,0,0,0,0,0,0,0,2,0,0,0,0,0,0,0,3,0,0,0,1
10/18/2025 15:09,0,0,0,6,0,0,0,0,0,1,0,0,0,0,0,0,7,0,0,0,1
10/18/2025 15:10,0,0,0,4,0,0,0,0,0,1,0,0,0,0,0,0,7,0,0,0,1
10/18/2025 15:11,0,0,0,0,0,0,0,0,0,1,0,0,0,2,0,0,12,0,0,0,1
10/18/2025 15:12,0,0,0,0,0,0,0,0,0,0,0,0,8,0,8,0,10,0,0,0,1
10/18/2025 15:13,0,0,0,0,0,0,0,0,0,0,0,0,0,0,1,0,8,0,0,0,1
10/18/2025 15:14,0,0,0,0,0,0,0,0,0,0,0,0,0,0,0,0,12,0,0,0,1
10/18/2025 15:15,1,0,0,0,0,0,0,0,0,0,0,0,0,0,0,0,9,0,0,0,1
10/18/2025 15:16,0,0,0,0,0,0,0,0,0,0,0,0,0,0,0,0,10,0,0,0,1
10/18/2025 15:17,0,0,0,0,0,0,0,0,0,0,0,0,0,0,0,0,0,0,0,0,1
10/18/2025 15:18,0,0,0,0,0,0,0,0,0,0,0,0,0,0,0,0,7,0,0,0,1
10/18/2025 15:19,0,0,0,0,0,0,0,0,0,0,0,0,0,0,0,0,2,0,0,0,1
10/18/2025 15:20,0,0,0,0,0,0,0,0,0,0,0,0,0,0,0,0,0,0,0,0,1
10/18/2025 15:21,0,0,0,0,0,0,0,0,0,0,0,0,0,0,0,3,0,0,0,0,1
10/18/2025 15:22,0,0,2,0,0,0,0,0,0,0,0,0,0,0,0,2,0,0,0,0,1
10/18/2025 15:23,0,0,0,0,0,5,0,0,0,0,0,0,0,0,0,0,0,0,0,0,1
10/18/2025 15:24,0,0,0,0,0,0,0,0,0,0,0,0,0,0,0,4,0,0,0,0,1
10/18/2025 15:25,0,0,0,0,0,0,0,0,0,0,0,0,0,0,0,0,0,0,0,0,1
10/18/2025 15:26,0,0,0,0,0,0,0,0,0,0,0,0,0,0,0,0,0,0,0,0,1
10/18/2025 15:27,0,0,0,0,0,0,0,0,0,0,0,0,0,0,0,0,0,0,0,0,1
10/18/2025 15:28,0,0,0,0,0,0,0,0,0,0,0,0,0,0,0,0,0,0,0,0,1
10/18/2025 15:29,0,0,0,0,0,0,0,0,0,0,0,0,0,0,0,0,0,0,0,0,1
10/18/2025 15:30,0,0,0,0,0,0,0,0,0,12,0,0,0,0,0,0,0,0,0,0,1
10/18/2025 15:31,0,0,0,0,0,0,0,2,0,0,0,0,0,0,0,0,0,0,0,0,1
10/18/2025 15:32,0,0,0,0,0,0,0,0,0,0,0,0,0,0,0,0,0,0,0,0,1
10/18/2025 15:33,0,0,0,0,0,0,0,0,0,1,0,0,0,0,0,0,0,0,0,0,1
10/18/2025 15:34,0,0,0,7,0,0,0,0,0,0,0,0,0,0,0,0,0,0,0,0,1
10/18/2025 15:35,0,0,0,0,0,0,0,0,0,0,0,0,0,0,0,0,0,0,0,0,1
10/18/2025 15:36,0,0,0,0,0,0,0,0,0,1,0,0,0,0,0,0,0,0,0,0,1
10/18/2025 15:37,0,0,0,0,0,0,0,0,0,0,0,0,0,0,0,0,0,0,0,0,1
10/18/2025 15:38,0,0,0,0,0,0,0,0,0,0,0,0,0,0,0,0,0,0,0,0,1
10/18/2025 15:39,0,0,0,0,0,0,0,0,0,0,0,0,0,0,0,0,0,0,0,0,1
10/18/2025 15:40,0,0,0,0,0,0,2,0,0,0,0,0,0,0,0,0,0,0,0,0,1
10/18/2025 15:41,0,0,0,0,0,0,1,0,0,0,0,0,0,0,0,0,0,0,0,0,1
10/18/2025 15:42,0,0,0,0,0,0,1,0,0,0,0,0,0,0,0,0,0,0,0,0,1
10/18/2025 15:43,0,0,0,0,0,0,0,0,0,0,0,0,0,0,0,0,0,0,0,0,1
10/18/2025 15:44,0,0,0,0,0,0,0,0,0,0,0,1,0,0,0,0,0,0,0,0,1
10/18/2025 15:45,0,0,0,0,0,0,0,0,0,0,0,2,0,0,0,0,0,0,0,0,1
10/18/2025 15:46,0,0,0,0,0,0,0,0,0,0,0,0,0,0,0,0,0,0,0,0,1
10/18/2025 15:47,0,0,0,0,0,0,0,0,0,0,0,0,0,0,0,0,7,0,0,0,1
10/18/2025 15:48,0,0,0,0,0,0,0,0,0,0,0,0,0,0,0,0,2,0,0,0,1
10/18/2025 15:49,0,0,0,0,0,0,0,0,0,0,0,0,0,0,0,0,3,0,0,0,1
10/18/2025 15:50,0,0,0,0,0,2,0,0,0,0,0,0,0,0,0,0,3,0,0,0,1
10/18/2025 15:51,0,0,0,0,3,1,0,0,0,0,0,0,0,0,0,0,0,0,0,0,1
10/18/2025 15:52,0,0,0,0,0,0,0,0,0,0,0,0,0,0,0,0,0,0,0,0,1
10/18/2025 15:53,0,0,0,0,0,0,0,0,0,0,0,0,0,0,0,0,0,0,0,0,1
10/18/2025 15:54,0,0,0,0,0,3,0,0,0,0,0,0,0,0,0,0,0,0,0,0,1
10/18/2025 15:55,0,0,0,0,0,0,0,0,0,0,0,0,0,0,0,0,0,0,0,0,1
10/18/2025 15:56,0,0,0,0,0,2,0,0,0,0,0,0,0,0,0,0,0,0,0,0,1
10/18/2025 15:57,0,0,0,1,0,0,0,0,0,0,0,0,0,0,0,0,0,0,0,0,1
10/18/2025 15:58,0,0,0,0,0,0,0,0,0,0,0,0,0,0,0,0,0,0,0,0,1
10/18/2025 15:59,0,0,0,0,0,0,11,0,0,0,0,0,0,0,0,0,0,0,0,0,1
10/18/2025 16:00,0,0,0,0,0,0,11,0,0,0,0,0,0,0,0,0,0,0,0,0,1
10/18/2025 16:01,0,0,0,0,0,0,0,0,0,0,0,0,0,0,0,0,1,0,0,0,1
10/18/2025 16:02,0,0,0,0,0,0,0,0,0,0,0,0,0,0,0,0,0,0,0,0,1
10/18/2025 16:03,0,0,0,0,0,0,0,0,0,0,0,0,0,0,0,0,0,0,0,0,1
10/18/2025 16:04,0,0,0,0,0,0,0,0,0,0,0,0,0,0,0,0,0,0,0,0,1
10/18/2025 16:05,0,0,0,0,0,0,0,0,0,0,0,0,0,0,0,0,0,0,1,0,1
10/18/2025 16:06,0,0,0,0,0,0,0,0,0,0,0,0,0,0,0,0,0,0,0,0,1
10/18/2025 16:07,0,0,0,0,0,0,0,0,0,0,0,0,0,0,0,0,0,0,0,0,1
10/18/2025 16:08,0,0,0,0,0,0,0,0,0,0,0,0,0,0,0,0,0,0,0,0,1
10/18/2025 16:09,0,0,0,1,0,0,0,0,0,0,0,0,0,0,0,0,0,0,0,0,1
10/18/2025 16:10,0,0,0,1,0,0,0,0,0,0,0,0,0,0,0,0,0,0,0,0,1
10/18/2025 16:11,0,0,0,0,0,0,0,0,0,0,0,0,0,0,0,0,0,0,0,0,1
10/18/2025 16:12,0,0,0,0,0,0,0,0,0,0,0,0,0,0,0,0,0,0,0,0,1
10/18/2025 16:13,0,0,0,0,0,0,0,0,0,0,0,0,0,0,0,0,0,0,0,0,1
10/18/2025 16:14,0,0,0,0,0,0,0,0,0,0,0,0,0,0,0,0,0,0,0,0,1
10/18/2025 16:15,0,0,0,0,0,0,0,0,0,0,0,0,0,0,0,0,0,0,0,0,1
10/18/2025 16:16,0,0,0,0,0,0,0,0,0,0,0,0,0,0,0,0,0,0,0,0,1
10/18/2025 16:17,0,0,0,0,0,0,0,0,0,0,0,0,0,0,0,0,0,0,0,0,1
10/18/2025 16:18,0,0,0,0,0,0,0,0,0,0,0,0,0,0,0,0,0,0,0,0,1
10/18/2025 16:19,0,0,0,0,0,0,0,0,0,0,0,0,0,0,0,0,0,0,0,0,1
10/18/2025 16:20,0,0,0,0,0,0,0,0,0,0,0,0,0,0,0,0,0,0,0,0,1
10/18/2025 16:21,1,0,0,0,0,1,0,0,0,0,0,0,0,0,0,0,0,0,0,0,1
10/18/2025 16:22,2,0,0,0,0,0,0,0,0,0,0,0,0,0,0,0,0,0,0,0,1
10/18/2025 16:23,0,0,0,0,0,0,0,0,0,0,0,0,0,0,0,0,0,2,0,0,1
10/18/2025 16:24,0,0,0,0,0,0,0,0,0,0,0,0,0,0,0,1,0,0,0,0,1
10/18/2025 16:25,0,0,0,0,0,0,0,0,6,0,0,0,0,0,0,0,0,0,0,0,1
10/18/2025 16:26,0,0,0,0,0,0,0,0,0,0,0,0,0,0,0,0,0,0,0,0,1
10/18/2025 16:27,0,0,0,0,0,0,0,0,0,0,0,7,0,0,0,0,0,0,0,0,1
10/18/2025 16:28,0,0,0,0,0,0,0,0,0,0,0,10,0,0,0,0,0,0,0,0,1
10/18/2025 16:29,0,0,0,0,0,0,0,0,0,0,0,4,0,0,0,0,0,0,0,0,1
10/18/2025 16:30,0,0,0,0,0,0,0,0,0,0,0,0,0,0,0,0,0,0,0,0,1
10/18/2025 16:31,0,0,0,0,0,0,0,0,0,0,0,0,0,0,0,0,0,0,0,0,1
10/18/2025 16:32,0,0,0,0,0,0,0,0,0,2,0,0,0,0,0,0,0,0,0,0,1
10/18/2025 16:33,0,0,0,1,0,0,0,0,0,0,0,0,0,0,0,0,0,0,0,0,1
10/18/2025 16:34,0,0,0,1,0,1,0,0,0,0,0,0,0,0,0,0,0,0,0,0,1
10/18/2025 16:35,0,0,0,0,0,25,0,0,0,0,0,0,0,0,0,0,0,0,0,0,1
10/18/2025 16:36,0,0,0,0,0,4,0,2,0,0,0,0,0,0,0,0,0,0,0,0,1
10/18/2025 16:37,0,0,0,0,0,0,0,5,0,0,0,2,0,0,0,0,0,0,0,0,1
10/18/2025 16:38,0,0,0,0,0,1,0,3,0,0,0,3,0,0,0,0,0,0,0,0,1
10/18/2025 16:39,0,0,0,0,0,0,0,0,0,0,0,2,0,0,0,0,0,0,0,0,1
10/18/2025 16:40,0,0,0,0,0,0,0,0,0,0,0,1,0,0,0,0,0,0,0,0,1
10/18/2025 16:41,0,0,0,0,0,0,0,0,0,0,0,2,0,0,0,0,0,0,0,0,1
10/18/2025 16:42,0,0,0,0,0,0,0,0,0,0,0,3,0,0,0,0,0,0,0,0,1
10/18/2025 16:43,0,0,0,0,0,0,0,0,0,0,0,1,0,0,0,0,0,0,0,0,1
10/18/2025 16:44,0,0,0,0,0,0,0,0,0,0,0,2,0,0,0,0,0,0,0,0,1
10/18/2025 16:45,0,0,2,0,0,0,0,0,0,0,0,7,0,0,0,0,0,0,0,0,1
10/18/2025 16:46,0,0,0,0,0,0,0,0,0,0,0,3,0,0,0,0,0,0,0,0,1
10/18/2025 16:47,0,0,13,0,0,0,0,0,0,0,0,2,0,0,0,0,0,0,5,0,1
10/18/2025 16:48,0,0,0,0,0,0,0,0,0,0,0,17,5,0,0,0,0,0,2,0,1
10/18/2025 16:49,0,0,0,0,0,0,0,0,0,0,0,5,0,0,0,0,0,0,0,0,1
10/18/2025 16:50,0,0,0,0,0,0,0,0,0,0,0,1,0,0,0,0,0,0,0,0,1
10/18/2025 16:51,0,0,0,0,0,0,0,0,0,0,0,2,0,0,0,0,0,0,0,0,1
10/18/2025 16:52,0,0,0,0,0,0,0,0,0,0,0,4,0,0,0,0,0,0,0,0,1
10/18/2025 16:53,8,0,0,0,0,0,0,0,0,0,0,14,0,0,0,0,0,0,0,0,1
10/18/2025 16:54,5,0,0,0,0,0,0,0,0,0,0,23,0,0,0,0,0,0,0,0,1
10/18/2025 16:55,11,0,0,0,0,0,0,0,0,0,0,10,0,0,0,1,0,0,0,0,1
10/18/2025 16:56,8,0,0,0,0,0,0,0,0,0,25,4,0,0,0,0,0,0,0,0,1
10/18/2025 16:57,1,0,0,0,0,0,0,0,0,0,11,6,0,0,0,0,0,0,0,0,1
10/18/2025 16:58,5,0,0,0,0,0,0,0,0,0,0,7,0,0,0,0,0,0,0,0,1
10/18/2025 16:59,3,0,0,0,0,0,0,0,0,0,0,10,0,0,0,0,0,0,0,0,1
10/18/2025 17:00,0,0,0,0,0,0,0,0,0,0,1,3,0,0,0,0,0,0,0,0,1
10/18/2025 17:01,0,0,0,0,0,4,0,0,0,0,0,5,0,0,0,0,0,0,0,0,1
10/18/2025 17:02,0,0,0,0,0,0,0,0,0,0,0,7,0,0,0,0,0,0,0,0,1
10/18/2025 17:03,0,0,0,0,0,0,0,0,0,0,0,0,0,0,0,0,0,0,0,0,1
10/18/2025 17:04,0,0,0,0,0,0,0,0,0,0,0,1,0,0,0,0,0,0,0,4,1
10/18/2025 17:05,0,0,0,0,0,0,0,0,0,0,0,0,0,0,0,0,0,0,0,0,1
10/18/2025 17:06,0,0,0,0,0,0,0,0,0,0,0,0,0,0,0,0,0,0,0,0,1
10/18/2025 17:07,0,0,9,0,0,0,0,0,0,0,0,0,0,0,0,0,0,5,0,0,1
10/18/2025 17:08,0,0,4,0,0,0,0,0,0,0,0,0,0,0,2,0,0,1,0,0,1
10/18/2025 17:09,0,0,0,0,0,0,0,0,0,0,0,0,0,0,2,0,0,5,0,0,1
10/18/2025 17:10,0,0,0,0,0,0,0,0,0,0,0,0,0,0,0,0,0,5,0,0,1
10/18/2025 17:11,0,0,0,0,0,0,0,0,0,0,0,0,0,0,0,0,0,3,0,0,1
10/18/2025 17:12,0,0,0,0,0,0,0,0,0,0,0,0,0,0,0,0,0,6,0,0,1
10/18/2025 17:13,0,0,0,0,0,0,0,0,0,0,0,0,0,0,0,0,0,6,0,0,1
10/18/2025 17:14,0,0,0,0,0,0,0,0,0,0,0,0,0,0,0,0,0,11,0,0,1
10/18/2025 17:15,0,0,0,0,0,0,0,0,0,0,0,0,0,0,0,0,0,14,0,0,1
10/18/2025 17:16,0,0,0,0,0,0,0,0,0,0,0,0,0,0,0,6,0,10,0,0,1
10/18/2025 17:17,0,0,0,0,0,0,0,0,0,0,0,0,0,0,0,5,0,0,0,0,1
10/18/2025 17:18,0,0,0,0,0,0,0,0,0,0,0,0,0,0,0,0,0,0,0,0,1
10/18/2025 17:19,0,0,0,2,0,0,0,0,0,0,0,0,0,0,0,0,0,0,0,0,1
10/18/2025 17:20,0,0,0,0,0,0,0,0,4,0,0,0,0,0,0,0,0,0,0,0,1
10/18/2025 17:21,0,0,0,0,0,0,0,0,1,0,0,0,0,0,0,0,0,0,0,0,1
10/18/2025 17:22,0,0,0,0,0,0,0,0,0,0,0,0,0,1,0,0,0,0,0,0,1
10/18/2025 17:23,0,0,0,0,0,0,0,0,0,0,0,0,0,7,0,0,0,0,0,0,1
10/18/2025 17:24,0,0,0,0,0,0,0,0,0,0,0,0,0,0,0,0,0,0,0,0,1
10/18/2025 17:25,0,0,0,0,0,0,0,0,0,0,0,0,0,1,0,0,0,0,0,0,1
10/18/2025 17:26,0,0,0,0,0,0,4,0,0,0,0,0,0,9,0,0,0,0,0,0,1
10/18/2025 17:27,0,0,0,0,0,0,0,0,0,0,0,0,0,0,0,0,0,0,0,0,1
10/18/2025 17:28,0,0,0,0,0,0,0,0,0,0,0,0,0,0,0,0,0,0,0,0,1
10/18/2025 17:29,0,0,0,0,0,0,0,0,0,0,0,0,0,3,0,0,0,0,0,0,1
10/18/2025 17:30,0,0,0,0,0,0,1,0,0,0,0,0,0,1,0,0,0,0,0,0,1
10/18/2025 17:31,0,0,0,0,0,0,0,0,0,0,0,0,0,0,0,0,0,0,0,0,1
10/18/2025 17:32,0,0,0,0,0,0,0,0,0,0,0,0,0,0,0,0,0,0,0,0,1
10/18/2025 17:33,0,0,0,0,0,0,0,0,0,0,0,0,0,0,0,0,0,0,0,0,1
10/18/2025 17:34,0,0,0,0,0,0,0,0,0,5,0,0,0,0,0,0,0,0,0,0,1
10/18/2025 17:35,0,0,0,0,3,0,0,0,0,4,0,0,0,0,0,0,0,0,0,0,1
10/18/2025 17:36,0,0,0,0,0,0,0,0,0,5,0,0,0,0,0,0,0,0,0,0,1
10/18/2025 17:37,0,0,0,0,0,0,0,0,0,0,0,0,0,0,0,0,0,0,0,0,1
10/18/2025 17:38,0,0,0,0,0,0,0,0,0,0,0,0,0,0,0,0,0,0,0,0,1
10/18/2025 17:39,0,0,0,0,0,0,0,0,0,0,0,0,0,0,0,0,0,0,0,0,1
10/18/2025 17:40,0,0,0,0,0,0,0,0,0,0,0,0,0,0,0,0,0,0,0,0,1
10/18/2025 17:41,0,0,0,0,0,0,0,0,0,0,0,0,0,0,2,0,0,0,0,0,1
10/18/2025 17:42,0,0,0,0,0,0,0,0,0,0,0,0,0,0,0,0,0,0,0,0,1
10/18/2025 17:43,0,0,0,0,0,0,0,0,0,0,0,0,0,2,0,0,7,0,0,0,1
10/18/2025 17:44,0,0,4,0,0,0,1,0,0,0,0,0,0,0,0,0,3,0,0,0,1
10/18/2025 17:45,0,0,25,0,0,0,0,0,0,0,0,0,0,7,0,0,0,0,0,0,1
10/18/2025 17:46,0,0,25,0,0,0,0,0,0,0,0,0,0,1,0,0,0,0,0,0,1
10/18/2025 17:47,0,0,26,0,0,0,0,0,0,0,0,0,0,4,0,0,0,0,0,0,1
10/18/2025 17:48,0,0,21,0,0,0,0,0,0,0,0,0,0,2,0,0,0,0,0,0,1
10/18/2025 17:49,0,0,46,0,0,0,0,0,0,0,0,0,0,2,0,0,11,0,0,0,1
10/18/2025 17:50,0,0,67,0,0,0,3,0,0,0,0,0,2,0,0,0,0,0,0,0,1
10/18/2025 17:51,0,0,32,0,0,0,0,0,0,1,0,0,0,0,0,0,0,0,0,0,1
10/18/2025 17:52,0,0,23,0,0,0,3,0,0,0,0,0,0,0,0,0,0,0,0,0,1
10/18/2025 17:53,0,0,30,0,0,0,0,0,0,0,0,0,0,0,0,0,0,0,0,0,1
10/18/2025 17:54,0,0,4,0,0,0,0,0,0,0,0,0,0,0,0,0,1,0,0,0,1
10/18/2025 17:55,0,0,1,0,0,0,0,0,0,0,0,0,0,0,0,0,0,0,0,0,1
10/18/2025 17:56,0,0,2,0,0,0,0,0,0,0,0,0,0,0,0,0,0,0,0,0,1
10/18/2025 17:57,0,0,7,0,0,0,0,0,0,0,0,0,0,0,0,0,0,0,0,0,1
10/18/2025 17:58,0,0,7,0,0,0,0,0,0,0,0,0,0,0,0,0,0,0,0,0,1
10/18/2025 17:59,0,0,10,0,0,0,0,0,0,0,0,0,0,0,0,0,0,0,0,0,1
10/18/2025 18:00,0,0,11,0,0,0,0,0,0,0,0,0,0,0,0,0,0,0,0,0,1
10/18/2025 18:01,0,0,36,0,0,0,0,0,0,0,0,0,0,0,0,0,0,0,0,0,1
10/18/2025 18:02,0,0,23,0,0,0,0,0,0,0,0,0,0,0,0,0,0,0,0,0,1
10/18/2025 18:03,0,0,22,0,0,0,0,0,0,0,0,0,0,0,0,0,0,0,0,0,1
10/18/2025 18:04,0,0,7,0,0,0,0,0,0,0,0,0,0,0,0,1,0,0,0,0,1
10/18/2025 18:05,0,0,8,0,0,0,0,0,1,0,0,0,0,0,0,0,0,0,0,0,1
10/18/2025 18:06,0,0,0,0,1,0,0,0,0,0,0,0,0,0,0,0,0,0,0,0,1
10/18/2025 18:07,0,0,0,0,1,0,0,0,0,0,0,0,0,1,0,0,0,0,0,0,1
10/18/2025 18:08,0,0,0,0,6,0,0,0,0,0,0,0,0,8,0,0,0,0,0,0,1
10/18/2025 18:09,0,0,0,0,0,0,0,0,0,0,0,0,0,2,0,0,0,0,0,0,1
10/18/2025 18:10,0,0,0,0,0,0,0,0,0,0,0,0,0,0,0,0,0,0,0,0,1
10/18/2025 18:11,0,0,0,0,0,0,0,0,0,0,0,0,0,0,0,0,0,0,0,0,1
10/18/2025 18:12,0,0,0,0,0,0,0,0,0,0,0,0,0,0,0,0,0,0,0,0,1
10/18/2025 18:13,0,0,0,0,0,0,0,0,0,0,0,0,0,0,0,0,0,0,0,0,1
10/18/2025 18:14,0,0,0,0,0,0,0,0,0,0,0,0,0,0,0,0,0,0,0,0,1
10/18/2025 18:15,0,0,0,0,0,0,0,0,0,0,0,0,0,0,0,0,4,0,0,0,1
10/18/2025 18:16,0,0,0,0,0,0,0,0,0,0,0,0,0,0,0,0,0,0,0,0,1
10/18/2025 18:17,0,0,0,0,0,0,0,0,0,0,0,0,0,0,0,0,0,0,0,0,1
10/18/2025 18:18,0,0,0,0,0,0,0,0,4,0,0,0,0,0,0,2,1,0,0,0,1
10/18/2025 18:19,0,0,0,0,0,0,0,0,0,0,0,0,0,0,0,0,4,0,0,0,1
10/18/2025 18:20,0,0,1,0,0,0,0,0,0,0,0,0,0,0,0,0,6,0,0,0,1
10/18/2025 18:21,0,0,0,0,0,0,0,0,0,0,0,0,0,0,0,0,7,0,0,0,1
10/18/2025 18:22,0,0,0,0,0,0,0,0,0,0,0,0,0,0,0,0,4,0,0,0,1
10/18/2025 18:23,0,0,0,0,0,0,0,0,0,0,0,0,0,0,0,0,2,0,0,0,1
10/18/2025 18:24,0,0,0,0,0,0,0,0,0,0,0,0,0,0,0,0,10,0,0,0,1
10/18/2025 18:25,0,0,0,0,0,0,0,0,0,0,0,0,0,0,0,0,9,0,0,0,1
10/18/2025 18:26,0,0,0,0,0,0,0,0,0,0,0,0,0,0,4,0,5,0,0,0,1
10/18/2025 18:27,0,0,0,0,0,0,0,0,0,0,8,0,0,0,2,0,4,0,0,0,1
10/18/2025 18:28,0,0,0,0,0,0,0,0,0,0,2,0,0,0,0,0,3,0,0,0,1
10/18/2025 18:29,0,0,0,0,0,0,0,0,0,0,0,0,0,0,0,0,1,0,0,0,1
10/18/2025 18:30,0,0,0,0,0,0,0,0,0,0,0,0,0,0,0,0,0,0,6,0,1
10/18/2025 18:31,0,0,0,0,0,0,0,0,0,0,0,0,0,0,0,0,0,0,0,0,1
10/18/2025 18:32,0,0,0,0,0,0,0,0,0,0,0,0,0,0,0,0,0,0,0,0,1
10/18/2025 18:33,0,0,0,0,0,0,0,0,0,0,0,0,0,0,0,0,0,0,0,0,1
10/18/2025 18:34,0,0,0,0,0,0,0,0,0,0,0,0,0,0,0,0,0,0,0,0,1
10/18/2025 18:35,0,0,0,0,0,0,0,0,0,0,3,0,0,0,0,0,0,1,0,0,1
10/18/2025 18:36,0,0,0,0,0,0,0,0,0,0,2,0,0,0,0,0,0,0,0,0,1
10/18/2025 18:37,0,0,8,0,0,0,0,0,0,0,2,0,0,0,0,0,0,0,0,0,1
10/18/2025 18:38,0,0,0,0,0,0,0,7,0,0,0,0,0,0,0,0,0,0,0,0,1
10/18/2025 18:39,0,0,0,0,0,0,0,3,0,0,1,0,0,0,0,0,0,0,0,0,1
10/18/2025 18:40,0,0,0,0,0,0,0,0,0,0,0,0,0,0,0,0,0,0,0,0,1
10/18/2025 18:41,0,0,0,0,0,0,0,0,0,0,0,0,0,0,0,0,0,0,0,0,1
10/18/2025 18:42,0,0,0,0,0,0,0,0,0,11,1,0,0,0,0,0,0,0,0,0,1
10/18/2025 18:43,0,0,0,0,0,0,0,0,0,0,0,0,0,0,0,0,0,0,0,0,1
10/18/2025 18:44,0,0,0,0,0,0,0,0,0,0,0,0,0,0,0,0,0,0,0,0,1
10/18/2025 18:45,0,0,0,0,0,0,0,0,0,0,0,0,0,0,0,0,0,0,0,0,1
10/18/2025 18:46,0,0,0,0,0,0,0,0,0,0,1,0,0,0,0,0,0,0,0,0,1
10/18/2025 18:47,0,0,0,0,0,0,0,0,0,0,0,8,0,0,0,0,0,0,0,0,1
10/18/2025 18:48,0,0,0,0,0,0,0,0,0,0,0,1,0,0,0,0,0,0,0,0,1
10/18/2025 18:49,0,0,0,0,0,0,0,0,0,0,0,0,0,0,0,0,0,0,0,0,1
10/18/2025 18:50,0,0,0,0,0,0,0,0,0,0,0,0,0,0,0,0,0,0,0,0,1
10/18/2025 18:51,0,0,0,0,0,0,0,0,0,0,0,0,0,0,0,0,0,0,0,0,1
10/18/2025 18:52,0,0,0,0,0,0,0,0,0,0,0,0,0,0,0,0,0,0,0,0,1
10/18/2025 18:53,0,0,0,0,0,0,0,2,1,0,0,0,0,0,0,0,0,0,0,0,1
10/18/2025 18:54,0,0,0,0,0,0,0,0,0,0,0,0,0,0,0,0,0,0,0,0,1
10/18/2025 18:55,0,0,0,8,0,0,0,2,0,0,0,0,0,0,0,0,0,0,0,0,1
10/18/2025 18:56,0,0,0,12,0,0,0,0,0,0,0,0,0,0,0,0,0,8,0,0,1
10/18/2025 18:57,0,0,0,4,0,0,0,2,0,0,0,0,0,0,0,0,0,0,0,0,1
10/18/2025 18:58,0,0,0,3,0,0,0,4,0,0,0,0,0,0,0,0,0,0,0,0,1
10/18/2025 18:59,0,0,0,12,0,0,0,0,0,0,0,0,0,0,0,0,0,0,0,0,1
10/18/2025 19:00,0,0,0,0,0,0,0,0,0,0,0,0,0,0,0,0,0,0,0,0,1
10/18/2025 19:01,0,0,0,5,0,0,0,0,0,0,0,0,0,0,0,0,0,0,0,0,1
10/18/2025 19:02,0,0,0,6,0,0,0,6,0,0,7,0,0,0,0,0,0,0,0,0,1
10/18/2025 19:03,1,0,0,5,0,5,0,0,0,0,2,0,0,0,0,0,0,0,0,0,1
10/18/2025 19:04,3,0,0,2,0,0,0,0,0,0,4,0,0,0,0,0,0,0,0,0,1
10/18/2025 19:05,0,0,0,1,0,0,0,0,0,0,3,0,0,0,0,0,0,0,0,0,1
10/18/2025 19:06,0,0,0,4,0,0,0,1,0,0,0,0,0,0,0,0,0,0,0,0,1
10/18/2025 19:07,0,0,0,1,0,0,0,0,0,0,0,0,0,0,0,0,0,0,0,0,1
10/18/2025 19:08,0,0,0,0,0,0,0,0,0,0,0,0,0,0,0,0,0,0,0,0,1
10/18/2025 19:09,0,0,0,0,0,0,0,0,0,0,0,0,0,0,0,0,0,0,0,0,1
10/18/2025 19:10,0,0,0,2,0,0,0,0,0,0,0,0,0,0,0,0,0,0,0,0,1
10/18/2025 19:11,0,0,0,4,0,0,0,0,0,0,0,0,0,0,0,0,0,0,0,0,1
10/18/2025 19:12,0,0,0,9,0,1,0,0,0,0,0,0,0,0,0,0,0,0,0,0,1
10/18/2025 19:13,0,0,0,12,0,5,0,0,0,0,0,0,0,0,0,0,0,0,0,0,1
10/18/2025 19:14,0,0,0,10,0,19,0,0,0,0,0,0,0,0,0,0,0,0,0,0,1
10/18/2025 19:15,0,0,0,8,0,42,0,0,0,0,0,0,0,0,0,2,0,0,0,0,1
10/18/2025 19:16,0,0,0,7,0,25,0,0,0,0,0,0,0,0,0,3,0,0,0,0,1
10/18/2025 19:17,0,0,0,1,0,15,0,0,0,0,0,0,0,0,0,0,0,0,0,0,1
10/18/2025 19:18,0,0,0,1,0,10,0,0,0,0,0,0,0,0,0,0,0,0,0,0,1
10/18/2025 19:19,0,0,0,0,0,15,5,0,0,0,0,0,0,0,0,0,0,1,0,0,1
10/18/2025 19:20,0,0,0,0,0,7,1,0,0,0,0,0,0,0,0,0,0,0,0,0,1
10/18/2025 19:21,0,0,0,2,0,1,0,0,0,0,0,0,0,0,0,0,0,0,0,0,1
10/18/2025 19:22,0,0,0,19,0,25,0,0,0,0,0,0,0,0,0,0,0,0,0,0,1
10/18/2025 19:23,0,0,0,20,0,18,0,0,0,0,0,0,0,0,0,0,0,0,0,0,1
10/18/2025 19:24,0,0,0,20,0,10,0,0,0,0,0,0,0,0,0,0,0,0,0,0,1
10/18/2025 19:25,0,0,0,9,0,0,0,0,0,0,0,0,0,0,0,0,0,0,0,0,1
10/18/2025 19:26,0,0,0,7,0,0,0,0,0,0,0,0,0,0,0,0,0,0,0,0,1
10/18/2025 19:27,0,0,0,7,0,0,0,0,0,0,0,0,0,0,0,0,0,0,0,0,1
10/18/2025 19:28,0,0,0,0,0,1,0,0,0,0,0,0,0,0,0,0,0,0,0,0,1
10/18/2025 19:29,0,0,0,1,0,0,0,1,0,0,0,0,0,0,0,0,0,0,0,0,1
10/18/2025 19:30,0,0,0,0,0,0,0,0,0,0,0,0,0,0,2,0,0,0,0,0,1
10/18/2025 19:31,0,0,0,0,0,0,10,0,0,0,0,0,0,0,0,0,0,0,0,0,1
10/18/2025 19:32,0,0,0,0,0,0,1,0,0,0,0,0,0,0,0,0,0,0,0,0,1
10/18/2025 19:33,0,0,0,0,0,0,0,0,0,0,0,0,0,0,0,0,0,0,0,0,1
10/18/2025 19:34,0,0,0,0,2,0,0,0,0,0,0,0,0,0,0,0,0,0,0,0,1
10/18/2025 19:35,0,0,0,0,1,0,0,0,0,0,0,0,0,0,0,0,0,0,0,0,1
10/18/2025 19:36,0,0,0,0,2,0,0,0,0,0,0,0,0,0,0,0,0,0,0,0,1
10/18/2025 19:37,0,0,0,0,1,0,0,1,0,2,0,0,0,0,0,0,5,0,0,0,1
10/18/2025 19:38,0,0,0,0,2,0,0,0,0,2,0,0,0,0,0,0,6,0,0,0,1
10/18/2025 19:39,0,0,0,0,3,0,0,0,0,0,0,0,0,0,0,0,0,0,0,0,1
10/18/2025 19:40,0,0,0,0,0,0,0,0,4,0,0,0,0,5,0,0,0,0,0,0,1
10/18/2025 19:41,0,0,0,0,3,0,0,0,0,0,0,0,0,0,0,0,0,0,0,0,1
10/18/2025 19:42,0,0,0,0,7,0,0,0,0,0,0,0,0,0,0,0,0,0,0,0,1
10/18/2025 19:43,0,0,0,0,6,0,0,0,0,0,0,0,0,0,0,0,0,0,0,0,1
10/18/2025 19:44,0,0,0,0,11,0,0,0,0,0,0,0,0,0,0,0,0,0,0,0,1
10/18/2025 19:45,0,0,0,0,8,0,0,0,0,0,0,0,0,0,0,0,0,0,0,0,1
10/18/2025 19:46,0,0,0,0,7,0,0,0,0,0,0,0,0,0,0,0,0,0,0,0,1
10/18/2025 19:47,0,0,0,0,6,0,0,0,0,0,0,0,0,0,0,0,0,0,0,0,1
10/18/2025 19:48,0,0,1,0,12,0,0,0,0,0,0,0,0,0,0,0,0,0,0,0,1
10/18/2025 19:49,0,0,0,0,6,0,0,0,0,0,0,0,0,0,0,0,0,0,0,0,1
10/18/2025 19:50,0,0,3,0,10,0,0,0,0,0,0,0,0,3,0,0,1,0,0,0,1
10/18/2025 19:51,0,0,2,0,18,0,0,0,0,0,0,0,0,3,0,0,0,0,0,0,1
10/18/2025 19:52,0,0,0,0,12,0,0,0,0,0,0,0,0,3,0,0,0,0,0,0,1
10/18/2025 19:53,0,0,0,0,24,0,0,0,0,0,0,0,0,4,0,0,0,0,0,0,1
10/18/2025 19:54,0,0,0,0,10,0,0,0,0,0,0,0,0,3,0,0,0,0,0,0,1
10/18/2025 19:55,0,0,0,0,13,5,0,0,0,0,0,0,0,8,0,0,0,0,0,0,1
10/18/2025 19:56,0,0,0,0,0,6,0,0,0,0,0,0,0,21,0,0,0,0,0,0,1
10/18/2025 19:57,0,0,0,0,0,0,0,0,0,0,0,1,0,14,0,0,0,0,0,0,1
10/18/2025 19:58,0,0,0,0,0,0,0,0,0,0,0,0,0,2,0,0,0,0,0,0,1
10/18/2025 19:59,0,0,0,0,0,0,0,0,0,0,0,0,0,0,0,0,0,0,0,0,1
10/18/2025 20:00,0,0,0,0,0,0,0,0,0,7,0,8,0,0,0,0,0,1,5,0,0
10/18/2025 20:01,0,0,0,0,0,0,0,0,0,3,0,2,0,0,0,0,0,4,5,0,0
10/18/2025 20:02,0,0,5,0,0,0,8,0,0,0,0,0,0,0,0,0,0,0,0,0,0
10/18/2025 20:03,3,0,0,0,0,0,0,5,0,0,0,0,0,0,0,0,0,0,0,0,0
10/18/2025 20:04,0,0,0,2,0,0,0,0,0,3,0,0,0,0,0,0,4,0,0,0,0
10/18/2025 20:05,1,0,6,0,0,0,5,0,5,5,0,0,0,0,0,0,0,0,0,0,0
10/18/2025 20:06,0,0,5,0,0,3,0,0,0,2,0,0,0,0,0,0,2,0,0,0,0
10/18/2025 20:07,0,0,0,0,0,0,0,0,0,7,0,0,0,0,0,0,0,0,0,0,0
10/18/2025 20:08,0,0,0,0,0,0,0,1,0,15,0,0,0,0,0,0,2,0,6,0,0
10/18/2025 20:09,0,0,0,0,0,0,0,0,0,9,0,0,0,0,0,0,7,0,10,0,0
10/18/2025 20:10,0,0,0,0,0,0,1,0,0,7,0,0,0,0,0,0,8,0,10,0,0
10/18/2025 20:11,0,0,0,0,0,4,0,0,0,11,0,0,0,0,0,0,8,0,5,0,0
10/18/2025 20:12,0,0,0,0,0,0,0,0,0,8,3,0,0,0,0,0,0,0,6,0,0
10/18/2025 20:13,0,0,0,0,0,0,0,0,2,0,0,0,0,0,0,0,0,0,0,0,0
10/18/2025 20:14,0,0,9,0,0,0,0,0,0,0,0,0,0,0,0,0,3,0,0,0,0
10/18/2025 20:15,0,0,0,0,0,0,0,0,0,2,6,0,0,0,0,0,5,0,1,0,0
10/18/2025 20:16,0,0,0,0,0,0,0,0,0,0,1,0,0,6,0,0,0,0,0,0,0
10/18/2025 20:17,0,0,0,0,0,0,0,0,0,0,5,0,0,0,0,9,8,0,0,6,0
10/18/2025 20:18,0,0,0,0,0,0,3,0,0,0,5,0,0,0,0,0,0,0,0,18,0
10/18/2025 20:19,0,0,0,0,0,0,0,0,0,0,0,0,0,0,0,2,0,0,0,15,0
10/18/2025 20:20,0,0,0,0,0,0,0,0,3,0,0,0,0,0,0,5,0,0,0,8,0
10/18/2025 20:21,0,0,0,0,11,5,3,0,8,0,0,0,0,0,0,12,0,0,0,9,0
10/18/2025 20:22,0,0,0,0,7,0,9,0,0,0,0,0,0,0,0,0,0,0,0,15,0
10/18/2025 20:23,0,0,5,0,3,4,0,0,0,0,0,0,0,0,1,0,0,13,0,9,0
10/18/2025 20:24,0,0,5,0,0,6,0,0,1,0,0,0,0,0,2,0,0,3,0,10,0
10/18/2025 20:25,0,0,7,0,0,1,0,0,0,0,0,0,0,0,1,0,0,13,0,11,0
10/18/2025 20:26,0,0,2,0,0,0,0,0,0,0,0,0,0,0,0,0,0,5,0,2,0
10/18/2025 20:27,0,0,2,0,0,0,3,0,0,0,0,0,0,0,0,0,0,0,0,0,0
10/18/2025 20:28,0,0,1,0,0,0,15,0,0,0,0,0,0,8,0,0,0,0,0,4,0
10/18/2025 20:29,0,0,0,0,0,0,2,0,0,0,0,0,0,0,0,0,0,0,0,6,0
10/18/2025 20:30,0,0,0,0,0,0,0,0,0,0,0,0,0,2,0,0,0,0,0,9,0
10/18/2025 20:31,0,0,0,0,0,0,0,0,0,0,0,0,7,0,5,0,0,0,10,17,0
10/18/2025 20:32,0,0,0,0,0,0,0,0,0,0,0,0,0,6,6,0,0,0,5,3,0
10/18/2025 20:33,0,0,0,0,0,0,0,0,0,0,0,0,0,0,2,0,0,0,4,1,0
10/18/2025 20:34,2,0,0,0,0,0,0,0,0,0,0,0,0,0,0,0,0,0,7,0,0
10/18/2025 20:35,0,0,0,0,0,0,0,0,0,0,0,7,0,0,0,0,0,0,7,0,0
10/18/2025 20:36,0,0,0,0,0,0,0,0,0,0,0,2,0,0,0,0,0,0,5,1,0
10/18/2025 20:37,0,0,0,0,0,0,0,0,0,0,0,0,0,0,0,0,0,0,3,5,0
10/18/2025 20:38,0,0,0,0,0,0,0,0,0,0,0,0,0,0,0,0,0,0,8,19,0
10/18/2025 20:39,0,0,0,0,0,0,0,0,0,0,0,0,0,2,0,3,0,0,10,21,0
10/18/2025 20:40,0,0,0,0,0,0,0,0,0,0,0,0,0,11,0,0,0,0,0,32,0
10/18/2025 20:41,0,0,0,0,0,0,0,0,0,0,0,0,0,0,0,0,0,0,4,25,0
10/18/2025 20:42,0,0,0,0,0,0,0,0,0,0,0,0,0,0,0,0,0,0,9,34,0
10/18/2025 20:43,0,0,0,0,0,0,0,0,0,0,0,7,0,0,0,0,0,0,0,17,0
10/18/2025 20:44,0,0,0,5,0,0,0,0,0,0,0,1,0,0,0,0,0,0,6,22,0
10/18/2025 20:45,0,0,0,0,0,0,0,0,0,0,0,0,0,0,0,0,0,0,5,10,0
10/18/2025 20:46,0,0,0,0,0,0,0,0,0,0,0,0,0,0,0,0,0,0,0,15,0
10/18/2025 20:47,0,0,0,0,0,0,0,0,0,0,0,0,0,0,0,0,0,0,0,13,0
10/18/2025 20:48,0,0,0,0,0,0,0,4,0,0,0,0,0,0,0,0,0,0,0,6,0
10/18/2025 20:49,0,0,0,0,0,0,0,0,0,0,0,0,0,0,0,0,0,0,0,6,0
10/18/2025 20:50,0,0,0,0,0,0,0,0,0,1,0,0,0,0,0,0,0,0,0,6,0
10/18/2025 20:51,0,0,0,0,0,0,0,0,0,0,0,0,0,0,0,0,0,0,0,2,0
10/18/2025 20:52,7,0,0,0,0,0,0,0,0,0,0,0,0,0,0,0,0,0,0,5,0
10/18/2025 20:53,0,0,0,0,0,0,0,0,0,0,0,0,0,0,0,0,0,0,0,1,0
10/18/2025 20:54,0,0,0,0,0,0,0,0,0,0,2,0,0,0,0,0,0,0,0,1,0
10/18/2025 20:55,0,0,0,0,0,0,0,0,0,0,11,0,0,0,0,0,0,0,0,4,0
10/18/2025 20:56,0,0,0,0,0,0,0,0,0,0,2,0,0,0,0,0,0,0,0,1,0
10/18/2025 20:57,0,0,0,0,0,0,0,0,0,5,0,0,0,0,0,0,0,0,0,2,0
10/18/2025 20:58,0,0,0,0,0,0,0,0,0,13,6,0,0,0,0,0,0,1,0,8,0
10/18/2025 20:59,0,0,0,0,0,0,0,0,0,0,4,0,0,0,0,0,0,0,0,2,0
10/18/2025 21:00,0,0,0,0,0,0,0,0,0,0,2,0,0,0,0,0,0,0,0,4,0
10/18/2025 21:01,0,0,0,0,0,0,0,0,0,0,2,0,0,0,0,0,0,0,0,1,0
10/18/2025 21:02,0,0,0,0,0,0,0,0,0,0,0,0,0,0,0,0,0,0,0,0,0
10/18/2025 21:03,0,0,0,0,0,0,0,0,0,0,0,0,0,0,0,0,0,0,0,4,0
10/18/2025 21:04,0,0,0,0,0,0,0,0,0,0,0,0,0,0,0,0,0,0,0,6,0
10/18/2025 21:05,0,0,0,1,0,0,0,0,0,0,0,0,0,0,0,0,0,0,0,13,0
10/18/2025 21:06,0,0,0,0,0,0,0,0,0,0,0,0,0,0,0,0,0,0,0,3,0
10/18/2025 21:07,0,0,0,0,0,0,0,0,0,0,0,0,0,0,0,0,0,0,0,0,0
10/18/2025 21:08,0,0,0,0,0,0,0,0,0,0,0,2,0,0,0,5,0,0,0,0,0
10/18/2025 21:09,0,0,0,0,0,0,0,0,0,0,0,8,0,0,0,7,0,0,0,0,0
10/18/2025 21:10,0,0,0,0,0,0,0,0,0,0,0,6,0,0,0,0,0,0,0,0,0
10/18/2025 21:11,0,0,0,0,0,0,0,0,0,0,0,0,0,0,0,0,0,3,0,0,0
10/18/2025 21:12,0,0,0,0,0,0,0,0,0,0,0,0,0,0,0,0,0,0,0,0,0
10/18/2025 21:13,0,0,0,0,0,0,0,0,0,0,0,0,0,0,0,0,0,0,0,0,0
10/18/2025 21:14,1,0,0,5,0,0,0,0,0,0,0,0,0,0,8,0,0,0,0,0,0
10/18/2025 21:15,0,0,0,7,0,0,0,0,0,0,0,0,0,0,0,0,0,0,0,0,0
10/18/2025 21:16,0,0,0,0,0,0,0,0,0,0,0,0,0,0,0,0,0,0,0,3,0
10/18/2025 21:17,0,0,0,0,0,0,0,0,5,0,0,0,0,0,0,0,0,0,0,0,0
10/18/2025 21:18,0,0,0,0,0,0,0,0,2,0,0,0,0,0,0,0,0,0,0,0,0
10/18/2025 21:19,0,0,0,0,0,0,0,0,0,0,1,0,0,0,0,0,0,0,0,0,0
10/18/2025 21:20,0,0,0,0,0,0,0,0,0,0,0,0,0,0,0,0,0,0,0,0,0
10/18/2025 21:21,0,0,0,0,0,0,0,0,0,0,0,0,0,0,0,0,0,0,0,0,0
10/18/2025 21:22,0,0,0,0,0,0,0,0,0,0,0,0,0,0,0,0,0,0,0,0,0
10/18/2025 21:23,0,0,0,0,0,0,0,0,0,0,0,0,0,0,0,0,0,0,0,0,0
10/18/2025 21:24,0,0,0,0,0,0,0,0,0,0,0,0,0,0,0,0,0,0,0,1,0
10/18/2025 21:25,0,0,0,0,0,0,0,0,0,0,0,0,0,0,0,0,0,0,0,0,0
10/18/2025 21:26,0,0,0,0,0,0,0,0,0,0,0,0,0,0,0,0,0,0,0,0,0
10/18/2025 21:27,0,0,0,0,0,0,0,0,0,0,0,0,0,0,0,0,0,0,0,0,0
10/18/2025 21:28,0,0,0,0,0,0,0,0,0,0,0,0,0,0,0,0,0,10,0,0,0
10/18/2025 21:29,0,0,0,0,0,0,0,5,0,0,0,0,0,0,0,0,0,0,0,0,0
10/18/2025 21:30,0,0,0,0,0,0,0,0,0,0,0,0,0,0,0,0,0,0,0,0,0
10/18/2025 21:31,0,0,0,0,0,0,0,0,0,0,0,0,0,0,0,0,0,0,0,0,0
10/18/2025 21:32,0,0,0,0,0,0,0,0,0,0,0,0,0,0,0,0,0,0,0,0,0
10/18/2025 21:33,0,0,0,0,0,0,0,0,0,0,0,0,0,0,0,0,0,0,0,0,0
10/18/2025 21:34,0,0,0,0,9,0,0,0,0,0,0,0,0,0,0,0,0,0,0,0,0
10/18/2025 21:35,19,0,0,0,9,0,0,0,0,0,0,0,0,0,0,0,0,0,0,0,0
10/18/2025 21:36,13,0,0,1,6,0,0,0,0,0,0,0,0,0,0,0,0,0,0,0,0
10/18/2025 21:37,10,0,0,6,0,0,0,0,0,0,0,0,0,0,0,0,0,0,0,0,0
10/18/2025 21:38,0,0,0,0,0,0,10,0,0,0,0,0,0,0,0,0,0,0,0,0,0
10/18/2025 21:39,0,0,0,0,0,0,2,0,0,0,0,0,0,0,0,0,0,0,0,0,0
10/18/2025 21:40,0,0,0,2,0,0,1,5,0,0,0,0,0,0,0,0,0,0,0,0,0
10/18/2025 21:41,0,0,0,0,0,0,0,1,0,0,0,0,0,0,0,0,0,0,0,0,0
10/18/2025 21:42,0,0,0,0,0,0,0,0,0,0,0,0,0,0,0,0,0,0,0,0,0
10/18/2025 21:43,0,0,0,0,0,0,0,0,0,0,0,0,0,0,0,0,0,0,0,0,0
10/18/2025 21:44,0,0,0,0,0,0,0,0,0,0,0,0,0,0,0,0,0,0,0,0,0
10/18/2025 21:45,0,0,0,0,0,0,0,0,0,0,0,0,0,1,0,0,0,0,0,0,0
10/18/2025 21:46,0,0,0,0,0,0,0,6,0,0,1,0,0,2,0,0,0,0,0,0,0
10/18/2025 21:47,0,0,0,0,0,0,0,5,0,0,0,0,0,6,0,0,0,0,0,0,0
10/18/2025 21:48,0,0,0,0,0,0,0,0,0,0,0,0,0,0,0,3,0,0,0,0,0
10/18/2025 21:49,0,0,0,0,0,0,0,1,0,0,0,0,0,0,0,4,0,0,0,0,0
10/18/2025 21:50,0,0,0,0,0,0,0,0,0,0,0,0,0,0,0,0,0,0,0,0,0
10/18/2025 21:51,0,0,0,0,0,9,0,0,0,0,0,0,0,0,0,0,0,3,0,0,0
10/18/2025 21:52,0,0,0,0,0,2,0,0,0,0,6,0,0,0,0,0,0,5,0,0,0
10/18/2025 21:53,0,0,0,0,0,7,0,0,0,0,10,0,0,0,0,0,0,6,0,1,0
10/18/2025 21:54,0,0,0,0,0,4,0,0,0,0,0,0,0,0,0,0,0,4,0,0,0
10/18/2025 21:55,0,0,0,0,0,5,0,0,0,0,0,0,0,0,0,0,0,5,0,0,0
10/18/2025 21:56,0,0,0,0,0,1,0,0,0,0,0,0,0,0,0,0,0,2,0,0,0
10/18/2025 21:57,0,0,0,0,0,5,0,0,0,0,0,0,0,0,0,0,0,0,7,0,0
10/18/2025 21:58,0,0,0,0,0,0,0,0,0,0,0,0,0,0,0,0,0,0,3,0,0
10/18/2025 21:59,0,0,0,0,0,0,0,0,0,0,0,0,0,0,0,0,0,0,8,0,0
10/18/2025 22:00,0,0,0,0,0,0,0,0,0,0,0,0,0,0,4,0,0,0,5,0,0
10/18/2025 22:01,0,0,0,0,0,0,0,0,0,0,0,0,0,0,1,0,0,0,20,0,0
10/18/2025 22:02,0,0,0,0,0,0,0,0,0,0,0,0,0,0,0,0,0,0,14,0,0
10/18/2025 22:03,0,0,0,0,0,0,0,0,0,0,0,0,0,0,0,0,0,0,15,0,0
10/18/2025 22:04,0,0,0,0,0,0,0,0,0,0,0,0,0,0,0,0,0,0,8,0,0
10/18/2025 22:05,0,0,0,0,0,0,0,0,0,0,0,0,0,0,0,0,0,0,10,0,0
10/18/2025 22:06,0,0,0,0,0,0,0,0,0,0,0,0,0,0,0,0,0,0,0,2,0
10/18/2025 22:07,0,0,0,0,0,0,0,0,0,0,0,0,0,0,0,0,0,0,0,1,0
10/18/2025 22:08,0,0,0,0,0,0,0,0,0,0,0,1,0,0,0,0,0,0,0,0,0
10/18/2025 22:09,0,0,0,0,0,0,0,0,0,0,0,0,0,0,0,0,0,0,0,0,0
10/18/2025 22:10,0,0,0,0,0,0,0,0,0,0,0,0,0,0,0,0,0,0,0,0,0
10/18/2025 22:11,0,0,1,0,0,0,0,0,0,0,0,0,0,0,0,0,0,0,0,0,0
10/18/2025 22:12,0,0,0,0,0,0,0,0,0,0,0,7,0,0,0,0,0,0,0,0,0
10/18/2025 22:13,0,0,0,0,0,0,0,0,0,0,0,5,0,0,0,0,0,0,0,0,0
10/18/2025 22:14,0,0,0,0,0,0,0,0,0,0,0,4,0,0,0,0,0,0,0,0,0
10/18/2025 22:15,0,0,0,0,0,0,0,0,0,0,0,1,0,0,0,0,1,0,0,0,0
10/18/2025 22:16,0,0,0,0,0,0,0,0,0,0,0,0,0,0,0,0,0,0,0,0,0
10/18/2025 22:17,0,0,0,0,0,0,0,0,0,0,0,0,0,0,0,0,0,0,0,0,0
10/18/2025 22:18,0,0,0,0,0,0,0,0,0,0,0,0,1,0,0,0,0,0,0,0,0
10/18/2025 22:19,0,0,0,6,0,0,0,0,0,0,0,0,0,0,0,0,0,0,0,0,0
10/18/2025 22:20,0,0,0,0,0,0,0,0,0,0,0,0,0,0,0,0,0,0,0,0,0
10/18/2025 22:21,0,0,0,0,0,0,0,0,0,0,0,0,0,0,0,0,0,0,0,0,0
10/18/2025 22:22,0,0,0,0,0,0,0,0,0,0,0,0,0,0,0,0,0,0,0,0,0
10/18/2025 22:23,0,0,0,0,0,0,0,0,0,0,0,0,0,0,0,0,0,0,0,0,0
10/18/2025 22:24,0,0,0,0,0,0,0,0,0,0,0,0,0,0,0,0,0,0,0,0,0
10/18/2025 22:25,0,0,0,0,0,0,0,0,0,0,0,0,0,0,0,0,0,0,0,0,0
10/18/2025 22:26,0,0,0,0,0,0,0,0,0,0,0,0,0,0,0,0,0,0,0,0,0
10/18/2025 22:27,0,0,0,0,0,0,0,0,0,0,0,0,0,0,0,0,0,0,0,0,0
10/18/2025 22:28,0,0,0,0,0,1,0,0,0,0,0,0,0,0,0,0,0,0,0,0,0
10/18/2025 22:29,0,0,0,0,0,1,0,0,0,0,0,7,0,0,0,0,0,0,0,0,0
10/18/2025 22:30,0,0,0,0,0,0,0,0,0,0,0,8,0,0,0,0,0,0,0,0,0
10/18/2025 22:31,0,0,0,0,0,0,0,0,0,0,0,2,0,0,6,0,0,0,0,0,0
10/18/2025 22:32,0,0,0,0,0,0,0,0,0,0,0,0,2,0,0,0,0,0,0,0,0
10/18/2025 22:33,0,0,0,0,0,0,0,0,0,0,0,3,0,0,0,0,0,0,0,0,0
10/18/2025 22:34,0,0,0,0,0,0,0,0,0,0,0,0,0,0,0,0,0,0,0,0,0
10/18/2025 22:35,0,0,0,0,0,1,0,0,0,0,0,0,0,0,0,0,0,0,0,0,0
10/18/2025 22:36,0,0,0,0,0,0,0,0,0,0,0,0,0,0,0,0,0,0,0,0,0
10/18/2025 22:37,0,0,0,0,0,0,0,0,0,0,0,0,0,0,0,0,0,0,2,0,0
10/18/2025 22:38,0,0,0,0,0,0,0,0,0,0,0,1,0,0,0,0,0,0,0,0,0
10/18/2025 22:39,0,0,0,0,0,0,0,0,0,0,0,5,0,1,0,0,9,0,0,0,0
10/18/2025 22:40,0,0,0,0,0,0,0,0,0,0,0,0,0,0,0,0,2,0,0,0,0
10/18/2025 22:41,0,0,0,0,0,0,0,0,0,0,0,6,0,0,0,0,1,0,0,0,0
10/18/2025 22:42,0,0,0,0,0,0,0,0,0,0,0,0,0,0,0,0,0,0,0,0,0
10/18/2025 22:43,0,0,0,0,0,0,0,0,0,0,0,0,0,0,0,0,0,0,0,0,0
10/18/2025 22:44,0,0,0,0,0,0,0,0,0,0,0,0,0,0,0,0,0,0,0,0,0
10/18/2025 22:45,0,0,0,0,0,0,0,0,0,0,0,0,0,0,0,0,0,0,0,0,0
10/18/2025 22:46,0,0,0,0,0,0,0,0,0,0,0,0,0,0,0,0,0,0,0,0,0
10/18/2025 22:47,0,0,0,0,0,0,0,0,0,0,0,0,0,0,0,0,0,0,0,0,0
10/18/2025 22:48,0,0,0,0,0,0,0,0,0,0,0,0,0,0,0,0,0,0,0,0,0
10/18/2025 22:49,0,0,0,0,0,0,0,0,0,0,0,0,0,0,0,0,0,0,0,0,0
10/18/2025 22:50,0,0,0,0,0,0,0,0,0,0,0,0,0,0,0,0,0,0,0,0,0
10/18/2025 22:51,0,0,0,0,0,0,0,0,0,0,0,0,1,0,0,0,0,0,0,0,0
10/18/2025 22:52,0,0,0,0,0,0,0,0,0,0,0,0,4,0,0,0,0,0,0,0,0
10/18/2025 22:53,0,0,0,2,0,0,0,0,0,0,0,0,0,0,0,0,0,0,0,0,0
10/18/2025 22:54,0,0,0,0,0,0,0,0,0,0,0,0,0,0,0,0,0,0,0,0,0
10/18/2025 22:55,0,0,0,0,0,0,0,0,0,0,0,0,0,0,0,0,5,0,0,0,0
10/18/2025 22:56,0,0,0,0,0,0,0,0,0,0,0,0,0,0,0,0,1,0,0,0,0
10/18/2025 22:57,0,0,0,0,0,0,0,0,0,0,0,0,0,0,0,0,2,0,0,0,0
10/18/2025 22:58,0,0,0,0,0,0,0,0,0,0,0,0,0,0,0,0,11,0,0,0,0
10/18/2025 22:59,0,0,0,0,0,0,0,0,0,0,0,0,0,0,0,0,0,0,0,0,0
10/18/2025 23:00,0,0,0,0,0,0,0,0,0,0,0,0,0,0,0,0,2,0,0,0,0
10/18/2025 23:01,0,0,0,0,0,0,0,0,0,0,0,0,0,0,0,0,0,0,0,0,0
10/18/2025 23:02,0,0,0,0,0,0,0,0,2,0,0,5,0,0,0,0,0,0,0,0,0
10/18/2025 23:03,0,0,0,3,0,0,0,0,0,0,0,5,0,0,0,0,0,0,0,0,0
10/18/2025 23:04,0,0,0,0,0,0,0,0,0,0,0,13,0,0,0,0,0,0,0,0,0
10/18/2025 23:05,0,0,0,0,0,0,0,0,3,0,0,10,0,0,0,0,0,0,0,0,0
10/18/2025 23:06,0,0,0,0,0,0,0,0,0,0,0,0,0,0,0,0,0,0,0,0,0
10/18/2025 23:07,0,0,0,0,0,0,0,0,0,0,0,6,0,0,0,0,0,0,0,0,0
10/18/2025 23:08,0,0,0,0,0,0,0,0,0,0,0,5,0,0,0,0,0,0,0,0,0
10/18/2025 23:09,0,0,0,0,0,0,0,0,0,1,0,2,0,0,0,0,0,0,0,0,0
10/18/2025 23:10,0,0,0,0,0,0,0,0,0,0,0,0,0,0,0,4,0,0,0,0,0
10/18/2025 23:11,0,0,0,0,0,0,0,0,0,0,0,0,0,0,0,0,0,0,0,0,0
10/18/2025 23:12,0,0,0,0,0,0,2,0,0,1,0,0,0,0,0,0,0,0,0,0,0
10/18/2025 23:13,0,0,0,0,0,0,5,0,0,0,0,0,0,0,0,0,0,0,0,0,0
10/18/2025 23:14,0,0,0,2,0,0,0,0,0,0,0,0,0,0,0,0,0,0,0,0,0
10/18/2025 23:15,0,0,0,0,0,0,0,0,0,0,0,0,0,0,0,1,0,0,0,0,0
10/18/2025 23:16,0,0,0,0,0,0,0,0,0,0,0,0,0,0,0,0,0,0,0,0,0
10/18/2025 23:17,0,0,0,0,0,0,0,0,0,0,0,0,0,0,0,0,0,0,0,0,0
10/18/2025 23:18,0,0,0,0,0,0,0,0,0,0,0,0,0,0,0,0,0,0,0,0,0
10/18/2025 23:19,0,0,0,0,0,0,0,0,0,0,2,0,0,0,0,0,0,0,0,0,0
10/18/2025 23:20,0,0,0,2,0,0,0,1,0,0,6,0,0,0,0,0,0,0,0,0,0
10/18/2025 23:21,0,0,0,3,0,0,0,0,0,0,0,0,0,0,0,0,0,0,0,0,0
10/18/2025 23:22,0,0,0,0,0,0,0,0,0,0,0,0,0,0,0,0,0,0,0,0,0
10/18/2025 23:23,0,0,0,0,3,0,0,0,0,0,0,0,0,0,0,0,0,0,0,0,0
10/18/2025 23:24,0,0,0,0,4,0,0,0,0,0,0,0,0,0,0,0,0,0,0,0,0
10/18/2025 23:25,0,0,0,0,8,0,0,0,0,0,0,0,0,0,0,0,0,0,0,0,0
10/18/2025 23:26,0,0,0,0,0,0,0,0,0,0,0,0,0,0,0,0,0,0,0,0,0
10/18/2025 23:27,0,0,0,0,0,0,0,0,0,0,0,0,0,0,0,0,0,0,0,1,0
10/18/2025 23:28,0,0,0,0,10,0,0,0,0,0,0,0,0,0,0,0,0,0,0,0,0
10/18/2025 23:29,0,0,0,0,12,0,0,0,0,0,0,0,0,1,0,0,0,0,0,0,0
10/18/2025 23:30,0,0,0,0,15,0,0,0,0,0,0,0,0,0,0,0,0,0,0,0,0
10/18/2025 23:31,0,0,0,0,14,0,0,0,0,0,0,0,0,0,0,0,0,0,0,0,0
10/18/2025 23:32,0,0,0,0,16,0,0,0,0,0,0,0,0,0,0,0,0,0,0,0,0
10/18/2025 23:33,0,0,0,0,6,0,0,0,0,0,0,0,0,0,0,1,0,0,1,0,0
10/18/2025 23:34,0,0,0,0,0,0,0,0,0,0,0,0,0,0,0,2,0,0,1,0,0
10/18/2025 23:35,0,0,0,0,0,0,0,0,0,0,0,0,0,0,0,1,2,3,0,0,0
10/18/2025 23:36,0,0,0,0,1,0,0,0,0,0,0,0,0,0,0,0,2,0,0,0,0
10/18/2025 23:37,0,0,0,0,1,0,0,0,0,0,0,0,0,0,0,0,1,0,0,0,0
10/18/2025 23:38,0,0,0,0,1,0,0,0,0,0,0,0,0,0,0,0,0,0,0,0,0
10/18/2025 23:39,0,0,0,0,0,0,0,0,0,0,0,0,0,0,0,0,0,0,0,0,0
10/18/2025 23:40,0,0,0,3,0,0,0,0,0,0,0,0,0,0,0,0,0,0,0,0,0
10/18/2025 23:41,0,0,0,0,0,0,0,0,0,0,0,0,0,0,0,0,0,0,0,0,0
10/18/2025 23:42,0,0,0,0,0,0,0,0,0,0,0,0,0,0,0,0,0,0,0,0,0
10/18/2025 23:43,0,0,0,0,0,0,0,0,0,0,0,0,0,0,0,0,0,0,0,0,0
10/18/2025 23:44,0,0,0,0,0,0,0,0,0,0,0,0,0,0,0,0,0,0,0,0,0
10/18/2025 23:45,0,0,0,0,0,0,0,0,0,0,0,0,0,0,0,0,0,0,0,0,0
10/18/2025 23:46,0,0,0,0,0,0,0,0,0,0,0,0,0,0,0,0,0,0,0,0,0
10/18/2025 23:47,0,0,0,0,0,0,0,0,0,0,0,0,0,0,0,0,0,0,0,0,0
10/18/2025 23:48,0,0,0,0,0,0,0,0,0,0,0,0,0,0,0,0,0,0,0,0,0
10/18/2025 23:49,0,0,0,0,0,0,0,0,0,0,0,0,0,0,0,0,0,0,0,0,0
10/18/2025 23:50,0,0,0,15,0,0,0,0,0,0,0,0,0,0,0,0,0,0,0,0,0
10/18/2025 23:51,0,0,0,4,0,0,0,0,0,0,0,0,0,0,0,0,0,0,0,0,0
10/18/2025 23:52,0,0,0,16,0,0,0,0,0,0,0,0,0,0,0,0,0,0,0,0,0
10/18/2025 23:53,0,0,0,5,0,0,0,0,0,0,0,0,0,0,0,0,0,0,0,0,0
10/18/2025 23:54,0,0,0,6,0,0,0,0,0,0,0,0,0,0,0,0,0,0,0,0,0
10/18/2025 23:55,0,0,0,2,0,0,0,0,0,0,0,0,0,0,0,0,0,0,0,0,0
10/18/2025 23:56,0,0,0,6,0,0,0,0,0,0,0,0,0,0,0,0,0,0,0,0,0
10/18/2025 23:57,0,0,0,3,0,0,0,0,0,0,0,0,0,0,0,0,0,0,0,0,0
10/18/2025 23:58,0,0,0,1,0,0,0,0,0,0,0,0,0,0,0,0,0,0,0,0,0
10/18/2025 23:59,0,0,0,1,0,0,0,0,0,0,0,0,0,0,0,0,0,0,0,0,0
10/19/2025 0:00,0,0,0,1,0,0,0,0,0,0,0,0,0,1,0,0,0,0,0,0,0
10/19/2025 0:01,0,0,0,0,0,0,0,0,0,0,0,0,0,0,4,0,0,0,0,0,0
10/19/2025 0:02,0,0,0,2,0,0,0,0,0,9,0,0,0,0,2,0,0,0,0,0,0
10/19/2025 0:03,0,0,0,1,0,0,0,0,0,1,0,0,0,0,2,0,0,0,0,0,0
10/19/2025 0:04,0,0,0,0,0,0,0,0,0,0,0,0,0,0,0,0,0,0,0,0,0
10/19/2025 0:05,0,0,0,0,0,0,0,0,0,0,0,0,0,0,0,0,0,0,0,0,0
10/19/2025 0:06,0,0,0,0,0,0,5,0,0,0,0,0,0,0,0,0,0,0,0,0,0
10/19/2025 0:07,0,0,0,0,0,0,0,0,0,0,0,0,0,0,0,1,0,0,0,0,0
10/19/2025 0:08,0,0,0,0,0,0,0,0,0,0,0,0,0,0,0,1,0,0,0,0,0
10/19/2025 0:09,0,0,0,2,0,0,0,0,0,0,0,0,0,0,0,0,0,0,0,0,0
10/19/2025 0:10,0,0,0,3,0,0,0,0,0,0,0,0,0,0,0,0,0,0,0,0,0
10/19/2025 0:11,0,0,5,2,0,0,0,0,0,0,0,0,0,0,0,0,0,0,0,0,0
10/19/2025 0:12,0,0,3,2,0,0,0,0,0,0,0,0,0,0,0,0,0,0,0,0,0
10/19/2025 0:13,0,0,0,2,0,0,0,0,0,0,0,2,0,0,0,0,0,0,0,0,0
10/19/2025 0:14,0,0,0,4,0,0,0,8,0,0,0,10,0,0,0,0,0,0,0,6,0
10/19/2025 0:15,0,0,0,4,0,0,0,1,0,0,0,5,0,0,0,0,0,0,0,0,0
10/19/2025 0:16,0,0,0,5,0,7,0,0,0,0,0,5,0,0,0,0,0,0,0,0,0
10/19/2025 0:17,0,0,0,4,0,3,0,0,0,0,0,9,0,0,0,0,0,0,0,0,0
10/19/2025 0:18,0,0,0,7,0,0,0,0,0,0,0,3,0,0,0,0,0,0,0,0,0
10/19/2025 0:19,0,0,0,3,0,0,0,0,5,0,0,0,0,0,0,0,0,0,0,0,0
10/19/2025 0:20,0,0,0,0,0,0,0,0,0,0,0,0,0,1,0,0,0,0,0,0,0
10/19/2025 0:21,0,0,0,8,0,0,0,0,0,0,0,1,0,0,0,0,0,0,0,0,0
10/19/2025 0:22,0,0,0,6,0,0,0,0,0,0,0,0,0,0,0,0,0,0,0,0,0
10/19/2025 0:23,0,0,0,15,0,0,0,0,0,0,0,1,0,0,0,0,0,0,0,0,0
10/19/2025 0:24,0,0,0,23,0,0,0,0,0,0,0,2,0,0,0,0,0,0,0,0,0
10/19/2025 0:25,0,0,0,7,0,0,0,0,0,0,0,0,0,0,0,0,0,0,0,0,0
10/19/2025 0:26,0,0,0,0,0,0,0,0,0,0,0,0,0,0,0,0,0,0,0,0,0
10/19/2025 0:27,0,0,0,1,0,0,0,0,0,0,0,0,0,0,0,0,0,0,0,0,0
10/19/2025 0:28,0,0,0,6,0,0,0,0,0,0,0,0,0,0,0,0,0,0,0,0,0
10/19/2025 0:29,0,0,0,11,0,0,0,0,0,0,0,0,0,0,0,0,0,0,0,0,0
10/19/2025 0:30,0,0,0,1,0,0,0,0,0,0,0,0,0,0,0,0,0,0,0,0,0
10/19/2025 0:31,0,0,0,0,0,0,5,0,0,0,0,0,0,0,0,0,0,0,0,0,0
10/19/2025 0:32,8,0,0,0,0,0,0,0,0,0,0,0,0,0,0,0,0,0,0,0,0
10/19/2025 0:33,0,0,0,0,0,0,0,0,0,0,0,0,0,0,0,0,0,0,9,0,0
10/19/2025 0:34,3,0,0,0,0,0,0,0,0,0,0,0,0,0,0,0,0,0,0,0,0
10/19/2025 0:35,6,0,0,0,0,0,0,0,0,0,0,0,0,0,0,0,0,0,0,0,0
10/19/2025 0:36,0,0,0,0,0,0,0,0,0,0,0,0,0,0,0,0,0,0,0,0,0
10/19/2025 0:37,0,0,0,0,0,0,0,0,0,0,0,0,0,0,0,0,0,0,0,0,0
10/19/2025 0:38,0,0,0,0,0,0,0,0,0,0,0,0,0,0,0,0,0,0,0,0,0
10/19/2025 0:39,0,0,0,0,0,0,0,0,0,0,0,0,0,0,0,0,0,0,0,0,0
10/19/2025 0:40,0,0,0,0,0,0,0,0,0,0,0,0,0,0,0,0,0,0,0,0,0
10/19/2025 0:41,0,0,0,0,0,0,0,0,0,0,0,0,0,0,0,0,0,0,0,0,0
10/19/2025 0:42,0,0,0,0,0,0,0,0,0,0,0,0,0,0,0,0,0,0,0,0,0
10/19/2025 0:43,0,0,0,0,0,0,0,0,0,0,0,0,0,0,0,0,0,0,0,0,0
10/19/2025 0:44,0,0,0,1,0,0,0,0,0,0,0,0,0,9,0,0,0,0,0,0,0
10/19/2025 0:45,0,0,0,1,0,0,0,0,0,0,0,0,0,12,0,0,0,0,0,0,0
10/19/2025 0:46,0,0,0,0,0,0,0,0,0,0,0,0,0,6,0,0,0,0,0,0,0
10/19/2025 0:47,0,0,0,0,0,0,0,0,0,0,0,0,0,0,0,0,0,0,0,0,0
10/19/2025 0:48,0,0,0,0,0,0,5,0,0,0,0,0,0,0,0,0,0,0,0,0,0
10/19/2025 0:49,0,0,0,0,0,0,7,0,0,0,0,0,0,0,0,0,0,0,0,0,0
10/19/2025 0:50,0,0,0,0,0,0,9,0,0,0,0,0,0,0,0,0,0,0,0,0,0
10/19/2025 0:51,0,0,0,0,0,0,10,0,0,0,0,0,0,0,0,0,0,0,0,0,0
10/19/2025 0:52,0,0,0,0,0,0,0,0,0,0,0,6,0,0,0,0,0,0,0,0,0
10/19/2025 0:53,0,0,0,0,0,0,0,0,0,0,0,2,0,0,0,0,0,0,0,0,0
10/19/2025 0:54,0,0,0,0,0,0,0,0,0,0,0,0,0,0,0,0,0,0,0,0,0
10/19/2025 0:55,0,0,0,0,0,0,0,0,4,0,0,0,0,0,0,0,1,0,0,0,0
10/19/2025 0:56,0,0,0,0,0,0,0,0,5,0,0,0,0,0,0,0,0,0,0,0,0
10/19/2025 0:57,0,0,0,0,0,0,0,0,0,0,0,0,0,0,0,0,0,0,0,0,0
10/19/2025 0:58,0,0,0,0,0,0,0,0,0,0,0,0,0,0,0,0,0,0,0,0,0
10/19/2025 0:59,0,0,0,0,0,0,0,0,0,0,0,0,0,0,0,0,0,0,0,0,0
10/19/2025 1:00,0,0,0,0,0,0,0,0,0,0,0,0,0,0,0,0,0,0,0,0,0
10/19/2025 1:01,0,0,0,0,0,0,0,0,0,0,0,0,0,0,0,0,0,0,0,0,0
10/19/2025 1:02,0,0,0,0,0,0,0,0,0,0,0,0,0,0,0,1,0,0,0,0,0
10/19/2025 1:03,0,0,0,0,0,0,0,0,0,0,0,0,0,0,0,0,0,0,0,0,0
10/19/2025 1:04,0,0,0,0,0,0,0,0,0,0,0,0,0,0,0,0,0,0,0,0,0
10/19/2025 1:05,0,0,1,0,0,0,0,0,0,0,0,0,0,0,0,0,0,0,0,0,0
10/19/2025 1:06,0,0,0,0,0,0,0,0,0,0,0,0,0,0,0,0,0,0,0,0,0
10/19/2025 1:07,0,0,0,0,0,0,0,0,0,0,0,0,0,0,0,0,0,5,0,0,0
10/19/2025 1:08,0,0,0,0,0,0,0,0,0,0,0,0,0,0,0,0,0,0,0,0,0
10/19/2025 1:09,0,0,0,0,0,0,0,0,0,0,0,0,0,0,0,0,0,0,0,0,0
10/19/2025 1:10,0,0,0,0,0,0,0,0,0,0,0,0,0,0,0,0,0,0,0,0,0
10/19/2025 1:11,0,0,0,0,0,0,0,0,0,0,0,0,0,0,0,0,0,0,2,0,0
10/19/2025 1:12,0,0,10,0,0,0,0,0,0,0,0,0,0,0,0,0,0,0,0,0,0
10/19/2025 1:13,0,0,6,0,0,0,0,0,0,0,0,0,0,3,0,11,0,0,0,0,0
10/19/2025 1:14,0,0,0,0,0,0,0,0,0,0,0,0,0,0,0,0,0,0,0,0,0
10/19/2025 1:15,0,0,3,0,0,0,0,0,0,0,0,0,0,0,0,1,0,0,0,0,0
10/19/2025 1:16,0,0,0,0,0,0,0,0,0,0,0,0,0,0,0,0,0,0,0,0,0
10/19/2025 1:17,0,0,3,0,0,0,0,2,0,0,0,0,0,0,0,0,0,0,0,0,0
10/19/2025 1:18,0,0,0,0,0,0,0,6,0,0,1,0,0,0,0,0,0,0,1,0,0
10/19/2025 1:19,0,0,0,0,0,0,0,1,0,0,15,0,0,0,0,0,0,0,0,0,0
10/19/2025 1:20,0,0,0,0,0,0,0,0,0,0,11,0,0,0,0,0,0,0,0,0,0
10/19/2025 1:21,0,0,0,0,0,0,0,0,0,0,0,0,0,0,0,0,0,0,0,0,0
10/19/2025 1:22,0,0,0,0,0,0,0,0,0,0,7,0,0,0,0,0,1,0,0,0,0
10/19/2025 1:23,0,0,0,9,0,0,0,0,0,0,4,0,0,0,0,0,0,0,0,0,0
10/19/2025 1:24,0,0,0,0,0,0,0,0,0,0,3,0,0,0,0,0,0,0,0,1,0
10/19/2025 1:25,0,0,0,0,0,6,0,0,0,0,2,0,0,0,0,0,0,0,0,0,0
10/19/2025 1:26,0,0,0,0,0,0,0,0,0,0,0,0,0,0,0,0,0,0,0,0,0
10/19/2025 1:27,0,0,0,0,0,0,3,0,0,0,2,0,0,0,0,0,0,0,0,0,0
10/19/2025 1:28,0,0,0,0,0,0,0,0,0,0,12,0,0,0,0,0,0,0,0,0,0
10/19/2025 1:29,0,0,0,0,0,0,0,0,0,0,0,0,0,0,0,0,0,0,0,0,0
10/19/2025 1:30,0,0,0,0,0,0,0,0,0,0,4,0,0,0,0,0,0,0,0,0,0
10/19/2025 1:31,0,0,0,0,0,0,0,0,0,0,0,0,0,0,0,0,0,0,0,0,0
10/19/2025 1:32,0,0,0,0,0,0,0,0,0,0,2,0,0,0,0,0,0,0,0,0,0
10/19/2025 1:33,0,0,0,0,9,0,1,0,0,0,0,0,0,0,0,0,0,0,0,0,0
10/19/2025 1:34,0,0,0,0,4,0,1,0,0,0,0,0,0,0,0,0,0,0,0,0,0
10/19/2025 1:35,0,0,0,0,0,0,3,0,0,0,0,1,0,0,0,0,1,0,0,0,0
10/19/2025 1:36,0,0,0,0,0,0,0,0,0,0,0,3,0,0,0,0,0,0,0,0,0
10/19/2025 1:37,0,0,0,0,0,0,0,0,0,0,0,0,0,0,0,0,0,0,0,0,0
10/19/2025 1:38,0,0,0,0,0,0,0,0,0,0,0,0,0,0,0,0,0,0,0,0,0
10/19/2025 1:39,0,0,0,0,0,0,0,0,0,0,0,0,0,0,0,0,0,0,0,0,0
10/19/2025 1:40,0,0,0,0,0,0,0,0,0,0,0,0,0,0,0,0,0,0,0,0,0
10/19/2025 1:41,0,0,0,0,0,0,0,0,0,0,0,0,0,0,0,0,0,0,0,0,0
10/19/2025 1:42,0,0,0,0,0,0,0,0,0,0,0,0,0,0,0,0,0,0,0,0,0
10/19/2025 1:43,0,0,0,0,0,0,0,0,0,0,0,0,0,0,1,0,0,0,0,0,0
10/19/2025 1:44,0,0,0,0,0,0,0,0,0,0,0,0,0,0,5,0,0,0,0,0,0
10/19/2025 1:45,0,0,0,0,0,0,0,0,0,0,0,0,0,0,5,0,0,0,0,0,0
10/19/2025 1:46,0,0,0,0,0,0,0,0,2,0,0,0,0,0,0,0,0,0,0,0,0
10/19/2025 1:47,0,0,0,0,0,0,0,0,0,0,0,0,0,0,0,0,0,0,0,0,0
10/19/2025 1:48,0,0,0,0,0,0,0,0,0,0,0,0,0,0,0,0,0,0,0,0,0
10/19/2025 1:49,0,0,0,0,0,0,0,0,0,0,0,0,0,0,0,0,0,0,0,0,0
10/19/2025 1:50,0,0,0,0,0,0,0,0,0,0,0,0,0,4,0,0,0,0,0,0,0
10/19/2025 1:51,0,0,0,0,0,0,0,0,0,0,0,0,0,1,0,0,0,0,0,0,0
10/19/2025 1:52,0,0,0,0,0,0,0,0,0,0,0,0,0,0,0,0,0,0,0,0,0
10/19/2025 1:53,0,0,0,0,0,0,0,0,0,0,0,0,0,1,0,0,0,0,0,0,0
10/19/2025 1:54,0,0,0,0,0,0,0,0,0,0,0,0,0,0,0,0,0,0,0,0,0
10/19/2025 1:55,0,0,0,0,0,0,0,0,0,0,0,0,0,0,0,0,0,0,4,0,0
10/19/2025 1:56,0,0,0,0,0,0,0,0,0,0,0,0,0,0,0,0,0,0,12,0,0
10/19/2025 1:57,0,0,0,2,0,0,0,0,0,0,0,0,0,0,0,0,0,0,0,0,0
10/19/2025 1:58,0,0,0,0,0,0,0,0,0,0,0,0,0,0,0,0,0,0,9,0,0
10/19/2025 1:59,0,0,0,0,0,0,0,0,0,0,0,0,0,0,0,0,0,0,2,0,0
10/19/2025 2:00,0,0,0,0,0,0,0,0,0,0,0,0,0,2,0,0,0,0,2,0,0
10/19/2025 2:01,0,0,0,0,0,0,0,0,0,0,0,0,0,0,0,0,0,0,0,0,0
10/19/2025 2:02,0,0,0,0,0,0,0,0,0,0,0,0,0,0,0,0,0,0,0,0,0
10/19/2025 2:03,0,0,0,5,0,0,0,0,0,0,0,0,0,0,0,3,0,0,0,0,0
10/19/2025 2:04,0,0,0,0,0,0,0,0,0,0,0,0,0,0,0,8,0,0,0,0,0
10/19/2025 2:05,0,0,0,0,0,0,0,0,0,0,0,0,0,0,0,0,0,0,0,0,0
10/19/2025 2:06,0,0,0,0,0,0,0,0,0,0,0,0,0,0,0,0,1,0,0,0,0
10/19/2025 2:07,0,0,0,0,0,0,0,0,0,0,0,0,0,0,0,0,0,2,0,0,0
10/19/2025 2:08,0,0,0,0,0,0,0,0,0,0,0,0,0,0,0,0,0,0,0,0,0
10/19/2025 2:09,0,0,0,0,0,0,0,0,0,0,0,0,0,0,0,0,0,0,0,0,0
10/19/2025 2:10,16,0,0,0,0,0,0,0,0,0,0,0,0,0,0,0,0,0,0,0,0
10/19/2025 2:11,4,0,0,0,0,0,0,0,0,0,0,0,0,0,0,0,0,0,0,0,0
10/19/2025 2:12,10,0,0,0,0,0,0,0,0,0,0,0,0,0,0,0,0,0,0,0,0
10/19/2025 2:13,3,0,0,0,0,0,0,0,0,0,0,0,0,0,0,0,0,0,0,0,0
10/19/2025 2:14,4,0,0,0,0,0,0,0,0,4,0,0,0,0,0,0,0,0,0,0,0
10/19/2025 2:15,1,0,0,5,0,0,0,0,0,0,0,0,0,0,0,0,0,0,0,0,0
10/19/2025 2:16,0,0,0,0,0,0,0,0,0,0,0,0,0,0,0,0,0,0,0,0,0
10/19/2025 2:17,0,0,0,0,0,1,0,0,0,0,0,0,0,0,0,0,0,0,0,0,0
10/19/2025 2:18,0,0,0,0,0,0,0,0,0,0,0,0,0,0,0,0,0,0,0,0,0
10/19/2025 2:19,0,0,0,0,0,0,0,0,0,0,0,0,0,0,0,0,0,0,0,0,0
10/19/2025 2:20,0,0,0,0,0,0,0,0,0,0,0,0,0,0,0,0,0,0,0,1,0
10/19/2025 2:21,0,0,0,0,0,0,0,0,0,0,0,0,0,0,0,0,0,0,0,2,0
10/19/2025 2:22,0,0,0,0,0,0,0,0,0,0,0,0,0,0,0,0,1,0,0,0,0
10/19/2025 2:23,0,0,0,0,0,0,0,0,0,0,0,0,0,0,0,0,4,0,0,0,0
10/19/2025 2:24,0,0,0,0,0,0,0,0,0,0,0,0,0,0,0,0,1,0,0,0,0
10/19/2025 2:25,0,0,0,0,0,0,0,0,0,0,0,0,0,0,0,0,1,0,0,0,0
10/19/2025 2:26,0,0,0,0,0,0,0,0,0,0,0,0,4,0,0,0,0,0,0,0,0
10/19/2025 2:27,0,0,1,0,0,0,0,0,0,0,0,0,0,0,0,0,0,0,0,0,0
10/19/2025 2:28,0,0,0,0,0,1,0,10,0,0,0,0,0,0,0,0,3,0,0,0,0
10/19/2025 2:29,0,0,0,0,0,0,0,0,0,0,0,0,0,0,0,0,4,0,0,0,0
10/19/2025 2:30,0,0,0,0,0,0,0,0,5,0,0,0,0,0,0,0,3,0,0,0,0
10/19/2025 2:31,0,0,0,0,0,0,0,0,0,0,0,0,0,0,0,0,3,0,0,0,0
10/19/2025 2:32,0,0,0,0,0,0,0,0,7,0,0,0,0,0,0,0,2,0,0,0,0
10/19/2025 2:33,0,0,0,0,0,0,0,0,2,0,0,0,0,0,0,0,0,0,0,0,0
10/19/2025 2:34,0,0,0,0,0,0,0,0,4,0,0,0,0,0,0,0,0,0,0,0,0
10/19/2025 2:35,0,0,0,0,0,0,0,0,0,0,0,0,0,0,0,0,0,0,0,0,0
10/19/2025 2:36,0,0,0,0,0,0,0,0,0,0,0,2,0,0,0,0,0,0,0,0,0
10/19/2025 2:37,0,0,0,0,0,0,0,0,0,0,0,11,0,0,0,0,0,0,0,0,0
10/19/2025 2:38,0,0,0,0,0,0,0,3,0,0,0,2,0,0,0,0,0,0,0,0,0
10/19/2025 2:39,0,0,0,0,0,0,0,3,0,0,0,1,0,0,0,0,0,0,0,0,0
10/19/2025 2:40,0,0,0,0,0,0,0,1,0,0,0,0,0,0,0,0,0,0,0,0,0
10/19/2025 2:41,0,0,0,0,0,0,0,0,0,0,0,0,0,0,0,0,0,0,0,0,0
10/19/2025 2:42,0,0,0,0,0,0,0,0,0,0,0,0,0,0,0,0,0,0,0,0,0
10/19/2025 2:43,0,0,0,0,0,0,0,0,0,0,0,0,0,0,0,0,0,0,0,0,0
10/19/2025 2:44,0,0,0,0,0,0,0,0,0,0,0,0,0,0,0,0,0,0,0,0,0
10/19/2025 2:45,0,0,0,0,0,0,0,0,0,0,0,0,0,0,0,0,0,0,0,0,0
10/19/2025 2:46,0,0,0,0,0,0,0,0,0,0,0,0,0,0,0,0,0,0,0,0,0
10/19/2025 2:47,0,0,0,0,0,0,0,0,0,0,0,0,0,0,0,0,0,3,0,0,0
10/19/2025 2:48,0,0,0,0,0,0,0,0,0,0,0,0,0,0,0,0,0,0,0,0,0
10/19/2025 2:49,0,0,0,0,0,0,0,0,0,0,0,0,0,0,0,0,0,0,0,0,0
10/19/2025 2:50,0,0,0,0,0,0,0,0,0,0,0,0,0,0,0,0,0,0,0,0,0
10/19/2025 2:51,0,0,0,0,0,4,0,0,0,0,0,0,0,0,0,0,0,0,0,0,0
10/19/2025 2:52,0,0,0,0,0,0,0,0,0,0,0,0,0,0,0,0,0,0,0,0,0
10/19/2025 2:53,0,0,0,4,0,0,0,0,0,0,0,0,0,0,0,0,0,0,0,0,0
10/19/2025 2:54,0,0,0,0,0,0,0,0,0,0,0,0,0,0,0,0,0,0,0,0,0
10/19/2025 2:55,0,0,0,0,0,0,0,0,0,0,0,0,0,0,0,0,0,0,0,0,0
10/19/2025 2:56,0,0,0,0,0,0,0,0,0,0,0,0,0,0,0,0,0,0,0,0,0
10/19/2025 2:57,0,0,0,3,0,0,0,0,0,0,0,0,0,0,0,0,0,0,0,0,0
10/19/2025 2:58,0,0,0,0,0,0,0,0,0,0,0,0,0,0,0,0,0,0,0,0,0
10/19/2025 2:59,0,0,0,0,0,0,0,0,0,0,0,0,0,0,0,0,0,0,0,0,0
10/19/2025 3:00,0,0,0,0,0,0,0,0,0,0,0,0,0,0,0,0,0,0,0,0,0
10/19/2025 3:01,0,0,0,0,0,0,0,0,0,0,0,0,0,0,0,0,0,0,0,0,0
10/19/2025 3:02,0,0,0,0,0,0,0,0,0,0,0,0,0,0,0,0,0,0,0,0,0
10/19/2025 3:03,0,0,0,0,0,0,0,0,0,0,0,0,0,0,0,0,0,0,0,0,0
10/19/2025 3:04,0,0,0,0,0,0,0,0,0,0,0,0,0,3,0,0,0,0,0,0,0
10/19/2025 3:05,0,0,0,0,0,0,0,0,0,0,0,0,0,0,0,0,0,0,0,0,0
10/19/2025 3:06,0,0,0,0,0,0,0,0,0,0,0,0,0,0,0,0,0,0,0,0,0
10/19/2025 3:07,0,0,2,0,0,0,0,0,0,0,0,0,0,0,0,0,0,0,0,0,0
10/19/2025 3:08,0,0,0,1,0,0,0,0,0,0,0,0,0,0,0,0,0,0,0,0,0
10/19/2025 3:09,0,0,0,0,0,0,0,0,0,0,0,0,0,0,0,0,0,0,0,0,0
10/19/2025 3:10,0,0,0,0,0,0,0,0,0,0,0,0,0,0,0,0,0,0,0,0,0
10/19/2025 3:11,0,0,0,0,0,0,0,0,0,0,0,0,0,0,0,0,0,0,0,0,0
10/19/2025 3:12,0,0,0,0,0,0,0,0,0,0,0,0,0,0,0,0,0,0,0,0,0
10/19/2025 3:13,0,0,0,0,0,0,0,0,0,0,0,0,0,0,0,0,0,0,0,0,0
10/19/2025 3:14,0,0,0,0,0,0,0,0,0,0,0,0,0,0,0,0,0,0,0,0,0
10/19/2025 3:15,0,0,0,0,0,0,0,0,0,0,0,0,0,0,0,0,0,0,0,0,0
10/19/2025 3:16,0,0,0,0,0,0,0,0,0,0,0,0,0,0,0,0,0,0,0,0,0
10/19/2025 3:17,0,0,0,0,0,0,0,0,0,0,0,0,0,0,0,0,0,0,0,0,0
10/19/2025 3:18,0,0,0,0,0,0,0,0,0,0,0,0,0,0,0,0,0,0,0,0,0
10/19/2025 3:19,0,0,0,0,0,0,0,0,0,0,0,0,0,0,0,0,0,0,0,0,0
10/19/2025 3:20,0,0,0,8,0,0,0,0,0,0,0,1,0,0,0,0,0,0,0,0,0
10/19/2025 3:21,0,0,0,0,0,0,0,0,0,0,0,0,0,0,0,0,0,0,0,0,0
10/19/2025 3:22,0,0,0,0,0,0,0,0,0,0,0,0,0,0,0,0,0,0,0,0,0
10/19/2025 3:23,0,0,0,0,0,0,0,0,0,0,0,0,0,0,0,0,0,0,0,0,0
10/19/2025 3:24,0,0,0,0,0,0,0,0,0,0,0,0,0,0,0,0,0,0,0,0,0
10/19/2025 3:25,0,0,0,0,0,0,0,0,0,0,0,0,0,0,0,0,0,0,0,0,0
10/19/2025 3:26,0,0,0,0,0,0,0,0,0,0,0,0,0,0,0,0,0,0,0,0,0
10/19/2025 3:27,0,0,0,0,0,0,0,0,0,0,0,0,0,0,0,2,0,0,0,0,0
10/19/2025 3:28,0,0,0,0,0,0,0,0,1,0,0,7,0,0,0,0,0,0,0,0,0
10/19/2025 3:29,0,0,0,0,0,0,0,0,0,0,0,2,0,0,0,0,0,0,0,0,0
10/19/2025 3:30,0,0,0,0,0,0,0,0,0,0,0,2,0,0,0,1,0,0,0,0,0
10/19/2025 3:31,0,0,0,0,0,0,0,0,0,0,0,4,0,0,0,0,0,0,0,0,0
10/19/2025 3:32,0,0,0,0,0,0,0,0,0,0,0,7,0,0,0,1,0,0,0,0,0
10/19/2025 3:33,0,0,0,0,0,0,0,0,0,0,0,7,0,0,0,0,0,0,0,0,0
10/19/2025 3:34,0,0,0,0,0,0,0,0,0,0,0,0,0,0,0,0,0,0,0,0,0
10/19/2025 3:35,0,0,0,0,0,0,0,0,0,0,0,0,0,0,0,1,0,0,0,0,0
10/19/2025 3:36,0,0,0,0,0,0,0,0,0,0,0,0,0,0,0,0,0,0,0,0,0
10/19/2025 3:37,0,0,0,0,0,0,0,0,0,0,0,0,0,0,0,0,0,0,0,0,0
10/19/2025 3:38,0,0,0,0,0,0,0,0,0,0,0,0,0,0,0,0,0,0,0,0,0
10/19/2025 3:39,0,0,0,0,0,0,5,0,0,0,0,0,0,0,0,0,0,0,0,0,0
10/19/2025 3:40,0,0,0,0,0,0,5,0,0,0,0,0,0,0,0,0,0,0,0,0,0
10/19/2025 3:41,0,0,0,0,0,0,0,0,0,0,0,0,0,0,0,0,0,0,0,0,0
10/19/2025 3:42,0,0,0,0,0,0,0,0,0,0,0,0,0,0,0,0,0,0,0,0,0
10/19/2025 3:43,0,0,0,0,0,0,0,0,0,0,0,0,0,0,0,6,0,0,0,0,0
10/19/2025 3:44,0,0,0,0,0,0,0,0,0,0,0,0,0,0,0,6,0,0,0,0,0
10/19/2025 3:45,0,0,0,0,0,0,0,0,0,7,0,0,0,0,0,0,0,0,0,0,0
10/19/2025 3:46,0,0,0,0,0,0,0,0,0,0,0,0,0,0,0,5,0,0,0,0,0
10/19/2025 3:47,0,0,0,0,0,0,0,0,0,0,0,0,0,0,0,0,0,0,0,0,0
10/19/2025 3:48,0,0,0,0,0,0,0,0,0,0,0,0,0,0,0,0,0,3,0,0,0
10/19/2025 3:49,0,0,0,0,0,7,0,0,0,0,0,0,0,0,0,0,0,3,0,0,0
10/19/2025 3:50,0,0,0,0,0,1,0,0,0,0,0,0,0,6,0,0,0,0,0,0,0
10/19/2025 3:51,0,0,0,0,0,10,0,0,0,0,0,0,0,3,0,0,0,0,0,0,0
10/19/2025 3:52,0,0,0,0,0,3,0,0,0,0,0,0,0,6,0,0,0,0,0,0,0
10/19/2025 3:53,0,0,0,0,0,6,0,0,0,0,0,2,0,0,0,0,0,0,0,0,0
10/19/2025 3:54,0,0,0,0,0,6,0,0,0,0,0,0,0,0,0,0,0,0,0,0,0
10/19/2025 3:55,0,0,0,0,0,4,0,0,0,0,0,0,0,0,0,0,0,0,0,0,0
10/19/2025 3:56,0,0,0,0,0,10,0,0,0,0,0,0,0,0,0,1,0,0,0,0,0
10/19/2025 3:57,3,0,0,0,0,14,0,0,0,0,0,0,0,0,0,0,0,0,0,0,0
10/19/2025 3:58,7,0,0,0,0,30,0,0,0,0,0,0,0,0,0,0,0,0,0,0,0
10/19/2025 3:59,0,0,0,0,0,7,0,0,0,0,0,0,0,0,0,0,0,0,0,0,0
10/19/2025 4:00,0,0,0,0,0,2,0,0,0,0,0,0,0,0,0,0,0,0,0,0,0
10/19/2025 4:01,0,0,0,0,0,0,0,0,0,0,0,0,0,0,0,0,0,0,0,0,0
10/19/2025 4:02,0,0,0,0,0,2,0,0,0,0,0,0,0,0,0,0,0,0,0,0,0
10/19/2025 4:03,0,0,0,0,0,0,0,0,0,0,0,0,0,0,0,0,0,0,0,0,0
10/19/2025 4:04,0,0,0,0,0,0,0,0,0,0,0,0,0,0,3,0,0,0,0,0,0
10/19/2025 4:05,0,0,0,0,0,2,0,0,0,0,0,0,0,0,0,0,0,0,0,0,0
10/19/2025 4:06,0,0,0,3,0,0,0,0,0,0,0,0,0,0,0,0,0,0,0,0,0
10/19/2025 4:07,0,0,0,0,0,0,0,0,0,0,0,0,0,0,0,0,0,0,0,0,0
10/19/2025 4:08,0,0,0,0,0,0,0,0,0,0,0,0,0,0,0,0,0,0,0,0,0
10/19/2025 4:09,0,0,0,0,0,0,0,0,0,0,0,0,0,0,0,0,0,0,0,0,0
10/19/2025 4:10,0,0,0,0,0,0,0,0,0,0,0,0,0,0,0,0,0,0,0,0,0
10/19/2025 4:11,0,0,0,0,0,0,0,0,0,0,0,0,0,0,0,0,0,0,3,0,0
10/19/2025 4:12,0,0,0,0,0,0,0,0,0,0,0,0,0,0,0,0,0,0,3,0,0
10/19/2025 4:13,0,0,0,0,0,0,0,0,0,0,0,0,0,0,0,0,0,0,8,0,0
10/19/2025 4:14,0,0,0,0,0,0,0,0,0,0,0,0,0,0,0,0,0,0,1,0,0
10/19/2025 4:15,0,0,0,0,0,0,0,0,0,0,0,0,0,0,0,0,0,0,12,0,0
10/19/2025 4:16,0,0,0,0,0,0,0,0,0,0,0,0,0,0,0,0,0,0,6,0,0
10/19/2025 4:17,0,0,0,0,0,0,0,0,0,0,0,0,0,0,0,0,0,0,7,0,0
10/19/2025 4:18,0,0,0,0,0,0,0,0,0,0,0,0,0,0,0,0,0,0,5,0,0
10/19/2025 4:19,0,0,0,0,0,0,0,0,0,0,0,0,0,0,0,0,0,0,0,0,0
10/19/2025 4:20,0,0,0,0,0,0,0,0,0,0,0,0,0,0,0,0,0,0,0,0,0
10/19/2025 4:21,0,0,0,0,0,0,0,0,0,0,0,0,0,0,0,0,0,0,0,0,0
10/19/2025 4:22,0,0,0,0,0,0,0,0,0,0,0,0,0,0,0,0,0,0,0,0,0
10/19/2025 4:23,0,0,0,0,0,0,0,0,0,0,0,0,0,0,0,0,0,0,0,0,0
10/19/2025 4:24,0,0,0,0,0,0,0,0,0,0,0,0,0,0,0,0,0,0,0,0,0
10/19/2025 4:25,0,0,0,0,0,0,0,0,0,0,0,0,0,0,7,0,0,0,0,0,0
10/19/2025 4:26,0,0,5,0,0,0,0,0,0,0,0,0,0,0,0,0,0,0,0,0,0
10/19/2025 4:27,0,0,0,0,0,0,0,0,0,0,0,0,0,0,0,0,0,0,0,0,0
10/19/2025 4:28,0,0,0,0,0,0,0,0,0,0,0,0,0,0,0,0,0,0,0,0,0
10/19/2025 4:29,0,0,0,0,0,0,0,1,0,0,0,0,0,0,0,0,0,0,0,0,0
10/19/2025 4:30,0,0,0,0,0,0,0,0,0,0,0,0,0,0,0,0,0,0,0,0,0
10/19/2025 4:31,0,0,0,0,0,0,0,0,0,0,0,0,0,0,0,0,0,0,0,0,0
10/19/2025 4:32,0,0,0,0,0,0,0,0,0,0,0,0,0,0,0,0,0,1,0,0,0
10/19/2025 4:33,0,0,0,3,0,0,0,0,2,0,0,0,0,0,0,0,0,0,0,0,0
10/19/2025 4:34,0,0,0,0,0,0,0,0,0,0,0,0,0,0,0,0,0,0,0,0,0
10/19/2025 4:35,0,0,0,0,0,0,0,0,0,0,0,0,0,0,0,0,0,0,0,0,0
10/19/2025 4:36,0,0,0,0,0,0,0,0,0,0,0,0,0,0,0,0,0,0,0,0,0
10/19/2025 4:37,0,0,0,0,0,0,0,0,0,0,0,0,0,0,0,0,0,0,0,0,0
10/19/2025 4:38,0,0,0,0,0,0,0,0,0,0,0,0,0,0,0,0,0,0,0,0,0
10/19/2025 4:39,0,0,0,0,0,0,0,0,0,0,0,0,0,0,0,0,0,0,0,0,0
10/19/2025 4:40,0,0,0,0,0,0,0,0,0,0,0,0,0,0,0,0,0,0,0,0,0
10/19/2025 4:41,0,0,0,5,0,0,0,0,0,0,0,0,0,0,0,0,0,0,0,0,0
10/19/2025 4:42,0,0,0,0,0,0,0,0,0,0,0,0,0,0,0,0,0,0,0,0,0
10/19/2025 4:43,0,0,0,0,0,0,0,0,0,0,0,0,0,0,0,0,0,0,0,0,0
10/19/2025 4:44,0,0,0,0,0,0,0,0,0,0,0,0,0,0,0,0,0,0,0,0,0
10/19/2025 4:45,0,0,0,0,0,0,0,0,0,0,0,0,0,0,0,0,0,0,0,0,0
10/19/2025 4:46,0,0,0,0,0,0,0,0,0,0,0,0,0,0,0,0,0,0,0,0,0
10/19/2025 4:47,0,0,0,0,0,0,0,0,0,1,0,2,0,0,0,0,0,0,0,0,0
10/19/2025 4:48,0,0,0,0,0,1,0,0,0,0,0,0,0,0,0,0,0,0,0,0,0
10/19/2025 4:49,0,0,0,0,0,0,0,0,0,0,0,0,0,0,0,0,0,0,0,0,0
10/19/2025 4:50,0,0,0,0,0,0,0,0,0,0,0,0,0,0,0,0,0,0,0,0,0
10/19/2025 4:51,0,0,0,0,0,0,0,0,0,0,0,0,0,0,0,0,0,0,0,0,0
10/19/2025 4:52,0,0,0,0,0,0,0,0,0,0,0,0,0,0,0,0,0,0,0,0,0
10/19/2025 4:53,0,0,0,0,0,0,0,0,0,1,0,0,0,0,0,0,0,0,0,0,0
10/19/2025 4:54,0,0,0,0,0,0,0,0,0,0,0,2,0,0,0,0,0,0,0,0,0
10/19/2025 4:55,0,0,0,0,0,0,0,0,0,0,0,5,0,0,0,0,0,0,0,0,0
10/19/2025 4:56,0,0,0,0,0,0,0,3,0,0,0,0,0,0,0,0,0,0,0,0,0
10/19/2025 4:57,0,0,0,0,0,0,0,0,0,0,0,0,0,0,0,0,0,1,0,0,0
10/19/2025 4:58,0,0,0,0,0,0,0,0,0,0,0,0,0,0,0,0,0,0,0,0,0
10/19/2025 4:59,0,0,0,0,0,0,0,0,0,0,0,0,0,0,0,0,0,0,0,0,0
10/19/2025 5:00,0,0,0,0,0,0,0,0,0,0,0,0,0,0,0,0,0,0,0,0,0
10/19/2025 5:01,0,0,0,0,0,0,0,0,0,0,0,0,0,0,0,0,0,0,0,0,0
10/19/2025 5:02,0,0,0,0,0,0,0,0,0,0,0,0,0,0,0,0,0,0,0,0,0
10/19/2025 5:03,0,0,0,0,0,0,0,0,0,0,0,0,0,0,0,0,0,6,0,0,0
10/19/2025 5:04,0,0,0,0,0,0,0,0,0,0,0,0,0,0,0,0,0,1,0,0,0
10/19/2025 5:05,0,0,0,0,0,0,0,0,0,0,0,0,0,0,0,0,0,0,0,0,0
10/19/2025 5:06,0,0,0,0,0,0,0,0,0,0,0,0,0,0,0,0,0,0,0,0,0
10/19/2025 5:07,0,0,0,0,0,0,0,0,0,0,0,0,0,0,0,0,0,0,0,0,0
10/19/2025 5:08,0,0,0,0,0,0,0,0,0,0,0,0,0,0,0,0,0,0,0,0,0
10/19/2025 5:09,0,0,0,0,0,0,0,0,0,0,0,0,0,0,0,0,0,0,0,0,0
10/19/2025 5:10,0,0,0,0,0,0,0,0,0,0,0,0,9,0,0,0,0,0,0,0,0
10/19/2025 5:11,0,0,0,0,0,0,0,0,0,0,0,0,1,0,0,0,0,0,0,0,0
10/19/2025 5:12,0,0,0,0,0,0,0,0,0,0,0,0,0,0,0,0,0,0,0,0,0
10/19/2025 5:13,0,0,0,0,0,0,0,0,0,0,0,0,0,0,0,0,0,0,0,0,0
10/19/2025 5:14,0,0,0,0,0,0,0,0,0,0,0,0,0,0,0,0,0,0,0,0,0
10/19/2025 5:15,0,0,0,0,0,0,0,0,0,0,0,0,0,0,0,0,0,0,0,0,0
10/19/2025 5:16,0,0,0,0,0,0,0,0,0,0,0,0,0,0,0,0,0,0,0,0,0
10/19/2025 5:17,0,0,0,0,0,0,0,0,0,0,0,3,0,0,0,0,0,0,0,0,0
10/19/2025 5:18,0,0,0,0,0,0,0,0,0,0,0,0,0,0,0,0,0,0,0,0,0
10/19/2025 5:19,0,0,0,0,0,0,0,0,0,0,0,0,0,0,0,0,0,0,0,0,0
10/19/2025 5:20,0,0,0,0,0,0,0,0,0,0,0,0,0,0,0,0,0,0,0,0,0
10/19/2025 5:21,0,0,0,0,0,0,0,0,0,1,0,0,0,0,0,0,0,0,0,0,0
10/19/2025 5:22,0,0,0,0,0,0,0,0,0,0,0,0,0,0,0,0,0,0,0,0,0
10/19/2025 5:23,0,0,0,0,0,0,0,0,0,0,0,0,0,0,0,0,0,1,0,0,0
10/19/2025 5:24,0,0,0,0,0,0,0,0,0,0,0,0,0,0,0,0,0,0,0,0,0
10/19/2025 5:25,0,0,0,0,0,0,0,0,0,0,0,0,0,0,0,0,0,0,0,0,0
10/19/2025 5:26,0,0,0,0,0,0,0,0,0,0,0,0,0,0,0,0,0,0,0,0,0
10/19/2025 5:27,0,0,0,0,0,0,0,0,0,0,0,0,0,0,0,0,0,0,0,0,0
10/19/2025 5:28,0,0,0,0,0,0,0,0,0,0,0,0,0,0,0,0,0,0,0,0,0
10/19/2025 5:29,0,0,0,0,0,0,0,0,0,0,0,0,0,0,0,0,0,0,0,0,0
10/19/2025 5:30,0,0,0,0,0,0,0,0,0,0,0,0,0,0,0,0,0,0,0,0,0
10/19/2025 5:31,0,0,0,0,0,0,0,0,0,0,0,0,0,0,0,0,0,0,0,0,0
10/19/2025 5:32,0,0,0,0,0,0,0,0,0,0,0,0,0,0,0,0,0,0,0,0,0
10/19/2025 5:33,0,0,0,0,0,0,0,0,0,0,0,0,0,0,0,0,0,0,0,0,0
10/19/2025 5:34,0,0,0,0,0,0,0,0,0,0,0,0,0,0,0,0,0,0,0,0,0
10/19/2025 5:35,0,0,0,0,0,0,0,0,0,0,0,0,0,0,0,0,0,0,0,0,0
10/19/2025 5:36,0,0,0,0,0,0,0,0,0,0,0,0,0,0,0,0,0,0,0,0,0
10/19/2025 5:37,0,0,0,0,0,0,0,0,0,0,0,0,0,0,0,0,0,0,0,0,0
10/19/2025 5:38,0,0,0,0,0,0,0,0,0,0,0,0,0,0,0,0,0,0,0,0,0
10/19/2025 5:39,0,0,0,0,0,0,0,0,0,0,0,0,0,0,0,0,0,0,0,0,0
10/19/2025 5:40,0,0,0,0,0,0,0,0,0,0,0,4,0,0,0,0,0,0,0,0,0
10/19/2025 5:41,0,0,0,0,0,0,0,0,0,0,0,3,0,0,0,0,0,0,0,0,0
10/19/2025 5:42,0,0,0,0,0,0,0,0,0,0,0,4,0,0,0,0,0,0,0,0,0
10/19/2025 5:43,0,0,0,0,0,0,0,0,0,0,0,0,0,0,0,0,0,0,0,0,0
10/19/2025 5:44,0,0,0,0,0,0,0,0,0,0,0,0,0,0,0,0,0,0,0,0,0
10/19/2025 5:45,0,0,0,0,0,0,0,0,0,0,0,0,0,0,0,0,0,0,0,0,0
10/19/2025 5:46,0,0,0,0,0,0,0,0,0,0,0,0,0,0,0,0,0,0,0,0,0
10/19/2025 5:47,0,0,0,0,0,0,0,0,0,0,0,0,0,0,0,0,0,0,0,0,0
10/19/2025 5:48,0,0,0,0,0,0,0,0,0,0,0,0,0,0,0,0,0,0,0,0,0
10/19/2025 5:49,0,0,0,0,0,0,0,0,0,0,0,0,0,0,0,0,0,0,0,0,0
10/19/2025 5:50,0,0,0,0,0,0,0,0,0,0,0,0,0,0,0,0,0,0,0,0,0
10/19/2025 5:51,0,0,0,0,0,0,0,0,0,0,0,0,0,0,0,0,0,0,0,0,0
10/19/2025 5:52,0,0,0,0,0,0,0,0,0,0,0,0,0,0,0,0,0,0,0,0,0
10/19/2025 5:53,0,0,0,0,0,0,0,0,0,0,0,1,0,0,0,0,0,0,0,0,0
10/19/2025 5:54,0,0,0,0,0,0,0,0,0,0,0,6,0,0,0,0,0,0,0,0,0
10/19/2025 5:55,0,0,0,0,0,0,0,0,0,0,0,3,0,0,0,0,0,0,0,0,0
10/19/2025 5:56,0,0,0,0,0,0,0,0,0,0,0,9,0,0,0,0,0,0,0,0,0
10/19/2025 5:57,0,0,0,0,0,0,0,1,0,0,0,21,0,0,0,0,0,0,0,0,0
10/19/2025 5:58,0,0,0,0,0,0,0,0,0,0,0,35,0,0,0,0,0,0,0,0,0
10/19/2025 5:59,0,0,0,0,0,0,0,0,0,0,0,24,17,0,0,0,0,5,0,0,0
10/19/2025 6:00,0,0,0,0,0,0,0,0,0,0,0,27,18,0,0,0,0,0,0,0,0
10/19/2025 6:01,0,0,0,0,0,0,0,0,0,0,0,38,37,0,0,0,0,0,0,0,0
10/19/2025 6:02,0,0,0,0,0,3,0,0,0,0,0,40,53,0,0,0,0,0,0,0,0
10/19/2025 6:03,0,0,0,0,0,1,0,0,0,0,0,0,52,0,0,0,0,0,0,0,0
10/19/2025 6:04,0,0,0,0,0,0,0,0,0,0,0,3,38,0,0,0,0,0,0,0,0
10/19/2025 6:05,0,0,0,0,0,0,0,0,0,0,0,0,44,0,0,0,0,0,0,0,0
10/19/2025 6:06,0,0,0,0,0,0,0,0,0,0,0,0,42,0,0,0,0,0,0,0,0
10/19/2025 6:07,0,0,0,0,0,0,0,0,3,1,0,0,35,0,0,0,0,0,0,0,0
10/19/2025 6:08,0,0,0,0,0,0,0,0,2,0,0,0,4,0,0,0,0,0,0,0,0
10/19/2025 6:09,0,0,0,0,0,0,0,0,0,0,0,0,3,0,0,0,0,0,0,0,0
10/19/2025 6:10,0,0,0,0,0,0,0,0,0,0,0,4,3,0,0,0,0,0,0,0,0
10/19/2025 6:11,0,0,0,0,0,0,0,0,0,0,0,6,17,0,0,0,0,0,0,0,0
10/19/2025 6:12,0,0,0,0,0,0,0,0,1,0,0,5,1,0,0,0,0,0,0,0,0
10/19/2025 6:13,0,0,0,0,0,0,0,0,1,0,0,0,0,0,0,0,0,0,0,0,0
10/19/2025 6:14,0,0,0,0,0,0,0,0,0,0,0,3,0,0,0,0,0,0,0,0,0
10/19/2025 6:15,0,0,0,0,0,0,0,0,5,0,0,0,0,0,0,0,0,0,0,0,0
10/19/2025 6:16,0,0,0,0,0,0,0,0,2,0,0,0,0,0,0,0,0,0,0,0,0
10/19/2025 6:17,0,0,0,0,0,0,0,0,4,0,0,0,0,0,0,0,0,0,0,0,0
10/19/2025 6:18,0,0,0,0,0,0,0,0,0,0,0,0,0,0,0,0,0,0,0,0,0
10/19/2025 6:19,0,0,0,0,0,0,0,0,1,0,0,0,0,0,0,0,0,0,0,0,0
10/19/2025 6:20,0,0,0,0,0,0,0,0,1,0,0,0,0,0,0,0,0,0,0,0,0
10/19/2025 6:21,0,0,0,0,0,0,0,0,1,0,0,0,0,0,0,0,0,0,0,0,0
10/19/2025 6:22,0,0,0,0,0,0,0,0,1,0,0,0,1,0,0,0,0,0,0,0,0
10/19/2025 6:23,0,0,0,0,0,0,0,0,3,0,0,0,0,0,0,0,0,0,0,0,0
10/19/2025 6:24,0,0,0,0,0,0,0,0,4,0,0,0,0,0,0,0,0,0,0,0,0
10/19/2025 6:25,0,0,0,0,0,0,0,0,1,0,0,0,0,0,0,0,0,0,0,0,0
10/19/2025 6:26,0,0,0,0,0,0,0,0,3,0,0,0,0,0,0,0,0,0,0,0,0
10/19/2025 6:27,0,0,0,0,1,0,0,0,1,0,0,0,1,0,0,0,0,0,0,0,0
10/19/2025 6:28,0,0,0,0,0,0,0,0,0,0,0,0,0,0,0,0,0,6,0,0,0
10/19/2025 6:29,0,0,0,0,0,0,0,0,0,0,0,0,0,0,0,0,0,0,0,0,0
10/19/2025 6:30,0,0,0,0,0,0,0,0,3,0,0,0,0,0,0,0,0,0,0,0,0
10/19/2025 6:31,0,0,0,0,1,0,0,0,0,0,0,0,0,0,0,0,0,0,0,0,0
10/19/2025 6:32,0,0,0,0,0,0,0,0,5,0,0,0,0,0,0,0,0,0,0,0,0
10/19/2025 6:33,0,0,0,0,1,0,0,0,0,0,0,0,0,0,0,0,0,0,0,0,0
10/19/2025 6:34,0,0,0,0,0,0,0,0,0,0,0,0,0,0,0,0,0,0,0,0,0
10/19/2025 6:35,0,0,0,0,0,0,0,0,0,0,0,0,0,0,0,0,0,0,0,0,0
10/19/2025 6:36,0,0,0,0,0,0,0,0,0,0,0,0,0,0,0,0,0,0,0,0,0
10/19/2025 6:37,0,0,0,0,0,0,0,0,0,0,0,0,0,0,0,0,0,0,0,0,0
10/19/2025 6:38,0,0,0,0,2,0,0,0,8,0,0,0,0,0,0,0,0,0,0,0,0
10/19/2025 6:39,0,0,0,0,2,0,0,0,4,0,0,0,0,0,0,0,0,0,0,0,0
10/19/2025 6:40,0,0,0,0,1,0,0,0,1,0,0,0,0,0,0,0,0,0,0,0,0
10/19/2025 6:41,0,0,0,0,1,0,0,0,3,0,0,0,0,0,0,0,0,0,0,0,0
10/19/2025 6:42,0,0,0,0,0,1,0,0,0,0,0,1,0,0,0,0,0,0,0,0,0
10/19/2025 6:43,0,0,0,0,8,0,0,0,0,0,0,1,0,0,0,0,0,0,0,0,0
10/19/2025 6:44,0,0,0,0,3,0,0,0,0,11,0,0,0,0,0,0,0,0,0,0,0
10/19/2025 6:45,0,0,0,0,0,0,0,0,0,0,0,0,1,0,0,0,0,0,0,0,0
10/19/2025 6:46,0,0,0,0,0,0,0,0,0,0,0,0,0,0,0,0,0,0,0,0,0
10/19/2025 6:47,0,0,0,0,0,0,0,0,3,0,0,0,0,0,0,0,0,0,0,0,0
10/19/2025 6:48,0,0,0,0,0,0,0,0,1,0,0,0,0,0,0,0,0,0,0,0,0
10/19/2025 6:49,0,0,0,0,0,0,0,0,0,0,0,0,0,0,0,0,0,0,0,0,0
10/19/2025 6:50,0,0,0,0,0,0,0,0,1,1,0,0,0,0,0,0,0,0,0,0,0
10/19/2025 6:51,0,0,0,0,0,0,0,0,1,1,0,0,0,0,0,0,0,0,0,0,0
10/19/2025 6:52,0,0,0,0,0,0,0,0,0,3,0,0,0,0,0,0,0,0,0,0,0
10/19/2025 6:53,0,0,0,0,0,0,0,0,0,2,0,0,0,0,0,0,0,0,0,0,0
10/19/2025 6:54,0,0,0,0,0,0,0,0,0,2,0,0,0,6,0,0,0,0,0,0,0
10/19/2025 6:55,0,0,0,0,0,0,0,0,0,4,0,1,0,1,0,0,0,0,0,0,0
10/19/2025 6:56,0,0,0,0,2,0,0,0,0,8,0,0,0,0,0,0,0,0,0,0,0
10/19/2025 6:57,0,0,0,0,0,0,0,0,0,6,0,0,0,0,0,0,0,0,0,0,0
10/19/2025 6:58,0,0,0,0,0,0,0,0,0,8,0,0,0,0,0,0,0,0,9,0,0
10/19/2025 6:59,0,0,0,0,0,0,0,0,0,7,0,3,0,0,0,0,0,0,2,0,0
10/19/2025 7:00,0,0,0,0,0,0,0,0,0,6,0,4,0,0,0,0,0,0,0,0,0
10/19/2025 7:01,0,0,0,0,0,0,0,0,0,11,0,12,0,0,0,0,0,0,0,0,0
10/19/2025 7:02,0,0,0,0,0,0,0,0,0,7,0,36,0,0,0,0,0,0,0,0,0
10/19/2025 7:03,0,0,0,0,0,0,0,0,0,12,0,8,0,0,0,0,0,0,0,0,0
10/19/2025 7:04,0,0,0,0,0,0,0,0,0,5,0,6,0,0,0,0,0,0,0,0,0
10/19/2025 7:05,0,0,0,0,0,3,0,0,0,8,0,12,0,0,0,0,0,0,1,0,0
10/19/2025 7:06,0,0,0,0,0,0,0,0,0,0,0,6,0,0,0,0,0,0,0,0,0
10/19/2025 7:07,0,0,0,0,0,0,0,0,0,0,0,11,0,0,0,0,0,0,0,0,0
10/19/2025 7:08,0,0,0,0,0,0,0,0,0,3,0,14,0,0,0,0,0,0,1,0,0
10/19/2025 7:09,0,0,0,0,0,0,0,0,0,5,0,9,0,0,0,0,0,0,0,0,0
10/19/2025 7:10,0,0,0,0,0,0,0,0,0,0,0,9,0,0,0,0,0,0,0,0,0
10/19/2025 7:11,0,0,0,0,0,0,0,0,0,0,0,5,0,0,0,0,0,0,0,0,0
10/19/2025 7:12,0,0,0,0,0,0,0,0,0,0,0,1,0,0,0,0,0,0,0,0,0
10/19/2025 7:13,0,0,0,0,0,0,0,0,0,0,0,5,0,0,0,0,0,0,0,0,0
10/19/2025 7:14,0,0,0,0,0,0,0,0,0,0,0,3,0,0,0,0,0,0,0,0,0
10/19/2025 7:15,0,0,0,0,0,0,0,0,0,0,0,2,0,0,0,0,0,0,0,0,0
10/19/2025 7:16,0,0,0,0,1,0,0,0,0,0,0,0,0,0,0,0,0,0,0,0,0
10/19/2025 7:17,0,0,0,0,0,0,0,0,0,0,0,1,0,0,0,0,0,0,0,0,0
10/19/2025 7:18,0,0,0,0,0,0,0,0,0,0,0,0,0,0,0,0,0,0,0,0,0
10/19/2025 7:19,0,0,0,0,0,0,0,0,0,5,0,3,0,0,0,1,0,0,0,0,0
10/19/2025 7:20,0,0,0,0,0,0,0,0,0,0,0,0,0,0,0,2,0,0,0,0,0
10/19/2025 7:21,0,0,0,0,0,0,0,0,0,0,0,0,0,0,0,5,0,0,0,0,0
10/19/2025 7:22,0,0,0,0,0,0,0,0,0,0,0,0,0,0,0,0,0,0,0,0,0
10/19/2025 7:23,0,0,0,0,0,0,0,0,0,0,0,0,0,0,0,0,0,0,0,0,0
10/19/2025 7:24,0,0,0,0,0,0,0,0,0,0,0,0,0,0,0,0,0,0,0,0,0
10/19/2025 7:25,0,0,0,0,0,0,0,0,0,0,0,0,0,0,0,0,0,0,0,0,0
10/19/2025 7:26,0,0,0,0,0,0,0,0,0,0,0,0,0,0,0,0,0,8,0,0,0
10/19/2025 7:27,0,0,0,0,0,0,0,0,0,0,0,0,0,0,0,0,0,1,0,0,0
10/19/2025 7:28,0,0,0,0,0,0,0,0,0,0,0,0,0,0,0,1,0,0,0,0,0
10/19/2025 7:29,0,0,0,0,0,0,0,0,2,0,0,0,0,0,0,0,0,0,0,0,0
10/19/2025 7:30,0,0,0,0,0,0,0,0,0,0,0,0,0,0,0,0,0,0,0,0,0
10/19/2025 7:31,0,0,0,0,0,0,0,0,0,0,0,0,0,0,0,0,0,0,2,0,0
10/19/2025 7:32,0,0,0,0,0,0,0,0,0,0,0,0,0,0,0,0,0,0,9,0,0
10/19/2025 7:33,0,0,0,0,0,0,0,0,0,0,0,0,0,0,0,0,0,0,10,0,0
10/19/2025 7:34,0,0,0,0,0,0,0,0,0,0,0,0,0,0,0,0,0,0,16,0,0
10/19/2025 7:35,0,0,0,0,0,0,0,0,0,0,0,0,0,0,0,0,0,0,14,0,0
10/19/2025 7:36,0,0,0,0,0,0,0,0,0,0,0,0,0,0,0,1,0,0,0,0,0
10/19/2025 7:37,0,0,0,0,0,0,0,0,0,0,0,0,0,0,0,0,0,0,0,0,0
10/19/2025 7:38,0,0,0,0,0,0,0,0,0,0,0,0,0,0,0,0,0,0,0,0,0
10/19/2025 7:39,0,0,0,0,0,0,0,0,0,0,0,0,0,0,0,0,0,5,0,0,0
10/19/2025 7:40,0,0,0,0,0,0,0,0,0,0,0,0,0,0,0,0,0,0,0,0,0
10/19/2025 7:41,0,0,0,0,0,0,0,0,0,0,0,0,0,0,0,0,0,0,0,0,0
10/19/2025 7:42,0,0,0,0,0,0,0,0,0,0,0,0,0,0,0,0,0,0,0,0,0
10/19/2025 7:43,0,0,0,0,0,0,0,0,0,0,0,0,0,0,0,0,0,0,0,0,0
10/19/2025 7:44,0,0,0,0,0,0,0,0,0,0,0,0,0,0,0,0,0,0,0,0,0
10/19/2025 7:45,0,0,0,0,0,0,0,0,0,0,0,0,0,0,0,0,0,0,0,0,0
10/19/2025 7:46,0,0,0,0,0,0,0,0,0,0,0,0,0,0,0,0,0,0,0,0,0
10/19/2025 7:47,0,0,0,0,0,0,0,0,0,0,0,0,0,0,0,0,0,0,0,0,0
10/19/2025 7:48,0,0,0,0,0,0,0,0,0,0,0,0,0,0,0,0,0,0,0,0,0
10/19/2025 7:49,0,0,0,0,0,0,0,0,0,0,0,0,0,0,0,0,0,0,0,0,0
10/19/2025 7:50,0,0,0,0,0,0,0,0,0,0,0,0,0,0,0,0,0,0,0,0,0
10/19/2025 7:51,0,0,0,0,0,0,0,0,1,0,0,0,0,0,0,0,0,0,0,0,0
10/19/2025 7:52,0,0,0,0,0,0,0,0,2,0,0,0,0,0,0,0,0,0,0,0,0
10/19/2025 7:53,0,0,0,0,0,0,0,0,0,0,0,0,0,0,0,0,0,0,0,0,0
10/19/2025 7:54,0,0,0,0,0,0,0,0,0,0,0,0,0,0,5,0,0,0,0,0,0
10/19/2025 7:55,0,0,0,0,0,0,0,0,0,0,0,0,0,0,1,0,0,0,0,0,0
10/19/2025 7:56,0,0,0,0,0,0,0,0,0,0,0,0,0,0,0,0,0,0,0,0,0
10/19/2025 7:57,0,0,0,0,0,0,0,0,0,0,0,0,0,0,0,0,0,0,0,0,0
10/19/2025 7:58,4,0,0,0,0,0,0,0,0,0,0,0,0,0,0,0,0,0,0,0,0
10/19/2025 7:59,0,0,0,0,0,0,0,0,0,0,0,0,0,0,0,0,0,0,0,0,1
10/19/2025 8:00,0,0,0,0,0,0,0,0,0,0,0,0,0,0,0,0,0,0,0,0,1
10/19/2025 8:01,0,0,0,0,0,0,0,0,0,0,0,0,0,0,0,0,0,0,0,0,1
10/19/2025 8:02,0,0,0,0,0,0,0,0,0,0,0,0,0,0,0,0,0,0,0,0,1
10/19/2025 8:03,0,0,0,0,0,0,0,0,0,0,0,0,0,0,0,0,0,0,0,0,1
10/19/2025 8:04,0,0,0,0,0,0,0,0,0,0,0,0,0,0,0,0,0,0,0,0,1
10/19/2025 8:05,0,0,0,0,0,0,0,0,0,0,0,0,0,0,1,0,0,0,0,0,1
10/19/2025 8:06,0,0,0,0,0,0,0,0,0,0,0,0,0,0,2,0,0,0,0,0,1
10/19/2025 8:07,0,0,0,0,0,0,0,0,0,0,0,0,0,0,1,0,0,0,0,0,1
10/19/2025 8:08,0,0,5,0,0,0,0,0,0,0,0,0,0,0,3,0,0,0,0,0,1
10/19/2025 8:09,0,0,4,0,0,0,0,0,0,0,0,0,0,0,0,0,0,0,0,0,1
10/19/2025 8:10,0,0,0,0,0,0,0,0,0,0,0,0,0,0,2,0,0,0,0,0,1
10/19/2025 8:11,0,0,0,0,0,0,0,0,0,0,0,0,0,0,4,3,0,0,0,0,1
10/19/2025 8:12,0,0,0,0,0,0,0,0,0,0,0,0,0,0,8,1,0,0,0,0,1
10/19/2025 8:13,0,0,0,0,0,0,0,0,0,0,0,0,0,0,0,1,0,0,1,0,1
10/19/2025 8:14,0,0,0,0,0,0,0,0,0,0,0,0,0,0,0,0,0,0,0,0,1
10/19/2025 8:15,0,0,0,0,0,0,0,0,0,0,0,0,0,0,0,0,0,0,0,0,1
10/19/2025 8:16,0,0,0,0,0,0,0,0,0,0,0,0,0,0,0,0,0,0,0,0,1
10/19/2025 8:17,0,0,0,0,0,0,0,0,0,0,0,0,0,0,0,0,0,0,0,0,1
10/19/2025 8:18,0,0,0,0,0,0,0,0,0,0,0,0,0,0,0,0,0,0,0,0,1
10/19/2025 8:19,0,0,0,0,1,0,0,0,0,0,0,0,0,0,0,0,0,0,0,0,1
10/19/2025 8:20,0,0,0,0,0,0,0,0,0,0,0,0,0,0,0,0,0,0,0,0,1
10/19/2025 8:21,0,0,0,0,0,0,0,0,0,0,0,0,0,0,0,0,0,0,0,0,1
10/19/2025 8:22,0,0,0,0,0,0,0,0,0,0,0,0,0,0,0,0,0,0,0,0,1
10/19/2025 8:23,0,0,0,0,0,0,0,0,0,0,0,0,0,0,2,0,0,0,0,0,1
10/19/2025 8:24,0,0,0,0,0,0,0,0,0,0,0,0,0,0,0,0,0,0,0,0,1
10/19/2025 8:25,0,0,0,0,0,0,0,0,0,0,0,0,0,0,0,0,0,0,0,0,1
10/19/2025 8:26,0,0,0,0,0,0,0,0,0,0,0,0,0,0,0,0,0,0,0,0,1
10/19/2025 8:27,0,0,0,0,0,0,0,0,0,0,0,0,0,0,0,0,0,0,0,0,1
10/19/2025 8:28,0,0,0,0,0,0,0,0,0,0,0,0,0,0,0,0,0,0,0,0,1
10/19/2025 8:29,0,0,0,0,0,0,0,0,0,0,0,0,0,0,0,0,0,0,0,0,1
10/19/2025 8:30,0,0,0,0,0,0,0,0,0,0,0,0,0,0,0,0,0,0,0,0,1
10/19/2025 8:31,0,0,0,0,0,0,0,0,0,0,0,0,0,0,0,0,0,0,0,0,1
10/19/2025 8:32,0,0,0,0,0,0,0,0,0,0,0,0,0,0,0,0,0,0,0,0,1
10/19/2025 8:33,0,0,0,0,0,0,0,4,0,0,0,0,0,0,0,0,0,0,0,0,1
10/19/2025 8:34,0,0,0,0,0,0,0,0,0,0,0,0,0,0,0,0,0,0,0,0,1
10/19/2025 8:35,0,0,0,0,0,0,0,0,0,0,0,0,0,0,0,0,0,0,0,0,1
10/19/2025 8:36,0,0,0,0,0,0,0,0,0,0,0,0,0,0,0,0,0,0,0,0,1
10/19/2025 8:37,0,0,0,0,0,0,0,0,0,0,0,0,0,0,0,0,0,0,0,0,1
10/19/2025 8:38,0,0,0,0,0,0,0,0,0,0,0,0,0,0,0,0,0,0,0,0,1
10/19/2025 8:39,0,0,0,0,0,0,0,0,0,0,0,0,0,0,0,0,0,0,0,0,1
10/19/2025 8:40,0,0,0,0,0,0,0,0,0,0,0,0,0,0,0,0,0,0,0,0,1
10/19/2025 8:41,0,0,0,0,0,0,0,0,0,0,0,0,0,0,0,0,0,0,0,0,1
10/19/2025 8:42,0,0,0,0,0,0,0,0,0,0,0,0,0,0,0,0,0,0,0,0,1
10/19/2025 8:43,0,0,0,0,0,0,0,0,0,0,0,0,0,0,0,1,0,0,0,0,1
10/19/2025 8:44,0,0,0,0,0,0,0,0,0,0,0,0,0,0,0,0,0,0,0,0,1
10/19/2025 8:45,0,0,0,0,0,0,0,0,0,0,0,0,0,0,0,4,0,0,0,0,1
10/19/2025 8:46,0,0,0,0,0,0,0,0,0,0,0,0,0,0,0,0,0,0,0,0,1
10/19/2025 8:47,0,0,0,0,0,0,0,4,0,0,0,0,0,0,0,0,0,0,0,0,1
10/19/2025 8:48,0,0,0,0,0,0,0,3,0,0,0,0,0,0,0,0,0,0,0,0,1
10/19/2025 8:49,0,0,0,0,0,0,0,3,0,0,0,0,0,0,0,0,0,0,0,0,1
10/19/2025 8:50,0,0,0,0,0,0,0,1,0,0,0,0,0,0,0,0,0,0,0,0,1
10/19/2025 8:51,0,0,0,0,0,0,0,0,0,0,0,0,0,0,0,0,0,0,0,0,1
10/19/2025 8:52,0,0,0,0,0,0,0,0,0,0,0,0,0,0,0,0,0,0,0,0,1
10/19/2025 8:53,0,0,0,0,0,0,0,0,0,0,0,0,0,0,0,0,0,0,0,0,1
10/19/2025 8:54,0,0,0,0,0,0,0,0,0,0,0,0,0,0,0,0,0,0,0,0,1
10/19/2025 8:55,0,0,0,0,0,0,0,0,0,0,0,0,0,0,0,0,0,0,0,0,1
10/19/2025 8:56,0,0,0,0,0,0,0,0,0,0,0,0,0,0,0,0,0,0,1,0,1
10/19/2025 8:57,0,0,0,0,0,0,0,0,0,0,0,0,0,0,0,0,0,0,0,0,1
10/19/2025 8:58,0,0,0,0,0,0,0,0,0,0,0,0,0,0,0,0,0,0,0,0,1
10/19/2025 8:59,0,0,0,0,0,0,0,0,0,0,0,0,0,0,0,0,0,0,0,0,1
10/19/2025 9:00,0,0,0,0,0,0,0,0,0,0,0,0,0,0,0,0,0,0,0,0,1
10/19/2025 9:01,0,0,0,0,0,0,0,0,0,0,0,0,0,0,0,0,0,0,0,0,1
10/19/2025 9:02,0,0,0,0,0,0,0,0,0,0,0,0,0,0,0,0,0,0,0,0,1
10/19/2025 9:03,0,0,0,0,0,0,0,0,0,0,0,0,0,0,0,0,0,0,0,0,1
10/19/2025 9:04,0,0,0,0,0,0,0,2,0,0,0,0,0,0,0,3,0,0,0,0,1
10/19/2025 9:05,0,0,0,0,0,0,0,0,0,0,0,0,0,0,0,0,0,0,0,0,1
10/19/2025 9:06,0,0,0,0,0,11,0,0,0,0,0,0,0,0,0,1,0,0,0,0,1
10/19/2025 9:07,0,0,0,0,0,0,0,0,0,0,0,0,0,0,0,0,0,0,0,0,1
10/19/2025 9:08,0,0,0,0,0,0,0,0,0,0,0,0,0,0,0,0,0,0,0,0,1
10/19/2025 9:09,0,0,0,0,0,0,0,0,0,0,0,0,0,0,0,0,0,0,0,0,1
10/19/2025 9:10,0,0,0,0,0,0,0,0,0,0,0,0,0,0,0,0,0,0,0,0,1
10/19/2025 9:11,0,0,0,0,0,0,0,0,0,0,0,0,0,0,0,0,0,0,0,0,1
10/19/2025 9:12,0,0,0,0,0,0,0,0,0,0,0,0,0,0,0,0,0,0,0,0,1
10/19/2025 9:13,0,0,0,0,0,0,0,0,0,0,0,0,0,0,0,0,0,0,0,0,1
10/19/2025 9:14,0,0,0,0,0,0,0,0,0,0,0,0,0,0,0,0,0,0,0,0,1
10/19/2025 9:15,0,0,0,0,0,0,0,0,0,0,0,0,0,0,0,0,0,0,0,0,1
10/19/2025 9:16,0,0,0,0,0,0,0,0,0,0,0,0,0,0,1,0,0,0,0,0,1
10/19/2025 9:17,0,0,0,0,0,0,0,0,0,0,0,0,0,0,0,0,0,0,0,0,1
10/19/2025 9:18,0,0,0,0,0,0,0,0,0,0,0,0,0,0,1,0,12,0,0,0,1
10/19/2025 9:19,0,0,0,0,0,0,0,0,0,0,0,0,0,0,0,0,0,0,0,0,1
10/19/2025 9:20,0,0,0,0,0,0,0,0,0,0,0,0,0,0,0,0,5,0,0,0,1
10/19/2025 9:21,0,0,0,0,0,0,0,0,0,0,0,0,0,0,0,0,11,0,0,0,1
10/19/2025 9:22,0,0,0,0,0,0,0,0,0,0,0,0,0,0,0,0,8,0,0,0,1
10/19/2025 9:23,0,0,0,0,0,0,0,0,0,0,0,0,0,0,0,0,1,0,0,0,1
10/19/2025 9:24,0,0,0,0,0,0,0,0,0,0,0,0,0,0,0,0,0,0,0,0,1
10/19/2025 9:25,0,0,0,0,0,0,0,0,0,0,0,0,0,0,0,0,0,0,0,0,1
10/19/2025 9:26,0,0,0,0,0,0,0,0,0,0,0,0,0,0,0,0,2,0,0,0,1
10/19/2025 9:27,0,0,0,0,0,1,0,0,0,0,0,0,0,0,0,0,18,0,0,0,1
10/19/2025 9:28,0,0,0,0,0,1,0,0,0,0,0,0,0,0,0,0,28,0,0,0,1
10/19/2025 9:29,0,0,0,0,0,0,0,0,0,0,0,0,0,0,0,0,4,0,0,0,1
10/19/2025 9:30,0,0,0,0,0,0,0,11,0,0,0,0,0,0,0,0,9,0,0,0,1
10/19/2025 9:31,0,0,0,0,0,0,0,3,0,0,0,0,0,0,0,0,8,0,0,0,1
10/19/2025 9:32,0,0,0,0,0,6,0,8,0,0,0,0,0,0,0,0,10,0,0,0,1
10/19/2025 9:33,0,0,0,0,0,0,0,0,0,0,0,0,0,0,0,0,1,0,0,0,1
10/19/2025 9:34,0,0,0,0,0,0,0,0,0,0,0,0,0,0,0,0,2,0,0,0,1
10/19/2025 9:35,0,0,0,0,0,0,0,0,0,0,0,0,0,0,0,0,5,0,0,0,1
10/19/2025 9:36,0,0,0,0,0,0,0,0,0,0,0,0,0,0,0,0,4,0,0,0,1
10/19/2025 9:37,0,0,0,0,0,5,0,0,0,0,0,0,0,0,0,0,0,0,0,0,1
10/19/2025 9:38,0,0,0,0,0,0,0,0,0,0,0,0,0,0,0,0,0,0,0,0,1
10/19/2025 9:39,0,0,0,0,0,0,0,0,0,0,0,0,0,0,0,0,8,0,0,0,1
10/19/2025 9:40,0,0,0,0,0,0,0,0,0,0,0,0,0,0,0,0,0,0,0,0,1
10/19/2025 9:41,0,0,0,0,0,0,0,0,0,0,0,0,0,0,0,0,0,0,0,0,1
10/19/2025 9:42,0,0,0,0,0,3,0,0,0,0,0,0,0,0,0,0,0,0,0,0,1
10/19/2025 9:43,0,0,0,0,0,8,0,0,0,0,0,0,0,0,0,0,1,0,0,0,1
10/19/2025 9:44,0,0,0,0,0,0,0,0,0,0,0,0,0,0,0,0,0,1,0,0,1
10/19/2025 9:45,0,0,0,0,0,0,0,0,0,0,0,0,0,0,0,0,0,1,0,0,1
10/19/2025 9:46,0,0,0,0,0,0,0,0,0,0,0,0,0,0,0,0,0,0,0,0,1
10/19/2025 9:47,0,0,0,0,0,0,0,0,0,0,0,0,0,0,0,0,0,4,0,0,1
10/19/2025 9:48,0,0,0,0,0,0,0,0,0,0,0,0,0,0,0,0,0,0,0,0,1
10/19/2025 9:49,0,0,0,0,0,0,0,0,0,0,0,0,0,0,0,0,0,0,0,0,1
10/19/2025 9:50,0,0,0,0,0,0,0,0,0,0,0,0,0,0,0,0,0,0,0,0,1
10/19/2025 9:51,0,0,0,0,0,2,0,0,0,0,0,0,0,0,0,0,0,0,0,0,1
10/19/2025 9:52,0,0,0,0,0,0,0,0,0,0,0,0,0,0,0,0,0,0,0,0,1
10/19/2025 9:53,0,0,0,0,0,2,0,0,0,0,0,0,0,0,0,0,0,0,0,0,1
10/19/2025 9:54,0,0,0,0,0,4,0,0,0,0,0,0,0,0,0,0,0,0,0,0,1
10/19/2025 9:55,0,0,0,0,0,5,0,0,0,0,0,0,0,0,0,0,0,0,0,0,1
10/19/2025 9:56,0,0,0,0,0,0,0,0,0,0,0,0,0,0,0,0,0,0,0,0,1
10/19/2025 9:57,0,0,0,0,0,0,0,0,0,0,0,0,0,0,0,0,0,0,0,0,1
10/19/2025 9:58,0,0,0,0,0,0,0,0,0,0,0,0,0,0,0,0,0,0,0,0,1
10/19/2025 9:59,0,0,0,0,0,0,0,0,0,0,0,0,0,0,0,0,0,0,0,0,1
10/19/2025 10:00,0,0,0,0,0,0,0,0,0,0,0,0,0,0,0,0,0,0,0,0,1
10/19/2025 10:01,0,0,0,0,0,0,0,0,0,0,0,0,0,0,0,0,0,0,0,0,1
10/19/2025 10:02,0,0,0,0,0,0,0,0,0,0,0,0,0,0,0,0,0,0,0,0,1
10/19/2025 10:03,0,0,0,0,0,1,0,0,0,0,0,0,0,0,0,0,0,0,0,0,1
10/19/2025 10:04,0,0,0,0,0,0,0,0,0,0,0,0,0,0,0,0,0,0,0,0,1
10/19/2025 10:05,0,0,0,0,0,0,0,0,0,0,0,0,0,0,0,0,0,0,0,0,1
10/19/2025 10:06,0,0,0,0,0,0,0,0,0,0,0,0,0,0,0,0,0,0,0,0,1
10/19/2025 10:07,0,0,0,0,0,0,0,0,0,0,0,0,0,0,0,0,0,0,0,0,1
10/19/2025 10:08,0,0,0,0,0,0,0,0,0,0,0,0,0,0,0,0,6,0,0,0,1
10/19/2025 10:09,0,0,0,0,0,0,0,0,0,0,0,0,0,0,0,0,1,0,0,0,1
10/19/2025 10:10,0,0,0,0,0,0,0,0,0,0,0,0,0,0,0,0,4,0,0,0,1
10/19/2025 10:11,0,0,0,0,0,0,0,0,0,0,0,0,0,0,0,0,0,0,0,0,1
10/19/2025 10:12,0,0,0,0,0,0,0,0,0,0,0,0,0,0,0,0,0,0,0,0,1
10/19/2025 10:13,0,0,0,0,0,0,0,0,0,0,0,0,0,0,0,0,0,0,2,0,1
10/19/2025 10:14,0,0,0,0,0,1,0,0,0,0,0,0,0,0,0,0,0,0,3,0,1
10/19/2025 10:15,0,0,0,0,0,1,0,0,0,0,0,0,0,0,0,0,0,0,15,0,1
10/19/2025 10:16,0,0,0,0,0,0,0,0,0,0,0,0,0,0,0,0,0,0,13,0,1
10/19/2025 10:17,0,0,0,0,0,0,0,0,0,0,0,0,0,0,0,0,0,0,16,0,1
10/19/2025 10:18,0,0,0,0,0,0,0,0,0,0,0,0,0,0,0,0,0,0,8,0,1
10/19/2025 10:19,0,0,0,0,0,0,0,0,0,0,0,0,0,0,0,0,0,0,1,0,1
10/19/2025 10:20,0,0,0,0,0,0,0,0,0,0,0,0,0,0,0,0,0,0,0,0,1
10/19/2025 10:21,0,0,0,0,0,0,0,0,0,0,0,0,0,0,0,0,0,0,0,0,1
10/19/2025 10:22,0,0,0,0,0,0,0,0,0,0,0,0,0,0,0,0,0,0,0,0,1
10/19/2025 10:23,0,0,0,0,0,0,0,0,2,0,0,0,0,0,0,0,0,0,0,0,1
10/19/2025 10:24,0,0,0,0,0,0,0,0,0,0,0,0,0,0,0,0,0,0,7,0,1
10/19/2025 10:25,0,0,0,0,0,0,0,0,0,0,0,0,0,0,0,0,0,0,0,0,1
10/19/2025 10:26,0,0,0,0,0,0,0,0,0,0,0,0,0,0,0,0,0,0,0,0,1
10/19/2025 10:27,0,0,0,0,0,0,0,0,0,0,0,0,0,0,0,0,0,0,0,0,1
10/19/2025 10:28,0,0,0,0,0,0,0,0,0,0,0,0,0,0,0,0,0,1,0,0,1
10/19/2025 10:29,0,0,0,0,0,0,0,0,0,0,0,0,0,0,0,0,0,0,0,0,1
10/19/2025 10:30,0,0,0,0,0,0,0,0,0,0,0,0,0,0,0,0,0,0,0,0,1
10/19/2025 10:31,0,0,0,0,0,0,0,0,0,0,0,0,0,0,0,0,0,0,0,0,1
10/19/2025 10:32,0,0,0,0,0,0,0,0,0,0,0,0,0,0,0,0,0,0,0,0,1
10/19/2025 10:33,0,0,0,0,0,0,0,0,0,0,0,0,0,0,0,0,0,0,0,0,1
10/19/2025 10:34,0,0,0,0,0,0,0,0,0,0,0,0,0,0,0,0,0,0,0,0,1
10/19/2025 10:35,0,0,0,0,0,0,0,0,0,0,0,0,0,0,0,0,0,0,0,0,1
10/19/2025 10:36,0,0,0,0,0,0,0,1,0,0,0,0,0,0,0,0,0,6,0,0,1
10/19/2025 10:37,0,0,0,0,0,0,0,7,0,0,0,0,0,0,0,0,0,0,0,0,1
10/19/2025 10:38,0,0,0,0,0,0,0,2,0,0,0,0,0,0,0,0,0,0,0,0,1
10/19/2025 10:39,0,0,0,0,0,0,0,0,0,0,0,0,0,0,0,0,0,0,0,0,1
10/19/2025 10:40,0,0,0,0,0,0,0,0,0,0,0,0,0,0,0,0,0,0,0,0,1
10/19/2025 10:41,0,0,0,0,0,0,0,0,0,0,0,0,0,0,0,0,0,0,0,0,1
10/19/2025 10:42,0,0,0,0,0,0,0,0,0,0,0,0,0,6,0,0,0,0,0,0,1
10/19/2025 10:43,0,0,0,0,0,0,0,0,0,0,0,0,0,0,0,0,0,0,0,0,1
10/19/2025 10:44,0,0,0,0,0,0,0,0,0,0,0,0,0,0,0,0,0,0,0,0,1
10/19/2025 10:45,0,0,0,0,0,0,0,0,0,0,0,0,0,0,0,0,0,0,0,0,1
10/19/2025 10:46,0,0,0,0,0,0,0,0,0,0,0,0,0,0,0,0,0,0,0,0,1
10/19/2025 10:47,0,0,0,0,0,0,0,0,0,0,0,0,0,0,0,0,0,0,0,0,1
10/19/2025 10:48,1,0,0,0,0,0,0,0,0,0,0,0,0,0,0,0,0,0,0,0,1
10/19/2025 10:49,0,0,0,0,0,0,0,0,0,0,0,0,0,0,0,0,0,0,0,0,1
10/19/2025 10:50,0,0,0,0,2,0,0,1,0,0,0,0,0,0,0,0,0,0,0,0,1
10/19/2025 10:51,0,0,0,0,3,0,0,0,0,0,0,2,0,0,0,0,0,0,0,0,1
10/19/2025 10:52,0,0,0,0,0,0,0,0,0,0,0,0,0,0,0,0,0,0,0,0,1
10/19/2025 10:53,0,0,0,0,0,0,0,0,0,0,0,4,0,0,0,0,0,0,0,0,1
10/19/2025 10:54,0,0,0,0,0,0,0,0,0,0,0,17,0,0,0,0,0,0,0,0,1
10/19/2025 10:55,0,0,0,0,0,0,0,0,0,0,0,8,0,0,0,0,0,0,0,0,1
10/19/2025 10:56,0,0,0,0,0,0,0,0,0,0,0,0,0,0,0,0,0,0,0,0,1
10/19/2025 10:57,0,0,0,0,0,0,0,0,0,0,0,0,0,0,0,0,0,0,0,0,1
10/19/2025 10:58,0,0,0,0,0,0,0,0,1,0,0,2,0,0,0,0,0,0,0,0,1
10/19/2025 10:59,0,0,0,0,0,0,0,0,0,0,0,28,0,0,0,0,0,0,0,0,1
10/19/2025 11:00,0,0,0,0,0,0,0,0,0,0,0,28,0,0,0,0,0,0,0,0,1
10/19/2025 11:01,0,0,0,0,0,0,0,0,0,0,0,26,0,0,0,0,0,0,3,0,1
10/19/2025 11:02,0,0,0,0,0,0,0,0,0,0,0,12,0,0,0,0,0,0,0,0,1
10/19/2025 11:03,0,0,0,0,0,0,0,0,0,0,0,19,0,0,0,0,0,0,0,0,1
10/19/2025 11:04,0,0,0,0,0,0,0,0,0,0,0,17,0,0,0,0,0,0,0,0,1
10/19/2025 11:05,0,0,0,0,0,0,0,0,0,0,0,11,0,0,0,0,0,0,0,0,1
10/19/2025 11:06,0,0,0,0,0,0,0,0,0,0,0,11,0,0,0,0,0,0,0,0,1
10/19/2025 11:07,0,0,0,0,0,0,0,0,0,0,0,14,0,0,0,0,0,0,0,0,1
10/19/2025 11:08,0,0,0,0,0,0,0,0,0,0,0,10,0,0,0,0,0,0,0,0,1
10/19/2025 11:09,0,0,0,0,0,0,0,0,0,0,0,23,0,0,0,0,0,0,0,0,1
10/19/2025 11:10,0,0,0,0,0,0,0,0,0,0,0,36,0,0,0,0,0,0,0,0,1
10/19/2025 11:11,0,0,0,0,0,0,0,0,0,0,0,7,0,0,0,0,0,0,0,0,1
10/19/2025 11:12,0,0,0,0,0,0,0,0,0,0,0,12,0,0,0,0,0,0,0,0,1
10/19/2025 11:13,0,0,0,0,0,0,0,0,0,0,0,10,0,0,0,0,0,0,0,0,1
10/19/2025 11:14,0,0,0,0,0,0,0,0,0,0,0,24,0,0,0,0,0,0,0,0,1
10/19/2025 11:15,0,0,0,0,0,0,0,0,0,0,0,21,0,0,0,0,0,0,0,0,1
10/19/2025 11:16,0,0,0,0,0,0,0,0,0,0,0,11,0,0,0,0,0,0,0,0,1
10/19/2025 11:17,0,0,0,0,0,0,0,0,0,0,0,35,0,0,0,0,0,0,0,0,1
10/19/2025 11:18,0,0,14,0,0,0,0,0,0,0,0,16,0,0,0,0,0,0,0,0,1
10/19/2025 11:19,0,0,17,0,0,0,0,0,0,0,0,1,0,0,0,0,0,0,0,0,1
10/19/2025 11:20,0,0,12,0,0,0,0,0,0,0,0,0,0,0,0,0,0,0,0,0,1
10/19/2025 11:21,0,0,11,0,0,0,0,0,0,0,0,0,0,0,0,0,0,0,0,0,1
10/19/2025 11:22,0,0,21,0,0,0,0,0,0,0,0,7,0,0,0,0,0,0,0,0,1
10/19/2025 11:23,0,0,18,0,0,0,0,0,0,0,0,1,0,0,0,0,0,0,0,0,1
10/19/2025 11:24,0,0,19,0,0,0,0,0,0,0,0,2,0,0,0,0,0,0,0,0,1
10/19/2025 11:25,0,0,23,0,0,0,0,0,0,0,0,5,0,0,0,0,0,0,0,0,1
10/19/2025 11:26,0,0,24,0,0,0,0,0,0,0,0,1,0,0,0,5,0,0,0,0,1
10/19/2025 11:27,0,0,33,0,0,0,0,0,0,0,0,2,0,0,0,0,0,0,0,0,1
10/19/2025 11:28,0,0,23,0,0,0,0,0,0,0,0,0,0,0,0,0,0,0,0,0,1
10/19/2025 11:29,0,0,27,0,0,0,0,0,0,0,0,1,0,0,0,5,0,0,0,0,1
10/19/2025 11:30,0,0,14,0,0,0,0,0,0,0,0,0,0,0,0,3,0,0,0,0,1
10/19/2025 11:31,0,0,7,0,0,0,0,0,0,0,0,0,0,0,0,0,0,0,0,0,1
10/19/2025 11:32,0,0,24,0,0,0,0,0,0,0,0,0,0,0,0,2,0,0,0,0,1
10/19/2025 11:33,0,0,17,0,0,0,0,0,0,0,0,0,0,0,0,0,0,7,0,0,1
10/19/2025 11:34,0,0,0,0,0,0,0,0,0,0,0,0,0,1,0,0,0,0,0,0,1
10/19/2025 11:35,0,0,0,0,0,0,0,0,0,0,0,0,0,13,0,0,0,0,0,0,1
10/19/2025 11:36,0,0,0,0,0,0,0,0,0,0,0,0,0,0,0,0,0,0,0,0,1
10/19/2025 11:37,0,0,0,0,0,0,0,0,0,0,0,0,0,0,0,0,0,0,0,0,1
10/19/2025 11:38,0,0,0,0,0,0,0,0,0,0,0,0,0,0,0,0,0,0,2,0,1
10/19/2025 11:39,0,0,0,0,0,0,0,0,0,0,0,0,0,0,0,0,0,0,2,0,1
10/19/2025 11:40,0,0,0,2,0,0,0,0,0,0,0,0,0,0,0,0,0,0,0,0,1
10/19/2025 11:41,0,0,0,3,0,0,0,0,0,0,0,0,0,0,0,0,0,0,0,0,1
10/19/2025 11:42,0,0,0,0,0,0,0,0,0,0,0,0,0,0,0,0,0,0,0,0,1
10/19/2025 11:43,0,0,0,0,0,0,0,0,0,0,0,0,0,0,0,0,0,0,1,0,1
10/19/2025 11:44,0,0,0,0,0,0,0,0,0,0,0,0,0,0,0,0,0,0,0,0,1
10/19/2025 11:45,0,0,3,0,0,0,0,0,0,0,0,0,0,0,0,0,0,0,0,0,1
10/19/2025 11:46,0,0,4,0,0,0,0,0,0,0,0,0,0,0,0,0,0,0,0,0,1
10/19/2025 11:47,0,0,0,0,0,0,0,0,0,0,0,0,0,0,0,0,0,0,0,0,1
10/19/2025 11:48,0,0,0,0,0,0,0,0,0,0,0,0,0,0,0,0,0,0,0,0,1
10/19/2025 11:49,0,0,3,0,0,0,0,0,0,0,0,0,0,0,0,0,0,0,0,0,1
10/19/2025 11:50,0,0,7,0,0,0,0,0,0,0,0,0,0,0,0,0,0,0,0,0,1
10/19/2025 11:51,0,0,16,0,0,0,0,0,0,0,0,0,0,0,0,0,0,0,0,0,1
10/19/2025 11:52,0,0,22,0,0,0,0,0,0,0,0,0,0,0,0,0,0,0,0,0,1
10/19/2025 11:53,0,0,5,0,0,0,0,0,0,0,0,0,0,0,0,0,0,0,0,0,1
10/19/2025 11:54,0,0,7,0,0,0,0,0,0,0,0,0,0,0,0,0,0,0,0,0,1
10/19/2025 11:55,0,0,0,0,0,0,0,0,0,0,0,0,0,0,0,0,0,0,0,0,1
10/19/2025 11:56,0,0,0,0,13,0,0,0,0,0,0,0,0,0,0,0,0,0,0,0,1
10/19/2025 11:57,0,0,0,0,0,0,0,0,0,0,0,0,0,0,0,0,0,0,0,0,1
10/19/2025 11:58,0,0,0,0,0,0,0,0,0,0,0,0,0,0,0,0,0,0,0,0,1
10/19/2025 11:59,0,0,0,0,7,0,0,1,1,0,0,0,0,0,0,0,0,0,0,0,1
10/19/2025 12:00,0,0,0,0,17,0,0,0,0,0,0,0,0,0,0,0,0,0,0,0,1
10/19/2025 12:01,0,0,2,0,19,0,0,0,0,0,0,0,0,0,0,0,0,0,0,0,1
10/19/2025 12:02,0,0,0,0,18,0,0,0,0,0,0,0,0,0,0,0,0,0,0,0,1
10/19/2025 12:03,2,0,0,0,12,0,0,0,0,0,0,0,0,0,0,0,0,0,0,0,1
10/19/2025 12:04,0,0,0,0,22,0,0,0,0,0,0,0,0,0,0,0,0,0,0,0,1
10/19/2025 12:05,0,0,0,0,26,0,0,0,0,0,0,0,0,0,0,0,0,0,0,0,1
10/19/2025 12:06,0,0,0,0,34,0,0,0,0,0,0,0,0,0,0,0,0,0,0,0,1
10/19/2025 12:07,0,0,0,0,37,0,0,0,0,0,0,0,0,0,0,0,0,0,0,0,1
10/19/2025 12:08,0,0,0,0,39,0,0,0,0,0,0,0,0,0,8,0,0,0,0,0,1
10/19/2025 12:09,0,0,0,0,40,0,0,0,0,0,0,0,0,0,1,0,0,0,0,0,1
10/19/2025 12:10,0,0,0,0,24,0,0,0,0,0,0,0,0,0,0,0,0,0,0,0,1
10/19/2025 12:11,0,0,0,0,2,0,0,0,0,0,0,0,0,0,0,0,0,0,0,0,1
10/19/2025 12:12,0,0,0,0,7,0,0,0,0,0,0,0,0,0,0,0,0,0,0,0,1
10/19/2025 12:13,0,0,0,0,14,0,0,0,0,0,0,0,0,0,0,0,0,0,0,0,1
10/19/2025 12:14,0,0,0,0,29,0,0,0,0,0,0,0,0,0,0,0,0,0,0,4,1
10/19/2025 12:15,0,0,0,0,25,0,0,0,0,0,0,0,0,0,0,0,0,0,0,0,1
10/19/2025 12:16,0,0,0,0,13,0,0,0,0,0,0,0,0,0,0,0,0,0,0,1,1
10/19/2025 12:17,0,0,0,0,0,0,0,0,0,0,0,0,0,0,0,0,0,0,0,1,1
10/19/2025 12:18,0,0,0,0,0,0,0,0,0,0,0,0,0,0,0,0,0,0,0,0,1
10/19/2025 12:19,0,0,0,0,0,0,0,0,0,0,0,0,0,0,0,0,0,0,0,0,1
10/19/2025 12:20,0,0,0,0,0,0,0,0,0,0,0,0,0,0,0,0,0,0,0,6,1
10/19/2025 12:21,0,0,0,0,0,0,7,0,0,0,0,0,0,0,0,0,0,0,0,3,1
10/19/2025 12:22,0,0,0,0,0,0,0,0,0,0,0,0,0,0,0,0,0,0,0,0,1
10/19/2025 12:23,0,0,0,0,0,0,0,0,0,0,0,0,0,0,0,0,0,0,6,0,1
10/19/2025 12:24,0,0,0,0,0,0,0,0,0,0,0,0,0,0,0,0,0,0,0,0,1
10/19/2025 12:25,0,0,0,0,0,0,0,0,0,0,0,0,0,0,0,1,0,0,0,0,1
10/19/2025 12:26,0,0,0,0,0,0,0,0,0,0,0,0,0,0,0,0,0,0,0,0,1
10/19/2025 12:27,0,0,0,0,0,0,0,0,0,0,0,0,0,0,0,5,0,0,0,1,1
10/19/2025 12:28,0,0,0,0,0,0,0,0,0,0,0,1,0,0,0,0,0,0,0,5,1
10/19/2025 12:29,0,0,0,0,0,0,0,0,0,0,0,0,0,0,0,0,0,0,0,18,1
10/19/2025 12:30,0,0,0,0,0,0,0,0,0,0,0,0,0,0,0,0,0,0,0,15,1
10/19/2025 12:31,0,0,0,0,0,0,0,0,0,0,0,0,0,0,0,0,0,0,0,11,1
10/19/2025 12:32,0,0,0,0,0,0,0,0,0,0,0,0,0,0,0,0,0,0,0,11,1
10/19/2025 12:33,0,0,0,0,0,0,0,0,0,0,0,0,0,0,0,0,0,0,0,17,1
10/19/2025 12:34,0,0,0,0,0,0,0,0,0,0,0,0,0,0,0,0,0,0,0,12,1
10/19/2025 12:35,0,0,0,0,0,0,0,0,0,0,0,0,0,0,0,0,0,0,0,14,1
10/19/2025 12:36,0,0,0,0,0,0,0,0,0,0,0,0,0,0,0,0,0,0,0,5,1
10/19/2025 12:37,0,0,0,0,0,0,0,0,0,0,0,0,0,0,0,0,0,0,0,7,1
10/19/2025 12:38,0,0,0,1,0,0,0,0,0,0,0,0,0,0,0,0,0,0,0,7,1
10/19/2025 12:39,0,0,0,0,0,0,0,0,0,0,0,0,0,0,0,0,0,0,0,0,1
10/19/2025 12:40,0,0,0,0,0,0,0,0,0,0,0,0,0,0,0,0,0,0,0,4,1
10/19/2025 12:41,0,0,0,0,0,0,0,0,3,0,0,0,0,0,0,0,0,0,0,0,1
10/19/2025 12:42,0,0,0,0,0,0,0,0,0,0,0,0,0,0,0,0,0,0,0,0,1
10/19/2025 12:43,0,0,0,0,0,0,0,0,0,0,0,1,0,0,0,0,0,0,0,0,1
10/19/2025 12:44,0,0,0,0,0,0,0,0,0,0,0,0,0,0,0,0,0,0,0,5,1
10/19/2025 12:45,0,0,3,0,0,0,0,0,0,0,0,0,0,0,0,0,0,0,0,0,1
10/19/2025 12:46,0,0,0,0,0,0,0,0,0,2,0,0,0,0,0,0,0,0,0,0,1
10/19/2025 12:47,0,0,2,0,0,0,0,0,0,0,0,0,0,0,0,0,0,0,0,0,1
10/19/2025 12:48,0,0,5,0,0,0,0,0,0,0,0,0,0,0,0,0,0,0,0,0,1
10/19/2025 12:49,0,0,17,0,0,0,0,0,0,0,0,0,0,0,0,0,0,0,0,0,1
10/19/2025 12:50,0,0,0,0,0,7,0,0,1,0,0,0,0,0,0,0,0,0,0,0,1
10/19/2025 12:51,0,0,1,0,0,0,0,0,0,0,0,0,0,0,0,0,0,0,0,0,1
10/19/2025 12:52,0,0,1,0,0,0,0,0,0,1,0,0,0,0,0,0,0,0,0,0,1
10/19/2025 12:53,0,0,14,0,0,0,0,0,0,0,0,0,0,0,0,0,0,0,0,0,1
10/19/2025 12:54,0,0,7,0,0,0,0,0,0,0,0,0,0,0,0,0,0,0,0,0,1
10/19/2025 12:55,0,0,10,0,0,0,0,0,0,0,0,0,0,0,0,0,0,0,0,0,1
10/19/2025 12:56,0,0,14,0,0,0,0,0,0,0,0,0,0,0,0,0,0,0,0,0,1
10/19/2025 12:57,0,0,0,0,0,0,0,0,0,0,0,0,0,0,0,0,0,0,0,0,1
10/19/2025 12:58,0,0,0,0,0,0,0,0,0,0,0,0,0,0,0,0,0,0,0,0,1
10/19/2025 12:59,0,0,0,0,0,0,0,0,0,0,0,0,0,0,0,0,0,1,0,0,1
10/19/2025 13:00,0,0,0,0,0,0,0,0,0,0,0,0,0,0,0,0,0,0,0,0,1
10/19/2025 13:01,0,0,0,0,0,0,0,0,0,0,0,0,0,0,0,0,0,0,0,0,1
10/19/2025 13:02,0,0,0,0,0,0,0,2,0,0,0,0,0,0,0,0,0,0,0,0,1
10/19/2025 13:03,0,0,0,0,0,0,0,1,0,0,0,0,0,0,0,0,0,0,0,0,1
10/19/2025 13:04,0,0,0,0,0,0,0,0,0,0,0,0,0,0,0,0,0,0,0,0,1
10/19/2025 13:05,0,0,0,0,0,0,0,0,2,0,0,1,0,0,0,0,0,0,0,0,1
10/19/2025 13:06,0,0,0,0,0,0,0,0,7,0,0,0,0,0,0,0,0,1,0,0,1
10/19/2025 13:07,0,0,0,0,0,0,0,0,0,0,0,0,0,0,0,0,0,0,0,0,1
10/19/2025 13:08,0,0,0,0,0,0,0,0,0,0,0,0,0,0,0,0,0,0,0,0,1
10/19/2025 13:09,0,0,0,0,0,0,0,0,0,0,0,0,0,0,0,0,0,0,0,0,1
10/19/2025 13:10,0,0,0,0,0,0,0,0,0,0,0,0,0,0,0,0,0,0,0,0,1
10/19/2025 13:11,0,0,0,0,0,0,0,0,0,0,0,0,0,0,0,0,0,0,0,0,1
10/19/2025 13:12,0,0,0,0,0,0,0,0,0,0,0,0,0,0,0,0,0,0,0,0,1
10/19/2025 13:13,0,0,0,0,0,0,0,0,0,0,0,0,0,0,0,0,0,0,0,0,1
10/19/2025 13:14,0,0,0,0,0,0,0,0,0,0,0,0,0,0,0,0,0,0,0,0,1
10/19/2025 13:15,0,0,0,0,0,0,0,0,0,0,0,0,0,0,0,0,0,0,0,0,1
10/19/2025 13:16,0,0,0,0,0,0,0,0,0,0,0,0,0,0,0,0,0,0,0,0,1
10/19/2025 13:17,0,0,0,0,0,0,0,0,0,0,0,0,0,0,0,0,0,0,0,0,1
10/19/2025 13:18,0,0,0,0,0,0,0,0,0,0,0,0,0,0,0,0,0,0,0,0,1
10/19/2025 13:19,0,0,0,0,0,0,0,0,0,0,0,0,0,0,0,0,0,0,0,0,1
10/19/2025 13:20,0,0,0,0,0,0,0,0,0,0,0,0,0,0,0,0,0,0,0,0,1
10/19/2025 13:21,0,0,0,0,0,0,2,0,0,0,0,0,0,0,0,0,0,0,0,0,1
10/19/2025 13:22,0,0,0,0,0,0,0,0,0,0,0,0,0,0,0,0,0,0,0,0,1
10/19/2025 13:23,0,0,0,0,0,0,0,0,0,0,0,0,0,0,0,0,0,0,0,0,1
10/19/2025 13:24,0,0,0,0,0,0,0,0,0,0,0,0,0,0,0,0,0,0,0,0,1
10/19/2025 13:25,0,0,0,0,0,0,0,0,0,0,0,0,0,0,0,0,0,4,0,0,1
10/19/2025 13:26,0,0,0,0,0,0,0,0,0,0,0,0,0,0,0,0,0,3,0,0,1
10/19/2025 13:27,0,0,0,0,0,0,0,0,0,0,0,0,0,0,0,0,0,8,0,0,1
10/19/2025 13:28,2,0,0,0,0,0,0,0,0,0,0,0,0,0,0,0,0,2,0,0,1
10/19/2025 13:29,0,0,0,0,0,0,0,0,0,0,0,0,0,0,0,0,0,0,0,0,1
10/19/2025 13:30,0,0,0,0,0,0,0,0,0,0,0,0,0,0,0,0,0,0,0,0,1
10/19/2025 13:31,0,0,0,0,0,0,0,0,0,0,0,0,0,0,0,0,0,0,0,0,1
10/19/2025 13:32,0,0,0,0,0,0,0,4,0,0,0,0,0,0,0,0,0,0,0,0,1
10/19/2025 13:33,0,0,0,0,0,0,0,0,0,0,0,0,0,0,0,0,0,0,0,0,1
10/19/2025 13:34,0,0,0,0,0,0,0,0,0,0,0,0,0,0,0,0,0,0,0,0,1
10/19/2025 13:35,0,0,0,0,0,0,0,0,0,0,0,0,0,0,0,0,0,0,0,0,1
10/19/2025 13:36,0,0,0,0,0,0,0,0,0,0,0,0,0,0,0,0,0,0,0,0,1
10/19/2025 13:37,3,0,0,2,0,0,3,0,0,0,2,2,0,0,3,0,1,0,0,1,1
10/19/2025 13:38,2,0,0,0,0,0,0,0,0,0,0,0,0,0,0,0,0,0,0,0,1
10/19/2025 13:39,0,0,0,0,0,0,0,0,0,0,0,0,0,0,0,0,0,0,0,0,1
10/19/2025 13:40,0,0,0,0,0,0,0,0,0,0,0,0,0,0,0,0,0,0,0,0,1
10/19/2025 13:41,0,0,0,0,0,0,0,0,0,0,0,1,0,0,1,0,0,0,0,1,1
10/19/2025 13:42,0,0,0,0,0,0,0,0,0,0,0,1,0,0,0,0,0,0,0,0,1
10/19/2025 13:43,0,0,0,0,0,0,0,0,0,0,0,0,0,0,0,0,0,0,0,0,1
10/19/2025 13:44,0,0,0,0,0,0,0,0,0,1,0,0,0,1,0,0,0,0,0,0,1
10/19/2025 13:45,0,0,0,0,0,0,0,0,0,0,0,0,0,0,0,0,0,0,0,0,1
10/19/2025 13:46,0,0,0,0,0,0,0,0,0,0,0,0,0,0,0,0,0,0,0,0,1
10/19/2025 13:47,0,0,0,0,0,0,0,0,0,0,0,0,0,0,0,0,0,0,0,0,1
10/19/2025 13:48,0,0,0,0,0,0,0,0,0,0,0,0,0,0,0,1,0,0,0,0,1
10/19/2025 13:49,0,0,0,0,0,0,0,0,0,0,0,0,0,0,0,0,0,0,0,0,1
10/19/2025 13:50,0,0,0,0,0,0,0,0,0,0,0,0,0,0,0,0,0,0,0,0,1
10/19/2025 13:51,0,0,0,0,0,0,0,0,0,0,0,0,0,0,0,0,0,0,0,0,1
10/19/2025 13:52,0,0,0,0,0,0,0,0,0,0,0,0,0,0,0,0,0,0,0,0,1
10/19/2025 13:53,0,0,0,0,0,0,0,0,0,0,0,0,0,0,0,0,0,0,0,0,1
10/19/2025 13:54,0,0,0,0,0,0,0,0,0,0,0,0,0,0,0,0,0,0,0,0,1
10/19/2025 13:55,0,0,0,0,0,0,0,0,0,0,0,0,0,0,0,0,0,0,0,0,1
10/19/2025 13:56,0,0,0,0,0,0,0,0,0,1,0,0,0,0,0,0,1,0,0,0,1
10/19/2025 13:57,0,0,0,0,0,0,0,0,0,0,0,0,0,0,0,0,0,0,0,0,1
10/19/2025 13:58,0,0,0,0,0,0,0,0,0,0,0,0,0,0,0,0,0,0,0,0,1
10/19/2025 13:59,0,0,0,0,0,0,0,0,0,1,0,0,0,0,0,0,0,0,0,0,1
10/19/2025 14:00,0,0,0,0,0,0,0,0,0,0,0,0,0,0,0,0,0,0,0,0,1
10/19/2025 14:01,0,0,0,0,0,0,0,0,0,1,0,0,0,0,0,0,0,0,0,0,1
10/19/2025 14:02,0,0,0,0,0,0,0,0,0,0,0,0,0,0,0,0,0,0,0,0,1
10/19/2025 14:03,0,0,0,0,0,0,0,0,0,1,0,0,0,0,0,0,0,0,0,0,1
10/19/2025 14:04,0,0,0,0,0,0,2,0,0,0,0,0,0,0,0,0,0,0,0,0,1
10/19/2025 14:05,0,0,0,0,0,0,0,0,0,0,0,0,0,0,0,0,0,0,0,0,1
10/19/2025 14:06,0,0,0,0,0,0,1,0,0,0,0,0,0,0,0,0,0,0,0,0,1
10/19/2025 14:07,0,0,0,0,0,0,0,0,0,0,0,0,0,0,0,0,0,0,0,0,1
10/19/2025 14:08,0,0,0,0,0,0,0,0,0,0,0,0,0,0,0,0,0,0,0,0,1
10/19/2025 14:09,0,0,0,0,0,0,0,0,0,0,0,0,0,0,0,0,0,0,0,0,1
10/19/2025 14:10,0,0,0,0,0,0,0,0,0,0,0,0,0,0,0,0,0,0,0,0,1
10/19/2025 14:11,0,0,0,0,0,0,0,0,0,0,0,0,0,0,0,0,0,0,0,0,1
10/19/2025 14:12,0,0,0,0,0,0,0,0,0,0,0,0,0,0,0,0,0,0,0,0,1
10/19/2025 14:13,0,0,0,0,0,0,0,0,0,0,0,0,0,0,0,0,0,0,0,0,1
10/19/2025 14:14,0,0,0,0,0,0,0,0,0,0,0,0,0,0,0,0,0,0,0,0,1
10/19/2025 14:15,0,0,0,0,0,0,0,0,0,0,0,0,0,0,0,0,0,6,0,0,1
10/19/2025 14:16,0,0,0,0,0,0,0,0,0,0,0,0,0,0,0,0,0,0,0,0,1
10/19/2025 14:17,0,0,0,0,0,0,0,0,0,0,0,0,0,0,0,0,0,0,0,0,1
10/19/2025 14:18,0,0,0,0,0,0,0,0,0,0,0,0,0,0,0,0,0,0,0,0,1
10/19/2025 14:19,0,0,0,0,0,0,0,0,0,0,0,0,0,0,0,0,0,0,0,0,1
10/19/2025 14:20,0,0,0,0,0,0,0,0,0,0,0,0,0,0,0,0,0,0,0,0,1
10/19/2025 14:21,0,0,0,0,0,0,0,0,0,0,0,0,0,0,0,0,0,0,0,0,1
10/19/2025 14:22,0,0,0,0,0,0,0,0,0,0,0,0,0,0,0,0,0,0,0,0,1
10/19/2025 14:23,0,0,0,0,0,0,0,0,0,0,0,0,0,0,0,0,0,0,0,0,1
10/19/2025 14:24,0,0,0,4,0,0,0,0,0,0,0,0,0,0,0,0,0,0,0,0,1
10/19/2025 14:25,0,0,0,0,0,0,0,0,0,0,0,0,0,0,0,0,0,0,0,0,1
10/19/2025 14:26,0,0,0,0,0,0,0,0,2,0,0,0,0,0,0,0,0,0,0,0,1
10/19/2025 14:27,0,0,0,0,0,0,0,0,0,0,0,1,0,0,0,0,0,0,0,0,1
10/19/2025 14:28,0,0,0,0,0,0,0,0,0,0,0,9,0,0,0,0,0,0,0,0,1
10/19/2025 14:29,0,0,0,0,0,0,0,0,0,0,0,0,0,0,0,0,0,0,0,0,1
10/19/2025 14:30,0,0,0,0,0,0,0,1,0,0,0,2,0,0,0,0,0,0,0,0,1
10/19/2025 14:31,0,0,0,0,0,0,0,0,0,0,0,0,0,0,0,0,0,0,0,0,1
10/19/2025 14:32,0,0,0,0,0,0,0,1,0,0,0,0,0,0,0,0,0,0,0,0,1
10/19/2025 14:33,0,0,0,0,0,0,0,0,0,0,0,0,0,0,0,0,0,0,0,0,1
10/19/2025 14:34,0,0,0,0,0,0,0,0,0,0,0,0,0,0,0,0,0,0,0,0,1
10/19/2025 14:35,0,0,0,0,0,0,0,1,0,0,0,0,0,0,0,0,0,0,0,0,1
10/19/2025 14:36,0,0,0,0,0,0,0,0,0,0,0,0,0,0,0,0,0,0,0,0,1
10/19/2025 14:37,0,0,0,0,0,0,0,0,0,0,0,0,0,0,0,0,0,0,0,0,1
10/19/2025 14:38,0,0,0,0,0,0,0,0,0,0,0,0,0,0,0,0,0,0,0,0,1
10/19/2025 14:39,0,0,0,0,0,0,0,0,0,0,0,0,0,0,0,0,0,0,4,0,1
10/19/2025 14:40,0,0,0,0,0,0,0,0,0,0,0,0,0,0,0,0,0,0,0,0,1
10/19/2025 14:41,0,0,0,0,0,0,0,0,0,0,0,0,0,0,0,0,0,0,0,0,1
10/19/2025 14:42,0,0,0,0,0,0,0,0,0,0,0,0,0,0,0,0,0,3,0,0,1
10/19/2025 14:43,0,0,0,0,0,0,0,0,0,0,0,0,0,0,0,0,0,0,0,0,1
10/19/2025 14:44,0,0,0,0,0,0,0,0,0,0,0,0,0,0,0,0,0,1,0,0,1
10/19/2025 14:45,0,0,0,0,0,4,0,0,0,0,0,0,0,0,0,0,0,0,0,0,1
10/19/2025 14:46,0,0,0,0,0,0,0,0,0,0,0,0,0,0,0,0,5,0,0,0,1
10/19/2025 14:47,0,0,0,0,0,0,0,0,0,0,0,0,0,0,0,0,0,0,0,0,1
10/19/2025 14:48,0,0,0,0,0,0,0,0,0,0,0,0,0,0,0,0,0,0,0,0,1
10/19/2025 14:49,0,0,0,0,0,0,0,0,0,0,0,0,0,0,0,0,0,0,0,0,1
10/19/2025 14:50,0,0,0,0,0,0,0,0,0,0,0,0,0,0,0,0,0,0,0,0,1
10/19/2025 14:51,0,0,0,0,0,0,0,0,0,0,0,0,0,0,0,0,0,0,0,0,1
10/19/2025 14:52,0,0,0,0,0,0,0,0,0,0,0,0,0,0,0,0,0,0,0,1,1
10/19/2025 14:53,0,0,0,0,0,0,0,0,0,0,0,0,0,0,2,0,0,0,0,0,1
10/19/2025 14:54,0,0,0,0,0,0,0,0,0,0,0,0,0,0,0,0,0,0,0,0,1
10/19/2025 14:55,0,0,0,0,0,0,0,0,0,0,0,0,0,0,0,0,0,0,0,0,1
10/19/2025 14:56,0,0,0,0,0,0,0,0,0,0,0,0,0,0,0,0,0,0,0,0,1
10/19/2025 14:57,0,0,0,0,0,0,0,0,0,0,0,0,0,0,0,0,0,0,0,0,1
10/19/2025 14:58,1,0,0,0,0,0,0,0,0,0,0,0,0,0,0,0,0,0,0,0,1
10/19/2025 14:59,1,0,0,0,0,0,0,0,0,0,0,0,0,0,0,0,0,0,0,0,1
10/19/2025 15:00,0,0,0,0,0,0,0,0,0,0,0,0,0,0,0,0,0,0,0,0,1
10/19/2025 15:01,0,0,0,0,0,0,0,0,0,0,0,0,0,0,0,0,0,0,0,0,1
10/19/2025 15:02,0,0,0,0,0,0,0,0,0,0,0,0,0,0,0,0,0,0,0,0,1
10/19/2025 15:03,0,0,0,0,0,0,0,0,0,0,0,0,0,0,0,0,0,4,0,0,1
10/19/2025 15:04,0,0,0,0,0,0,0,0,0,0,0,0,0,0,0,1,0,0,0,0,1
10/19/2025 15:05,0,0,0,0,0,0,0,0,0,0,0,0,0,0,0,0,0,0,0,0,1
10/19/2025 15:06,0,0,0,0,0,0,0,0,0,0,0,0,0,0,0,0,0,0,0,0,1
10/19/2025 15:07,0,0,0,0,0,0,0,0,0,0,0,0,0,0,0,0,0,0,0,0,1
10/19/2025 15:08,0,0,0,0,0,0,0,0,0,0,0,0,0,0,0,0,0,0,0,0,1
10/19/2025 15:09,0,0,0,0,0,0,0,0,0,0,0,0,0,0,0,0,0,2,0,0,1
10/19/2025 15:10,0,0,0,0,0,0,0,0,0,0,0,0,0,0,0,0,0,0,0,0,1
10/19/2025 15:11,0,0,0,0,0,0,0,0,0,0,0,0,0,0,0,0,0,0,0,0,1
10/19/2025 15:12,0,0,0,0,0,0,9,0,0,0,0,0,0,0,0,0,0,0,0,0,1
10/19/2025 15:13,0,0,0,0,0,0,1,0,0,0,0,0,0,0,0,0,0,0,0,0,1
10/19/2025 15:14,0,0,0,0,0,0,0,0,0,0,0,0,0,0,0,0,0,0,0,0,1
10/19/2025 15:15,0,0,0,0,0,0,0,0,0,0,0,0,0,0,0,0,0,0,0,0,1
10/19/2025 15:16,0,0,0,0,0,1,1,0,0,0,0,0,0,0,0,0,0,0,0,0,1
10/19/2025 15:17,0,0,0,0,0,5,0,0,0,0,0,0,0,0,0,0,0,0,0,0,1
10/19/2025 15:18,0,0,0,0,0,0,0,0,0,0,0,0,0,0,0,0,0,0,0,0,1
10/19/2025 15:19,0,0,0,0,0,0,1,4,0,0,0,0,0,0,0,0,0,0,0,0,1
10/19/2025 15:20,0,0,0,0,0,0,0,0,2,0,0,0,0,0,0,0,0,0,0,0,1
10/19/2025 15:21,0,0,0,0,0,0,0,0,0,0,0,0,0,0,0,0,0,0,0,0,1
10/19/2025 15:22,0,0,0,0,0,0,0,0,0,0,0,0,0,0,0,0,0,0,0,0,1
10/19/2025 15:23,0,0,0,0,0,0,0,0,0,0,0,0,0,0,0,0,0,0,0,0,1
10/19/2025 15:24,0,0,0,0,0,0,0,0,0,0,0,0,0,0,0,0,0,0,1,0,1
10/19/2025 15:25,0,0,0,0,0,0,0,0,0,0,0,0,0,0,0,0,0,0,0,0,1
10/19/2025 15:26,0,0,0,0,0,0,0,0,0,0,0,0,0,0,0,0,0,0,0,0,1
10/19/2025 15:27,0,0,0,0,0,0,0,0,0,0,0,0,0,0,0,0,0,0,0,0,1
10/19/2025 15:28,0,0,0,0,0,0,0,0,0,0,0,1,0,0,0,7,0,0,0,0,1
10/19/2025 15:29,0,0,0,0,0,0,1,0,0,0,0,0,0,0,0,0,0,0,0,0,1
10/19/2025 15:30,0,0,0,0,0,0,0,0,0,0,0,0,0,0,0,0,0,0,0,0,1
10/19/2025 15:31,0,0,0,0,0,0,0,0,0,0,0,1,0,0,0,0,0,0,0,0,1
10/19/2025 15:32,0,0,0,0,0,0,0,0,0,0,0,0,0,0,0,0,0,0,0,0,1
10/19/2025 15:33,0,0,0,0,0,0,0,0,0,0,0,0,0,0,0,0,0,0,0,0,1
10/19/2025 15:34,0,0,0,0,0,0,14,0,0,0,0,0,0,0,1,0,0,0,0,0,1
10/19/2025 15:35,0,0,0,0,0,0,13,0,0,0,0,0,0,0,0,0,0,0,0,0,1
10/19/2025 15:36,0,0,0,0,0,0,10,0,0,0,0,0,0,0,0,0,0,0,0,0,1
10/19/2025 15:37,0,0,0,0,0,0,3,0,0,0,0,0,0,0,0,0,0,0,0,0,1
10/19/2025 15:38,0,0,0,0,0,0,1,0,0,0,0,0,0,0,0,0,0,0,0,0,1
10/19/2025 15:39,0,0,0,0,0,0,0,0,0,0,0,0,0,0,0,0,0,0,0,0,1
10/19/2025 15:40,0,0,0,0,0,0,0,0,0,0,0,0,0,0,0,0,0,0,0,0,1
10/19/2025 15:41,0,0,0,0,0,0,0,0,0,0,0,0,0,0,0,0,0,0,0,0,1
10/19/2025 15:42,0,0,0,0,0,0,0,0,0,0,0,0,0,0,0,0,0,0,0,0,1
10/19/2025 15:43,0,0,0,0,0,0,0,0,0,0,0,0,0,0,0,0,0,0,0,0,1
10/19/2025 15:44,0,0,0,0,0,0,0,0,0,0,0,0,0,0,0,0,0,0,0,0,1
10/19/2025 15:45,0,0,0,0,0,0,0,3,0,0,0,0,0,0,0,2,0,0,0,0,1
10/19/2025 15:46,0,0,0,0,0,0,0,6,0,0,0,0,0,0,0,0,0,12,0,0,1
10/19/2025 15:47,0,0,0,0,0,0,0,0,0,0,0,0,0,0,0,0,0,6,0,0,1
10/19/2025 15:48,0,0,0,0,0,0,0,4,0,0,0,0,0,0,0,0,0,4,0,0,1
10/19/2025 15:49,0,0,0,0,0,0,0,0,0,0,0,0,0,0,0,0,0,0,0,0,1
10/19/2025 15:50,0,0,0,0,0,0,0,0,0,0,0,0,0,0,0,0,0,0,0,0,1
10/19/2025 15:51,0,0,0,0,0,0,0,0,0,0,0,0,0,0,0,0,0,1,0,0,1
10/19/2025 15:52,0,0,0,0,0,0,0,0,0,0,0,0,0,0,0,0,0,0,0,0,1
10/19/2025 15:53,0,0,0,0,0,0,0,0,0,0,0,0,0,0,0,0,0,0,0,0,1
10/19/2025 15:54,0,0,0,0,0,0,0,0,0,0,0,0,0,0,0,0,0,0,0,0,1
10/19/2025 15:55,0,0,0,0,0,0,0,0,0,0,0,0,0,0,0,0,0,0,0,0,1
10/19/2025 15:56,0,0,0,0,0,0,0,3,0,0,0,0,0,0,0,0,0,0,0,0,1
10/19/2025 15:57,0,0,0,0,0,0,0,0,0,0,0,0,0,0,0,0,0,0,0,0,1
10/19/2025 15:58,0,0,0,0,0,0,0,0,0,0,0,0,0,0,0,0,0,0,0,0,1
10/19/2025 15:59,0,0,0,0,0,0,0,6,0,1,0,0,0,0,0,0,0,0,0,0,1
10/19/2025 16:00,0,0,0,0,0,0,0,2,0,0,0,0,0,0,0,0,0,0,0,0,1
10/19/2025 16:01,0,0,0,0,0,0,0,1,0,0,0,0,0,0,0,0,0,0,0,0,1
10/19/2025 16:02,0,0,0,0,0,0,0,0,0,0,0,0,2,0,0,0,0,0,0,0,1
10/19/2025 16:03,0,0,0,0,0,0,0,0,0,0,0,0,0,0,0,0,0,0,0,0,1
10/19/2025 16:04,0,0,0,0,0,0,0,0,0,0,0,0,0,0,0,0,0,0,0,0,1
10/19/2025 16:05,0,0,0,0,0,0,0,0,0,0,0,0,0,0,0,0,0,0,0,0,1
10/19/2025 16:06,0,0,0,0,0,0,0,3,0,0,0,0,0,0,0,0,0,0,0,0,1
10/19/2025 16:07,0,0,0,0,0,1,0,0,0,0,0,0,0,0,0,0,0,0,0,0,1
10/19/2025 16:08,0,0,0,0,0,0,0,0,0,0,0,1,0,0,0,0,0,0,0,0,1
10/19/2025 16:09,0,0,0,0,0,0,0,0,0,0,0,0,0,0,0,0,0,0,0,0,1
10/19/2025 16:10,0,0,0,0,0,0,0,0,0,8,0,0,0,0,0,0,0,0,0,0,1
10/19/2025 16:11,0,0,0,0,0,0,0,1,0,0,0,0,0,0,0,0,0,0,0,0,1
10/19/2025 16:12,0,0,0,0,0,0,0,0,0,0,0,0,0,0,0,0,0,0,0,0,1
10/19/2025 16:13,0,0,0,0,0,0,0,0,1,0,0,0,0,0,0,0,0,0,0,0,1
10/19/2025 16:14,0,0,0,0,0,0,0,0,0,0,0,0,0,0,0,0,0,0,0,0,1
10/19/2025 16:15,0,0,0,0,0,0,0,0,0,0,0,0,0,0,0,0,0,0,0,0,1
10/19/2025 16:16,0,0,0,0,0,0,0,0,0,0,0,0,0,0,0,0,0,0,0,0,1
10/19/2025 16:17,0,0,0,0,0,0,0,0,0,0,0,0,1,0,0,0,0,0,0,0,1
10/19/2025 16:18,0,0,0,0,0,0,0,0,0,0,0,0,0,0,0,0,0,0,0,0,1
10/19/2025 16:19,0,0,0,0,0,0,0,0,0,0,0,0,0,0,0,0,0,0,0,0,1
10/19/2025 16:20,0,0,0,0,0,0,0,0,0,0,0,0,0,0,0,0,0,0,0,0,1
10/19/2025 16:21,0,0,0,0,0,0,0,0,0,0,0,0,1,0,0,0,0,0,0,0,1
10/19/2025 16:22,0,0,0,0,0,0,0,0,0,0,0,0,0,0,0,0,0,0,0,0,1
10/19/2025 16:23,0,0,0,0,0,0,0,0,0,0,0,0,1,0,0,0,0,0,3,0,1
10/19/2025 16:24,0,0,0,0,0,0,0,0,0,0,0,0,0,0,0,0,0,0,5,0,1
10/19/2025 16:25,0,0,0,1,0,0,0,0,0,0,0,0,1,0,0,0,0,0,0,0,1
10/19/2025 16:26,0,0,0,0,0,0,0,0,0,0,0,0,1,0,0,0,0,0,0,0,1
10/19/2025 16:27,0,0,0,0,0,0,0,0,0,0,0,0,2,0,0,0,0,0,0,0,1
10/19/2025 16:28,0,0,0,1,0,0,0,0,0,0,0,0,3,0,0,0,0,0,0,11,1
10/19/2025 16:29,0,0,0,12,0,0,0,0,0,0,0,0,1,0,0,0,0,0,0,9,1
10/19/2025 16:30,0,0,0,2,0,0,0,0,0,0,0,0,0,0,0,0,0,0,0,0,1
10/19/2025 16:31,0,0,0,0,0,0,0,0,0,0,0,0,2,0,0,0,0,0,0,7,1
10/19/2025 16:32,0,0,0,0,0,0,0,0,0,0,0,0,1,0,0,0,0,0,0,2,1
10/19/2025 16:33,0,0,0,0,0,0,0,0,0,0,0,0,2,0,0,0,0,0,0,10,1
10/19/2025 16:34,0,0,0,0,0,0,0,0,0,0,0,0,3,0,0,0,0,0,0,9,1
10/19/2025 16:35,0,0,0,0,0,0,0,0,0,0,0,0,2,0,0,0,0,0,0,25,1
10/19/2025 16:36,0,0,0,0,0,0,0,0,0,0,0,0,1,0,0,0,0,0,0,23,1
10/19/2025 16:37,0,0,0,0,0,0,0,0,0,0,0,0,0,0,0,0,0,0,0,15,1
10/19/2025 16:38,0,0,0,0,0,0,0,0,0,0,0,0,0,0,0,0,0,0,0,9,1
10/19/2025 16:39,0,0,0,0,0,0,0,0,0,0,0,0,0,0,0,0,0,0,0,6,1
10/19/2025 16:40,0,0,0,0,0,0,0,0,0,0,0,0,0,0,0,0,0,0,0,1,1
10/19/2025 16:41,0,0,0,0,0,0,0,0,0,0,0,0,0,0,0,0,0,0,0,2,1
10/19/2025 16:42,0,0,0,0,0,0,0,0,0,0,0,0,0,0,0,0,0,0,0,0,1
10/19/2025 16:43,0,0,0,0,0,0,0,0,0,0,0,2,0,0,0,0,0,0,0,0,1
10/19/2025 16:44,6,0,0,0,0,0,0,0,0,0,0,0,0,0,0,0,0,0,0,0,1
10/19/2025 16:45,5,0,0,0,0,0,0,0,0,0,0,0,0,0,0,0,0,0,0,0,1
10/19/2025 16:46,1,0,0,1,0,0,0,0,0,0,0,2,0,0,0,0,0,0,0,0,1
10/19/2025 16:47,0,0,0,0,0,0,0,0,0,0,0,0,0,0,0,0,0,0,0,0,1
10/19/2025 16:48,0,0,0,0,0,1,0,0,0,0,9,0,0,0,0,0,0,0,0,0,1
10/19/2025 16:49,0,0,0,0,0,0,0,0,5,0,4,0,0,0,0,0,0,0,0,0,1
10/19/2025 16:50,0,0,0,0,0,0,0,0,0,0,2,0,0,0,0,2,0,0,0,0,1
10/19/2025 16:51,0,0,0,0,0,0,0,0,0,0,2,0,0,0,0,2,0,0,0,0,1
10/19/2025 16:52,0,0,0,0,0,0,0,0,0,0,0,0,0,0,0,3,0,0,0,0,1
10/19/2025 16:53,0,0,0,0,0,0,0,0,0,0,0,0,0,0,0,0,0,0,0,0,1
10/19/2025 16:54,0,0,0,0,0,0,0,0,0,0,0,0,0,0,0,0,0,0,0,0,1
10/19/2025 16:55,0,0,0,0,0,0,0,0,0,0,1,0,0,0,0,0,0,0,0,0,1
10/19/2025 16:56,0,0,0,0,0,0,0,0,0,0,3,0,1,0,0,0,0,0,0,0,1
10/19/2025 16:57,0,0,0,0,0,0,0,0,1,0,7,0,0,0,0,0,0,0,0,0,1
10/19/2025 16:58,0,0,0,0,0,2,0,0,7,0,3,0,0,0,0,0,0,0,0,0,1
10/19/2025 16:59,0,0,0,0,0,18,0,0,0,0,0,0,0,0,0,0,0,0,0,0,1
10/19/2025 17:00,0,0,0,0,0,7,0,0,0,0,1,0,0,0,0,0,0,0,0,0,1
10/19/2025 17:01,0,0,0,0,0,0,0,0,0,0,6,0,0,0,0,0,0,0,0,0,1
10/19/2025 17:02,0,0,0,0,0,0,0,0,0,0,21,0,0,0,0,0,0,0,0,0,1
10/19/2025 17:03,0,0,0,0,0,0,0,0,0,0,16,0,0,0,0,0,0,0,0,0,1
10/19/2025 17:04,0,0,0,0,0,0,0,0,0,0,16,0,0,0,0,0,0,0,0,0,1
10/19/2025 17:05,0,0,0,0,0,0,0,0,0,0,17,0,0,0,0,0,0,0,0,0,1
10/19/2025 17:06,0,0,0,0,0,0,0,0,0,0,7,0,1,0,0,0,0,0,0,0,1
10/19/2025 17:07,0,0,0,0,0,0,0,0,0,0,1,0,0,0,0,0,0,0,0,0,1
10/19/2025 17:08,0,0,0,0,0,0,1,0,0,0,2,0,0,0,0,0,0,0,0,0,1
10/19/2025 17:09,0,0,0,0,0,0,0,1,0,0,1,0,0,0,0,0,0,0,0,0,1
10/19/2025 17:10,0,0,11,1,0,0,0,0,2,0,1,0,5,0,0,0,0,0,0,0,1
10/19/2025 17:11,0,0,0,0,0,0,0,0,0,0,10,0,11,0,0,0,0,0,0,0,1
10/19/2025 17:12,0,0,0,0,0,0,0,0,0,0,21,0,14,0,0,0,0,0,0,0,1
10/19/2025 17:13,0,0,0,0,0,0,0,0,0,0,21,0,14,0,0,0,0,0,0,0,1
10/19/2025 17:14,0,0,0,0,4,0,0,0,0,1,35,0,9,0,0,0,0,0,0,0,1
10/19/2025 17:15,0,0,1,0,0,0,0,0,0,0,28,0,10,0,0,0,0,0,0,0,1
10/19/2025 17:16,0,0,0,0,0,0,0,0,0,0,6,0,7,9,0,0,0,0,0,0,1
10/19/2025 17:17,0,0,0,0,0,0,0,0,0,0,6,1,1,0,0,0,0,0,0,0,1
10/19/2025 17:18,0,0,0,0,0,0,0,0,3,0,0,0,0,0,0,0,0,0,0,0,1
10/19/2025 17:19,0,0,0,0,0,0,0,0,0,0,0,0,0,0,0,0,0,0,0,0,1
10/19/2025 17:20,0,0,0,0,0,6,0,0,0,0,0,0,0,0,0,0,0,0,0,0,1
10/19/2025 17:21,0,0,0,0,0,0,0,0,0,0,0,0,0,0,0,0,0,0,0,0,1
10/19/2025 17:22,0,0,0,0,0,0,0,0,0,0,0,0,0,0,0,0,0,0,0,0,1
10/19/2025 17:23,0,0,0,2,0,0,0,0,0,0,0,0,0,0,0,0,0,0,0,0,1
10/19/2025 17:24,0,0,0,0,0,0,0,0,0,0,0,0,0,0,0,0,0,0,0,0,1
10/19/2025 17:25,0,0,0,0,0,0,0,0,0,0,0,0,0,0,0,0,0,0,0,0,1
10/19/2025 17:26,0,0,0,0,0,0,0,0,0,0,0,0,0,0,0,0,0,0,0,0,1
10/19/2025 17:27,3,0,0,0,0,0,0,0,0,0,0,0,0,0,0,0,0,0,0,0,1
10/19/2025 17:28,3,0,0,0,0,0,0,0,0,0,0,0,0,0,0,0,0,0,0,0,1
10/19/2025 17:29,0,0,0,0,0,0,0,0,0,0,0,0,0,0,0,0,0,0,0,0,1
10/19/2025 17:30,0,0,0,0,0,0,0,0,0,0,0,0,0,0,0,0,0,0,0,0,1
10/19/2025 17:31,0,0,0,0,0,0,0,0,0,0,0,0,0,0,0,0,0,0,0,0,1
10/19/2025 17:32,0,0,0,0,0,0,4,0,1,0,0,0,0,0,0,0,0,0,0,0,1
10/19/2025 17:33,0,0,0,0,0,0,6,0,1,0,0,0,0,0,0,0,0,0,0,0,1
10/19/2025 17:34,0,0,0,0,0,0,5,0,1,0,0,0,0,0,0,0,0,0,0,0,1
10/19/2025 17:35,0,0,0,0,0,3,0,0,0,0,0,0,0,0,0,0,0,0,0,0,1
10/19/2025 17:36,0,0,0,0,0,0,0,0,0,0,0,0,0,0,0,0,0,0,0,0,1
10/19/2025 17:37,0,0,0,0,0,0,0,0,0,0,0,0,0,0,0,0,0,0,0,0,1
10/19/2025 17:38,0,0,0,3,0,0,0,0,0,0,0,0,0,0,0,0,0,0,0,0,1
10/19/2025 17:39,0,0,0,0,0,0,0,0,0,0,0,0,0,0,0,0,0,0,0,0,1
10/19/2025 17:40,0,0,0,0,0,0,0,0,0,0,0,0,0,0,0,0,0,0,0,0,1
10/19/2025 17:41,0,0,0,0,0,0,1,0,0,0,0,0,0,0,0,0,0,0,0,0,1
10/19/2025 17:42,0,0,0,0,0,0,0,0,0,0,0,0,0,0,0,0,0,0,0,0,1
10/19/2025 17:43,0,0,0,0,0,0,0,0,0,0,0,0,0,3,0,0,0,0,0,0,1
10/19/2025 17:44,0,0,0,0,0,0,0,0,0,0,0,0,0,0,0,0,0,0,0,0,1
10/19/2025 17:45,0,0,0,0,0,0,0,0,0,0,0,0,0,0,0,0,0,0,0,0,1
10/19/2025 17:46,0,0,0,0,0,0,0,0,0,0,0,0,0,0,0,0,0,0,0,0,1
10/19/2025 17:47,0,0,0,0,0,0,0,0,0,0,0,0,0,0,0,0,0,0,0,0,1
10/19/2025 17:48,0,0,0,0,0,0,0,0,0,0,0,0,0,0,0,0,0,0,0,0,1
10/19/2025 17:49,0,0,0,0,0,0,0,0,0,0,0,0,0,0,0,0,0,0,0,0,1
10/19/2025 17:50,0,0,0,0,0,0,0,0,0,0,0,0,0,0,0,0,0,0,0,0,1
10/19/2025 17:51,0,0,0,0,0,0,0,0,0,0,0,0,0,0,0,0,0,0,0,0,1
10/19/2025 17:52,0,0,0,0,0,0,2,0,0,0,0,0,0,0,0,0,0,0,0,0,1
10/19/2025 17:53,0,0,0,0,0,0,0,0,0,0,0,0,0,0,0,0,0,0,0,0,1
10/19/2025 17:54,0,0,0,0,0,0,0,0,0,0,0,0,0,0,0,0,0,0,0,0,1
10/19/2025 17:55,0,0,0,0,0,0,1,0,0,0,0,0,0,0,0,0,0,0,0,0,1
10/19/2025 17:56,0,0,0,0,0,0,1,0,0,0,0,0,0,0,0,0,0,0,0,0,1
10/19/2025 17:57,0,0,0,0,0,0,0,0,0,0,0,0,0,0,0,0,0,0,0,0,1
10/19/2025 17:58,0,0,0,0,0,0,0,0,0,0,0,0,0,0,0,0,0,0,0,0,1
10/19/2025 17:59,0,0,0,0,0,0,0,0,0,0,0,0,0,0,0,0,0,0,0,0,1
10/19/2025 18:00,0,0,0,0,0,3,0,0,0,0,0,0,0,0,0,0,0,0,0,0,1
10/19/2025 18:01,0,0,0,0,0,7,0,0,0,0,0,0,0,0,0,0,0,0,0,0,1
10/19/2025 18:02,0,0,0,0,0,0,0,0,0,0,0,0,0,0,0,0,0,0,0,0,1
10/19/2025 18:03,0,0,0,0,0,0,0,0,0,0,0,0,0,0,0,0,0,0,0,0,1
10/19/2025 18:04,0,0,0,0,0,0,0,0,0,0,0,0,0,0,0,0,0,0,0,0,1
10/19/2025 18:05,0,0,0,0,0,0,0,0,0,0,0,0,0,0,0,0,0,0,0,0,1
10/19/2025 18:06,0,0,0,0,0,0,1,0,0,0,0,0,0,0,0,2,0,0,0,0,1
10/19/2025 18:07,0,0,0,0,0,0,0,0,0,0,0,0,0,0,0,0,0,0,0,0,1
10/19/2025 18:08,10,0,0,0,0,0,3,0,0,0,0,0,0,0,0,0,0,0,0,0,1
10/19/2025 18:09,2,0,0,0,0,0,0,0,0,0,0,0,0,0,0,0,0,0,0,0,1
10/19/2025 18:10,0,0,6,0,0,0,0,0,0,0,0,1,0,0,0,0,0,0,0,0,1
10/19/2025 18:11,0,0,0,0,0,0,0,0,0,0,0,0,0,0,0,0,0,1,0,0,1
10/19/2025 18:12,0,0,0,0,0,0,0,0,0,0,0,10,0,0,0,0,0,0,0,0,1
10/19/2025 18:13,0,0,0,0,0,0,0,0,0,18,0,0,0,0,0,0,0,0,0,0,1
10/19/2025 18:14,0,0,0,0,0,0,0,1,0,20,0,0,0,0,0,0,0,0,0,0,1
10/19/2025 18:15,0,0,0,0,0,0,0,0,0,0,0,0,0,0,0,0,0,0,0,0,1
10/19/2025 18:16,0,0,0,0,0,0,0,0,0,0,0,0,0,0,0,0,0,0,0,0,1
10/19/2025 18:17,0,0,0,0,0,1,0,0,0,0,0,0,0,0,0,0,0,0,0,0,1
10/19/2025 18:18,0,0,0,0,0,0,0,0,0,0,0,0,0,0,0,0,6,0,0,0,1
10/19/2025 18:19,0,0,0,0,0,0,0,1,0,0,0,0,0,0,0,0,5,0,0,0,1
10/19/2025 18:20,0,0,0,0,0,0,0,8,0,0,0,0,0,0,0,0,5,0,0,0,1
10/19/2025 18:21,0,0,1,0,0,0,0,0,0,0,0,0,0,0,0,0,0,0,0,0,1
10/19/2025 18:22,0,0,0,0,0,0,0,0,0,0,0,0,0,0,0,0,0,0,0,0,1
10/19/2025 18:23,0,0,0,0,0,0,0,0,0,1,0,0,0,0,0,0,0,0,0,0,1
10/19/2025 18:24,0,0,0,0,1,0,0,0,0,0,0,0,0,0,0,0,0,2,0,0,1
10/19/2025 18:25,0,0,0,0,0,0,0,0,0,0,0,0,0,0,0,0,0,0,0,0,1
10/19/2025 18:26,0,0,0,0,0,0,0,0,0,0,0,0,0,0,0,0,0,0,0,0,1
10/19/2025 18:27,0,0,0,0,0,0,0,0,0,0,0,1,0,0,0,0,0,0,0,0,1
10/19/2025 18:28,0,0,0,0,0,0,0,0,0,0,0,0,0,0,0,0,0,0,0,0,1
10/19/2025 18:29,0,0,0,1,0,0,0,0,0,0,0,0,0,0,0,0,0,0,0,0,1
10/19/2025 18:30,0,0,0,0,0,0,1,0,0,0,0,0,0,0,0,0,0,0,0,0,1
10/19/2025 18:31,0,0,0,0,0,0,0,0,0,0,0,0,0,0,0,0,0,0,0,0,1
10/19/2025 18:32,0,0,0,0,0,0,0,0,0,0,6,0,0,0,0,0,0,0,0,0,1
10/19/2025 18:33,0,0,0,0,0,0,0,0,0,0,0,0,0,0,0,0,0,0,0,0,1
10/19/2025 18:34,0,0,0,0,0,0,0,0,0,0,0,0,0,0,0,0,1,0,0,0,1
10/19/2025 18:35,0,0,0,0,0,0,0,0,0,0,0,0,0,0,0,0,0,0,0,0,1
10/19/2025 18:36,0,0,0,0,0,0,0,0,0,0,0,0,0,0,0,0,0,0,0,0,1
10/19/2025 18:37,0,0,0,0,0,0,0,0,0,0,0,0,0,0,0,0,0,0,0,0,1
10/19/2025 18:38,0,0,0,0,0,0,0,0,0,0,0,0,0,0,8,0,0,0,0,0,1
10/19/2025 18:39,0,0,0,0,0,0,0,0,0,0,0,0,0,0,0,0,0,0,0,0,1
10/19/2025 18:40,0,0,0,0,0,0,0,0,0,1,0,0,0,0,0,0,0,0,0,0,1
10/19/2025 18:41,0,0,0,0,1,0,0,0,0,1,0,0,0,0,0,0,0,0,0,0,1
10/19/2025 18:42,0,0,0,0,11,0,0,0,0,0,0,0,0,0,0,0,0,0,0,0,1
10/19/2025 18:43,0,0,0,0,27,0,0,0,0,0,0,0,0,0,0,0,0,0,0,0,1
10/19/2025 18:44,0,0,0,0,22,0,0,0,0,0,0,0,0,0,0,0,0,0,0,0,1
10/19/2025 18:45,0,0,0,0,34,0,0,0,0,1,0,0,0,0,0,0,0,0,0,0,1
10/19/2025 18:46,0,0,0,0,10,0,0,0,0,1,0,0,0,0,0,0,0,0,0,0,1
10/19/2025 18:47,0,0,0,0,3,0,0,0,0,0,0,0,0,0,0,0,0,0,0,0,1
10/19/2025 18:48,0,0,0,0,0,0,0,0,0,0,0,0,0,0,0,0,0,0,0,0,1
10/19/2025 18:49,0,0,0,0,0,1,0,0,0,0,0,0,0,0,0,4,0,0,0,0,1
10/19/2025 18:50,0,0,0,0,2,0,0,0,0,0,0,0,0,0,0,7,1,0,0,0,1
10/19/2025 18:51,0,0,0,0,2,2,0,0,0,0,0,0,0,0,0,0,0,0,0,0,1
10/19/2025 18:52,0,0,0,0,11,0,0,0,0,0,1,0,0,0,0,0,1,0,0,0,1
10/19/2025 18:53,0,0,0,0,1,0,0,0,0,0,7,0,0,7,0,0,2,0,0,0,1
10/19/2025 18:54,0,0,0,0,0,0,0,0,4,0,2,0,0,0,0,0,5,0,0,0,1
10/19/2025 18:55,0,0,0,0,0,0,0,0,0,0,0,0,0,0,0,0,0,0,0,0,1
10/19/2025 18:56,0,0,0,0,0,0,0,0,0,0,0,0,0,0,0,0,12,0,0,0,1
10/19/2025 18:57,0,0,0,0,0,0,0,0,0,0,0,0,0,2,0,0,16,0,0,0,1
10/19/2025 18:58,0,0,0,0,0,0,0,0,0,0,0,0,0,0,0,0,17,0,0,0,1
10/19/2025 18:59,0,0,0,0,0,0,0,0,0,0,0,0,0,0,0,0,13,0,0,0,1
10/19/2025 19:00,0,0,1,0,0,0,0,0,0,0,11,0,0,0,0,0,0,0,0,0,1
10/19/2025 19:01,0,0,0,0,0,0,0,0,0,0,0,0,0,0,0,0,1,0,0,0,1
10/19/2025 19:02,0,0,0,0,0,0,0,0,0,0,0,1,0,0,0,0,0,0,0,0,1
10/19/2025 19:03,0,0,0,0,0,0,0,0,0,0,0,0,0,0,0,0,0,0,0,0,1
10/19/2025 19:04,0,0,0,0,0,0,0,1,0,0,0,0,0,0,0,0,0,0,0,0,1
10/19/2025 19:05,0,0,0,0,0,0,0,0,0,0,0,1,0,0,0,0,2,0,3,0,1
10/19/2025 19:06,0,0,0,0,0,0,0,0,0,0,0,0,0,0,0,0,3,0,0,0,1
10/19/2025 19:07,0,0,0,0,0,0,0,0,0,0,0,0,0,0,0,0,0,0,0,0,1
10/19/2025 19:08,0,0,0,0,0,0,0,0,0,0,0,0,0,0,0,0,9,0,0,0,1
10/19/2025 19:09,0,0,0,0,0,0,0,0,0,0,0,0,0,0,0,0,12,0,0,0,1
10/19/2025 19:10,0,0,0,0,0,0,0,0,0,0,0,0,0,0,0,0,19,0,0,0,1
10/19/2025 19:11,0,0,0,5,0,0,0,0,0,0,0,0,0,0,0,0,25,0,0,0,1
10/19/2025 19:12,0,0,0,0,0,0,0,0,0,0,0,0,0,0,0,0,24,0,0,0,1
10/19/2025 19:13,0,0,0,0,0,0,0,0,0,3,0,0,0,0,0,0,22,0,0,0,1
10/19/2025 19:14,0,0,0,0,0,0,0,0,0,2,0,0,0,0,0,0,14,0,0,0,1
10/19/2025 19:15,0,0,0,0,0,1,0,0,0,4,0,0,0,0,0,0,15,0,0,0,1
10/19/2025 19:16,0,0,0,0,0,0,0,0,0,0,0,0,0,0,0,0,12,0,0,0,1
10/19/2025 19:17,0,0,0,0,0,0,0,0,0,0,0,0,0,0,0,0,13,0,0,0,1
10/19/2025 19:18,0,0,0,0,0,0,0,0,0,0,0,0,0,0,0,0,15,0,0,0,1
10/19/2025 19:19,0,0,0,0,0,0,0,0,0,0,0,0,0,0,0,0,17,0,0,0,1
10/19/2025 19:20,0,0,0,0,0,0,0,0,0,0,0,0,0,0,0,0,6,0,0,0,1
10/19/2025 19:21,0,0,0,0,0,0,0,0,0,0,0,0,0,0,0,0,9,0,0,0,1
10/19/2025 19:22,0,0,0,0,0,0,0,0,0,0,0,0,0,0,0,0,3,0,0,0,1
10/19/2025 19:23,0,0,0,0,0,0,0,0,0,0,0,0,0,1,0,0,8,0,0,0,1
10/19/2025 19:24,0,0,0,0,0,0,0,0,0,0,0,0,0,0,0,0,4,0,0,0,1
10/19/2025 19:25,0,0,0,0,0,0,0,0,0,0,0,0,0,0,0,0,0,0,0,0,1
10/19/2025 19:26,0,0,0,0,0,0,0,0,0,0,0,0,0,0,0,0,0,0,0,0,1
10/19/2025 19:27,0,0,0,0,0,0,0,0,0,0,0,0,0,0,0,0,0,0,0,0,1
10/19/2025 19:28,0,0,0,0,0,0,0,0,0,0,0,0,0,0,0,0,0,0,0,0,1
10/19/2025 19:29,0,0,0,0,0,0,0,0,0,0,0,0,0,0,0,0,0,0,0,0,1
10/19/2025 19:30,0,0,0,0,0,0,0,1,0,0,0,0,0,0,0,0,0,0,0,0,1
10/19/2025 19:31,0,0,0,0,4,0,0,0,0,0,0,0,0,0,0,0,0,0,0,0,1
10/19/2025 19:32,0,0,0,0,1,0,0,0,0,0,0,0,0,0,0,0,0,0,0,0,1
10/19/2025 19:33,0,0,0,0,0,0,0,0,0,0,0,0,0,0,0,0,0,0,0,0,1
10/19/2025 19:34,0,0,0,0,0,0,0,0,0,0,0,0,0,0,0,0,0,0,0,0,1
10/19/2025 19:35,0,0,0,0,0,0,0,0,0,0,0,0,0,0,0,0,0,0,0,0,1
10/19/2025 19:36,0,0,0,0,0,0,0,0,0,0,0,0,0,0,0,0,0,0,0,0,1
10/19/2025 19:37,0,0,0,0,0,0,0,0,0,0,0,0,0,0,0,0,0,0,0,0,1
10/19/2025 19:38,0,0,0,0,0,0,0,0,0,0,0,0,0,0,0,0,2,0,0,0,1
10/19/2025 19:39,0,0,0,0,0,0,0,0,0,0,0,0,0,0,0,0,0,0,0,0,1
10/19/2025 19:40,0,0,0,0,0,0,0,0,0,0,0,0,0,0,0,0,0,0,0,0,1
10/19/2025 19:41,0,0,0,0,0,0,0,0,0,0,0,0,0,0,0,0,0,0,3,0,1
10/19/2025 19:42,0,0,0,0,0,1,0,0,0,0,0,0,0,0,0,0,0,0,0,0,1
10/19/2025 19:43,0,0,0,0,0,0,0,0,0,0,0,0,0,0,0,0,0,0,0,0,1
10/19/2025 19:44,0,0,0,0,0,1,0,0,0,0,0,0,0,0,0,0,0,0,0,0,1
10/19/2025 19:45,0,0,0,0,0,0,1,0,0,0,0,0,0,0,0,0,0,0,0,0,1
10/19/2025 19:46,0,0,0,0,0,0,0,0,0,0,0,0,0,0,0,0,0,0,0,0,1
10/19/2025 19:47,0,0,5,0,0,1,0,0,0,0,0,0,0,0,0,0,0,0,0,0,1
10/19/2025 19:48,0,0,3,0,0,5,0,0,0,0,0,0,0,0,0,0,0,0,0,0,1
10/19/2025 19:49,0,0,0,0,0,0,0,0,0,0,0,0,0,0,4,0,5,0,0,0,1
10/19/2025 19:50,0,0,0,0,0,0,0,0,0,0,0,0,0,0,4,0,6,0,0,0,1
10/19/2025 19:51,0,0,0,0,0,0,0,0,0,0,0,0,0,0,0,0,1,0,0,0,1
10/19/2025 19:52,0,0,0,0,0,0,0,0,0,0,0,0,0,0,0,0,0,0,0,0,1
10/19/2025 19:53,0,0,0,0,0,0,0,0,1,0,0,0,0,1,0,0,0,0,0,0,1
10/19/2025 19:54,0,0,0,0,0,0,0,0,0,0,0,0,0,0,0,0,0,0,0,0,1
10/19/2025 19:55,0,0,0,0,0,0,0,0,0,0,0,0,0,0,0,0,0,0,0,0,1
10/19/2025 19:56,0,0,0,0,0,0,0,0,0,0,0,0,0,0,2,0,0,0,0,0,1
10/19/2025 19:57,0,0,0,0,0,0,0,0,0,0,0,0,0,0,0,0,0,0,0,0,1
10/19/2025 19:58,0,0,0,0,0,0,0,0,0,0,0,0,0,0,0,0,0,0,1,0,1
10/19/2025 19:59,0,0,0,0,0,0,0,5,0,0,0,0,0,0,0,0,0,0,0,0,1
10/19/2025 20:00,0,0,0,0,0,0,0,0,1,0,0,4,0,0,0,0,0,0,0,0,0
10/19/2025 20:01,0,0,0,0,0,0,1,0,0,0,0,0,0,0,0,0,0,0,0,0,0
10/19/2025 20:02,0,0,0,0,0,0,0,0,0,0,0,1,0,0,0,0,0,0,0,0,0
10/19/2025 20:03,0,0,5,0,0,0,0,0,0,0,0,0,0,0,0,0,0,4,0,0,0
10/19/2025 20:04,0,0,4,0,0,0,0,0,0,6,0,0,0,0,0,1,0,0,0,2,0
10/19/2025 20:05,0,0,0,0,14,0,7,0,0,1,0,0,0,0,0,0,0,0,0,10,0
10/19/2025 20:06,0,0,6,0,0,0,0,0,4,1,0,0,0,0,0,0,0,0,0,5,0
10/19/2025 20:07,0,0,0,2,0,0,0,5,6,0,0,0,0,0,0,0,0,0,0,0,0
10/19/2025 20:08,0,0,0,0,0,0,0,7,0,1,0,0,0,0,0,0,3,0,0,0,0
10/19/2025 20:09,0,0,0,0,0,0,0,0,0,0,0,0,0,0,0,0,0,0,0,0,0
10/19/2025 20:10,0,0,0,0,0,0,0,0,0,0,0,0,0,0,0,0,5,0,0,0,0
10/19/2025 20:11,0,0,0,0,0,0,0,0,0,0,0,0,0,0,0,0,0,1,0,0,0
10/19/2025 20:12,0,0,0,0,0,0,0,0,0,0,0,0,0,0,0,0,0,0,1,0,0
10/19/2025 20:13,0,0,6,0,0,0,0,0,0,0,0,0,0,0,0,0,0,0,0,0,0
10/19/2025 20:14,0,0,0,0,0,0,0,0,0,0,0,0,0,0,2,0,0,1,0,0,0
10/19/2025 20:15,0,0,0,0,0,0,0,0,0,0,0,0,0,0,0,0,2,0,0,0,0
10/19/2025 20:16,0,0,0,0,4,0,0,0,0,0,0,0,0,0,0,0,0,2,0,0,0
10/19/2025 20:17,0,0,0,0,2,0,0,0,0,0,0,0,6,0,0,1,0,4,0,0,0
10/19/2025 20:18,0,0,3,0,0,0,0,0,0,0,0,0,0,0,0,0,0,0,0,0,0
10/19/2025 20:19,0,0,0,0,0,0,0,0,0,12,0,0,0,0,0,0,0,0,8,0,0
10/19/2025 20:20,0,0,4,0,0,0,0,0,0,0,5,2,0,0,0,0,3,0,13,0,0
10/19/2025 20:21,0,0,0,0,0,0,0,0,0,4,0,1,0,0,0,0,0,0,9,0,0
10/19/2025 20:22,0,0,0,0,0,0,0,0,0,0,0,5,0,0,0,2,0,0,9,0,0
10/19/2025 20:23,0,0,0,0,0,0,0,0,0,0,4,11,0,0,4,5,0,0,4,0,0
10/19/2025 20:24,2,0,0,0,0,0,0,0,0,0,0,1,0,0,0,0,7,0,1,0,0
10/19/2025 20:25,2,0,0,0,0,0,3,0,0,0,0,0,0,0,0,0,2,0,0,0,0
10/19/2025 20:26,3,0,0,0,0,0,0,0,0,0,8,0,0,0,1,0,3,0,0,0,0
10/19/2025 20:27,0,0,0,0,14,0,0,0,0,0,3,0,0,0,2,0,2,0,0,0,0
10/19/2025 20:28,0,0,0,0,31,0,1,0,0,0,0,0,0,0,4,0,0,0,0,0,0
10/19/2025 20:29,0,0,0,0,22,0,0,0,0,0,5,0,0,0,21,0,4,0,0,0,0
10/19/2025 20:30,0,0,0,0,33,0,0,0,0,0,0,0,0,0,19,0,8,0,0,0,0
10/19/2025 20:31,0,0,0,0,44,0,0,0,0,0,0,0,0,0,23,0,0,0,0,0,0
10/19/2025 20:32,0,0,0,0,38,0,0,0,0,0,0,0,0,0,0,0,0,0,0,0,0
10/19/2025 20:33,0,0,0,0,40,0,0,0,0,0,0,0,0,0,0,0,0,0,0,0,0
10/19/2025 20:34,0,0,0,0,35,0,0,0,0,0,0,0,0,0,0,0,0,0,0,0,0
10/19/2025 20:35,0,0,0,0,40,0,0,0,0,0,0,0,0,0,0,5,0,0,0,0,0
10/19/2025 20:36,0,0,0,0,23,0,12,0,1,0,0,0,0,0,0,4,0,0,0,0,0
10/19/2025 20:37,0,0,0,0,42,0,6,0,2,2,0,0,0,6,0,0,0,0,0,0,0
10/19/2025 20:38,0,0,0,16,26,0,3,0,0,10,0,0,0,0,0,0,0,0,0,0,0
10/19/2025 20:39,0,0,0,1,19,1,0,0,0,0,0,0,0,0,0,0,0,5,0,0,0
10/19/2025 20:40,0,0,0,4,5,0,0,1,0,0,0,0,0,0,0,0,0,2,0,0,0
10/19/2025 20:41,0,0,0,0,2,0,0,1,0,0,0,0,0,0,0,0,0,1,0,0,0
10/19/2025 20:42,0,0,0,0,3,0,0,5,0,0,0,0,0,0,0,0,0,0,17,0,0
10/19/2025 20:43,0,0,0,0,0,0,0,0,0,0,0,0,0,0,0,0,0,0,9,0,0
10/19/2025 20:44,0,0,0,0,0,0,0,0,0,0,0,0,0,0,0,0,0,0,4,0,0
10/19/2025 20:45,0,0,0,0,0,0,0,0,0,0,0,0,0,0,0,0,0,0,0,0,0
10/19/2025 20:46,0,0,0,0,3,0,0,0,2,0,0,0,0,0,0,0,0,0,2,0,0
10/19/2025 20:47,0,0,0,0,0,1,0,5,10,0,0,0,0,0,0,0,0,0,5,4,0
10/19/2025 20:48,0,0,0,0,0,0,0,1,0,0,0,0,0,0,0,0,0,0,3,8,0
10/19/2025 20:49,0,0,0,0,0,0,0,2,0,0,0,0,0,0,0,0,0,0,0,0,0
10/19/2025 20:50,0,0,0,0,0,0,0,1,0,0,0,0,0,0,0,0,0,0,0,0,0
10/19/2025 20:51,0,0,0,0,0,0,0,0,0,0,0,0,0,0,0,0,0,4,0,0,0
10/19/2025 20:52,0,0,0,0,0,0,0,2,0,0,0,0,0,0,0,0,0,5,0,0,0
10/19/2025 20:53,0,0,0,0,0,0,0,0,0,0,0,0,0,4,3,0,0,0,0,0,0
10/19/2025 20:54,0,0,0,0,0,0,0,0,0,0,16,0,0,0,2,0,0,0,0,0,0
10/19/2025 20:55,0,0,0,0,0,0,0,0,0,0,0,0,0,0,1,0,0,0,0,0,0
10/19/2025 20:56,0,0,0,0,0,0,0,0,0,0,5,0,0,0,0,0,0,0,0,0,0
10/19/2025 20:57,0,0,0,0,0,0,0,0,0,0,2,0,0,0,0,0,0,0,0,0,0
10/19/2025 20:58,0,0,0,0,0,0,0,0,0,0,5,0,0,0,0,0,0,0,0,0,0
10/19/2025 20:59,0,0,0,0,0,0,0,0,0,0,7,7,0,0,0,0,0,0,0,0,0
10/19/2025 21:00,0,0,0,0,0,0,0,0,0,0,0,1,0,0,0,0,0,0,0,0,0
10/19/2025 21:01,0,0,0,0,0,0,0,0,0,0,11,0,0,0,0,0,0,0,11,0,0
10/19/2025 21:02,0,0,0,0,0,0,0,0,0,0,5,0,0,0,0,0,0,0,0,0,0
10/19/2025 21:03,0,0,0,0,0,0,0,0,0,0,4,0,0,12,0,0,0,0,0,0,0
10/19/2025 21:04,1,0,0,0,0,7,0,0,0,0,6,0,0,6,0,0,0,0,0,0,0
10/19/2025 21:05,0,0,0,0,0,13,0,1,0,0,9,0,0,14,0,0,0,0,0,0,0
10/19/2025 21:06,1,0,0,6,0,9,0,0,0,0,0,0,0,0,0,0,0,0,0,0,0
10/19/2025 21:07,0,0,0,3,0,0,0,0,0,0,0,0,0,0,0,0,6,0,0,0,0
10/19/2025 21:08,0,0,0,0,11,4,0,0,0,0,0,0,0,0,0,0,2,0,0,0,0
10/19/2025 21:09,0,0,0,0,14,0,0,0,0,0,0,0,0,0,0,0,0,0,0,0,0
10/19/2025 21:10,0,0,0,0,0,0,0,0,0,0,0,0,0,0,0,0,3,0,0,0,0
10/19/2025 21:11,0,0,0,0,0,0,0,0,0,0,0,0,0,0,0,0,8,0,0,0,0
10/19/2025 21:12,0,0,0,0,0,0,0,0,0,0,0,0,0,0,0,0,0,0,0,0,0
10/19/2025 21:13,0,0,0,0,0,1,0,0,0,0,0,0,0,0,0,0,1,6,0,0,0
10/19/2025 21:14,0,0,0,0,0,0,0,0,0,0,0,0,0,0,0,0,0,0,0,0,0
10/19/2025 21:15,0,0,0,0,0,0,0,0,0,0,0,0,0,0,0,0,0,0,0,0,0
10/19/2025 21:16,0,0,0,0,0,0,0,0,0,0,0,0,0,0,0,0,0,0,0,0,0
10/19/2025 21:17,0,0,0,0,0,0,0,0,0,0,0,0,0,0,0,0,0,0,0,0,0
10/19/2025 21:18,0,0,0,0,0,0,0,0,0,0,0,0,0,0,0,0,0,0,0,0,0
10/19/2025 21:19,0,0,0,0,0,0,0,0,0,0,0,0,0,0,0,0,0,0,0,0,0
10/19/2025 21:20,0,0,5,0,0,0,0,0,0,0,0,0,0,0,0,0,0,0,0,0,0
10/19/2025 21:21,10,0,2,0,0,0,0,0,0,0,0,0,0,0,0,0,0,0,0,0,0
10/19/2025 21:22,2,0,0,0,0,0,0,0,0,0,0,0,0,0,0,0,0,0,0,0,0
10/19/2025 21:23,0,0,0,0,0,0,0,0,0,0,0,0,0,0,0,0,0,0,0,0,0
10/19/2025 21:24,1,0,0,0,0,0,0,0,0,0,0,0,0,0,0,0,0,0,0,0,0
10/19/2025 21:25,0,0,0,0,0,0,0,0,0,0,0,0,0,0,0,0,0,0,0,0,0
10/19/2025 21:26,0,0,0,0,0,0,0,0,0,0,0,0,0,0,0,0,0,0,0,0,0
10/19/2025 21:27,0,0,0,0,0,0,0,0,0,0,0,0,0,0,0,0,0,0,0,0,0
10/19/2025 21:28,0,0,0,0,0,0,0,0,0,0,0,0,0,0,0,0,0,0,0,0,0
10/19/2025 21:29,0,0,0,0,0,0,0,0,0,0,0,0,0,0,0,0,0,0,0,0,0
10/19/2025 21:30,0,0,0,0,0,0,0,0,0,0,0,0,0,0,0,0,0,0,0,0,0
10/19/2025 21:31,0,0,0,0,0,0,0,0,0,0,0,3,0,0,0,0,1,0,0,0,0
10/19/2025 21:32,0,0,0,0,0,0,0,0,0,0,0,0,0,0,0,0,0,0,0,0,0
10/19/2025 21:33,0,0,0,0,0,0,0,0,0,0,0,14,0,0,0,0,0,0,0,0,0
10/19/2025 21:34,0,0,0,0,0,0,0,0,0,0,0,0,0,0,0,0,0,0,0,0,0
10/19/2025 21:35,0,0,0,0,0,0,0,0,0,0,0,0,0,0,0,0,0,0,0,0,0
10/19/2025 21:36,0,0,0,0,0,0,0,0,0,0,0,0,0,0,0,0,0,0,0,0,0
10/19/2025 21:37,0,0,0,0,0,0,0,0,0,0,0,0,0,0,0,0,0,0,0,1,0
10/19/2025 21:38,0,0,0,0,0,0,0,0,0,0,0,0,0,0,0,0,0,0,0,1,0
10/19/2025 21:39,0,0,0,0,0,0,0,0,0,0,0,0,0,0,0,0,0,0,0,1,0
10/19/2025 21:40,0,0,0,0,0,0,0,0,0,0,0,0,0,0,0,0,0,0,0,0,0
10/19/2025 21:41,0,0,0,0,0,0,0,0,0,0,0,0,0,0,1,0,0,0,0,0,0
10/19/2025 21:42,0,0,0,2,0,0,0,0,0,0,0,0,0,0,0,0,0,0,0,0,0
10/19/2025 21:43,0,0,0,0,0,0,0,0,0,0,0,0,0,0,0,0,0,0,0,0,0
10/19/2025 21:44,0,0,0,0,0,0,0,0,0,0,0,0,0,0,0,0,0,1,0,0,0
10/19/2025 21:45,0,0,0,0,0,0,0,0,0,0,0,0,0,0,0,0,0,0,0,0,0
10/19/2025 21:46,0,0,0,0,0,0,0,0,0,0,0,0,0,0,0,0,0,0,0,0,0
10/19/2025 21:47,0,0,0,0,0,0,0,0,5,0,0,10,0,0,0,0,0,0,0,0,0
10/19/2025 21:48,0,0,0,0,0,0,0,0,5,0,0,3,0,0,0,0,0,0,0,0,0
10/19/2025 21:49,0,0,0,0,0,0,0,0,0,0,0,0,0,0,0,0,0,0,0,0,0
10/19/2025 21:50,0,0,0,0,0,0,0,0,4,0,0,4,0,0,0,0,0,0,0,0,0
10/19/2025 21:51,0,0,0,0,0,0,0,0,0,0,0,0,0,0,0,0,0,0,0,0,0
10/19/2025 21:52,0,0,0,0,0,0,0,0,0,0,0,0,0,0,0,2,0,0,0,0,0
10/19/2025 21:53,0,0,0,0,0,0,0,0,0,0,0,0,0,0,0,5,0,0,0,0,0
10/19/2025 21:54,0,0,0,0,0,0,0,0,0,0,0,0,0,0,0,1,0,0,0,0,0
10/19/2025 21:55,0,0,0,0,0,0,0,4,0,0,0,0,0,0,0,0,0,0,0,0,0
10/19/2025 21:56,0,0,0,0,0,0,0,3,0,0,0,0,0,0,0,0,0,0,0,0,0
10/19/2025 21:57,0,0,0,0,0,0,0,0,0,0,0,0,0,0,0,0,0,0,0,0,0
10/19/2025 21:58,0,0,0,0,0,0,0,0,0,0,0,0,0,0,0,0,0,0,0,0,0
10/19/2025 21:59,0,0,0,0,0,0,0,0,0,0,0,0,0,0,0,0,0,0,0,0,0
10/19/2025 22:00,0,0,0,0,0,0,0,0,0,0,0,0,0,0,0,0,0,0,0,0,0
10/19/2025 22:01,0,0,0,0,0,0,0,0,0,0,0,0,0,0,0,0,0,0,0,0,0
10/19/2025 22:02,0,0,0,0,0,0,0,0,0,0,0,0,0,0,0,0,1,0,0,0,0
10/19/2025 22:03,0,0,0,0,0,0,0,0,0,0,0,0,0,0,0,0,1,0,0,0,0
10/19/2025 22:04,0,0,0,0,0,0,6,0,0,0,0,0,0,0,0,0,0,0,0,0,0
10/19/2025 22:05,0,0,0,0,0,0,0,0,0,0,0,0,0,0,0,0,0,0,0,0,0
10/19/2025 22:06,0,0,0,0,0,0,0,5,0,0,0,0,0,0,0,0,0,0,0,0,0
10/19/2025 22:07,0,0,0,0,0,0,0,0,0,0,0,0,1,0,0,0,0,0,0,0,0
10/19/2025 22:08,0,0,0,0,0,0,0,0,0,0,0,0,0,0,0,0,0,0,0,0,0
10/19/2025 22:09,0,0,0,0,0,0,0,0,0,0,0,0,0,0,0,0,0,0,0,0,0
10/19/2025 22:10,0,0,0,2,0,0,0,0,0,0,0,0,0,0,0,0,0,0,0,0,0
10/19/2025 22:11,10,0,0,0,0,0,0,0,0,0,0,0,0,0,0,0,0,0,0,0,0
10/19/2025 22:12,23,0,0,0,0,0,0,0,0,0,2,0,0,0,0,0,0,0,0,0,0
10/19/2025 22:13,4,0,0,0,0,0,0,0,0,0,0,0,0,0,4,0,0,0,0,0,0
10/19/2025 22:14,3,0,0,0,0,0,0,3,0,0,0,0,0,1,9,0,1,0,0,0,0
10/19/2025 22:15,0,0,0,0,0,0,0,0,0,0,0,0,0,0,1,0,0,0,0,0,0
10/19/2025 22:16,0,0,0,0,0,0,0,0,0,0,0,0,0,0,0,0,0,0,0,0,0
10/19/2025 22:17,0,0,0,0,0,0,0,0,0,0,0,0,0,0,0,0,0,0,0,0,0
10/19/2025 22:18,0,0,0,0,0,0,0,0,0,0,0,0,0,0,0,0,0,0,0,0,0
10/19/2025 22:19,0,0,10,0,0,0,0,0,0,0,0,0,0,0,0,0,0,0,0,0,0
10/19/2025 22:20,0,0,0,0,0,0,0,0,0,0,0,0,0,0,0,0,0,0,0,0,0
10/19/2025 22:21,0,0,0,0,0,0,0,0,0,0,0,0,0,0,0,0,0,0,0,0,0
10/19/2025 22:22,0,0,0,0,0,0,0,2,0,0,0,9,0,0,0,0,0,0,0,0,0
10/19/2025 22:23,0,0,0,0,0,0,0,0,0,0,0,7,0,0,0,0,0,0,0,0,0
10/19/2025 22:24,0,0,0,0,0,0,0,0,0,0,0,5,0,0,0,0,0,0,0,0,0
10/19/2025 22:25,1,0,0,0,0,0,0,0,0,0,0,10,0,0,0,0,0,0,0,0,0
10/19/2025 22:26,1,0,0,0,0,0,0,0,0,0,0,3,0,0,0,0,0,0,0,0,0
10/19/2025 22:27,0,0,0,0,0,0,0,0,0,0,0,0,0,0,0,0,0,0,0,0,0
10/19/2025 22:28,0,0,0,1,0,0,0,0,0,0,0,0,0,0,0,0,0,0,7,0,0
10/19/2025 22:29,0,0,0,4,0,0,0,0,0,0,0,0,0,0,0,0,0,0,5,0,0
10/19/2025 22:30,15,0,0,4,0,0,0,0,0,0,0,0,0,0,0,0,0,0,1,0,0
10/19/2025 22:31,27,0,0,0,0,0,0,0,0,0,0,0,0,0,0,0,0,0,2,0,0
10/19/2025 22:32,0,0,0,0,0,0,0,0,0,0,0,0,0,0,0,0,0,0,5,0,0
10/19/2025 22:33,0,0,0,0,0,0,0,0,0,0,0,0,0,0,0,0,0,0,0,0,0
10/19/2025 22:34,0,0,0,0,0,0,0,0,0,0,0,0,0,0,0,0,0,0,0,0,0
10/19/2025 22:35,0,0,0,0,0,0,0,0,0,0,0,1,0,0,0,0,0,0,0,0,0
10/19/2025 22:36,0,0,0,0,4,0,0,4,0,0,0,1,0,0,0,0,0,0,0,0,0
10/19/2025 22:37,0,0,0,0,0,0,0,9,0,0,0,5,0,0,0,0,0,0,0,0,0
10/19/2025 22:38,0,0,0,0,0,0,0,0,0,0,0,2,0,0,0,0,0,0,0,0,0
10/19/2025 22:39,0,0,0,0,0,0,0,0,0,0,0,1,0,0,0,0,0,0,0,0,0
10/19/2025 22:40,0,0,0,0,0,0,0,0,0,0,0,0,0,0,0,0,0,0,0,0,0
10/19/2025 22:41,0,0,0,0,0,0,0,0,0,0,0,0,0,0,0,0,0,0,0,0,0
10/19/2025 22:42,0,0,0,0,0,0,0,0,0,0,0,0,0,0,0,0,0,0,0,1,0
10/19/2025 22:43,0,0,0,0,0,0,0,0,0,0,0,0,0,0,0,0,0,0,0,9,0
10/19/2025 22:44,0,0,0,0,0,0,0,0,0,0,0,0,0,0,0,0,0,0,0,6,0
10/19/2025 22:45,0,0,0,0,0,0,0,0,0,0,0,0,0,0,0,0,0,0,0,7,0
10/19/2025 22:46,0,0,0,0,0,0,0,0,0,0,0,0,0,0,0,0,1,0,0,11,0
10/19/2025 22:47,0,0,0,4,0,0,0,0,0,0,0,0,0,0,0,0,0,0,0,15,0
10/19/2025 22:48,0,0,0,7,0,0,0,0,0,8,0,0,0,2,0,0,0,0,0,15,0
10/19/2025 22:49,0,0,0,2,0,0,0,0,0,10,0,0,0,0,0,0,0,0,0,5,0
10/19/2025 22:50,0,0,0,2,0,0,0,0,0,9,0,0,0,0,0,0,0,0,0,0,0
10/19/2025 22:51,0,0,0,0,0,0,0,0,0,0,0,0,0,0,0,0,0,0,0,0,0
10/19/2025 22:52,0,0,0,0,0,0,0,0,0,0,0,0,0,0,0,0,0,0,0,0,0
10/19/2025 22:53,0,0,0,2,0,0,0,0,0,0,0,0,0,0,0,0,0,0,0,0,0
10/19/2025 22:54,0,0,0,0,0,0,0,0,0,0,0,0,0,0,0,0,0,0,0,0,0
10/19/2025 22:55,1,0,0,0,0,0,0,0,0,0,0,0,0,0,0,0,0,0,0,0,0
10/19/2025 22:56,1,0,0,0,0,0,0,0,0,0,0,0,0,0,0,0,0,0,0,0,0
10/19/2025 22:57,4,0,0,0,0,0,0,0,0,0,0,0,0,0,0,0,0,0,0,0,0
10/19/2025 22:58,0,0,0,0,0,0,0,0,0,0,0,0,0,0,0,0,0,0,0,0,0
10/19/2025 22:59,0,0,0,0,0,0,0,0,0,0,0,0,0,0,0,0,0,0,0,1,0
10/19/2025 23:00,0,0,0,0,0,0,0,0,0,0,0,0,0,0,0,0,0,0,0,0,0
10/19/2025 23:01,0,0,0,0,0,0,0,0,0,0,0,0,0,0,0,0,0,0,0,1,0
10/19/2025 23:02,0,0,0,0,0,0,0,0,0,0,4,0,0,0,0,0,0,0,0,1,0
10/19/2025 23:03,0,0,0,0,0,0,0,0,0,0,2,0,0,0,0,0,0,0,0,0,0
10/19/2025 23:04,0,0,0,0,1,0,0,0,0,0,5,0,0,0,0,0,0,0,0,0,0
10/19/2025 23:05,0,0,0,0,0,0,0,0,0,0,0,0,0,0,0,0,0,0,0,0,0
10/19/2025 23:06,0,0,0,0,0,0,0,0,0,0,0,0,0,0,0,0,0,0,0,0,0
10/19/2025 23:07,0,0,0,0,0,0,0,0,0,0,0,0,0,0,0,0,0,0,0,1,0
10/19/2025 23:08,0,0,0,0,0,0,0,0,0,0,0,0,0,0,0,0,0,0,0,2,0
10/19/2025 23:09,0,0,0,0,0,0,0,0,0,0,0,0,0,0,0,1,0,0,0,0,0
10/19/2025 23:10,0,0,0,0,0,0,0,0,0,0,0,0,0,0,0,0,0,0,0,0,0
10/19/2025 23:11,0,0,0,0,0,0,0,0,0,0,0,0,0,0,0,1,0,0,0,4,0
10/19/2025 23:12,0,0,0,0,0,0,0,0,0,0,0,0,0,0,0,4,0,0,0,1,0
10/19/2025 23:13,0,0,0,0,0,0,0,0,0,0,0,0,0,0,0,1,0,0,0,3,0
10/19/2025 23:14,0,0,0,0,0,0,0,0,0,0,0,0,0,0,0,0,0,0,0,5,0
10/19/2025 23:15,0,0,0,0,0,0,0,0,0,0,0,0,0,0,0,0,0,0,0,3,0
10/19/2025 23:16,0,0,0,0,0,0,0,0,0,0,0,0,0,0,0,0,0,0,0,0,0
10/19/2025 23:17,0,0,0,0,0,0,0,0,0,0,0,0,0,0,0,0,0,0,0,0,0
10/19/2025 23:18,0,0,0,0,0,0,0,0,0,0,0,0,0,0,0,0,0,0,0,0,0
10/19/2025 23:19,2,0,0,0,0,0,0,0,0,0,0,0,0,0,0,0,0,0,0,0,0
10/19/2025 23:20,0,0,0,0,0,0,0,0,0,0,0,0,0,0,0,0,0,0,0,0,0
10/19/2025 23:21,0,0,0,0,0,0,0,0,0,0,0,0,0,0,0,0,0,0,0,0,0
10/19/2025 23:22,0,0,0,0,0,0,0,0,0,0,0,0,0,0,0,0,0,0,0,0,0
10/19/2025 23:23,0,0,0,0,0,0,0,0,0,0,0,0,0,0,0,0,0,0,0,0,0
10/19/2025 23:24,0,0,0,0,0,0,0,0,0,0,0,0,0,0,0,0,0,0,0,0,0
10/19/2025 23:25,0,0,0,0,0,0,0,0,0,0,0,4,0,0,0,0,0,0,0,0,0
10/19/2025 23:26,0,0,0,0,0,0,0,0,0,0,0,0,0,0,0,0,0,0,0,0,0
10/19/2025 23:27,0,0,0,0,0,0,0,0,0,0,0,0,0,0,0,0,0,0,0,2,0
10/19/2025 23:28,0,0,0,0,0,0,0,0,0,0,0,0,0,0,0,0,0,0,0,0,0
10/19/2025 23:29,0,0,0,0,0,0,0,0,0,0,0,0,0,0,0,0,0,0,0,0,0
10/19/2025 23:30,0,0,0,0,0,0,0,0,0,0,0,0,0,0,0,0,0,0,0,0,0
10/19/2025 23:31,0,0,0,0,0,0,0,0,0,0,0,0,0,0,0,0,0,0,0,2,0
10/19/2025 23:32,0,0,0,0,0,0,0,0,0,0,0,0,0,0,0,0,0,0,0,3,0
10/19/2025 23:33,0,0,0,0,0,0,0,0,0,0,0,0,0,0,0,0,0,0,0,5,0
10/19/2025 23:34,0,0,0,0,0,0,0,0,0,0,4,0,0,0,0,0,0,0,0,6,0
10/19/2025 23:35,0,0,0,0,0,0,0,0,0,0,9,0,0,0,0,0,1,0,0,5,0
10/19/2025 23:36,0,0,0,0,0,0,0,0,0,0,8,0,0,0,0,0,0,0,0,7,0
10/19/2025 23:37,0,0,0,0,0,0,0,0,0,0,0,0,0,0,0,0,0,0,0,3,0
10/19/2025 23:38,0,0,0,0,0,0,0,0,0,0,0,0,0,0,0,0,0,0,0,3,0
10/19/2025 23:39,0,0,0,0,0,0,0,0,0,0,0,0,0,0,0,0,0,0,0,2,0
10/19/2025 23:40,0,0,0,0,0,0,0,0,0,0,0,0,0,0,0,0,0,0,0,0,0
10/19/2025 23:41,0,0,0,0,0,0,0,0,0,0,0,0,0,0,0,0,0,0,0,0,0
10/19/2025 23:42,0,0,0,0,0,0,0,0,0,0,0,0,0,0,0,0,0,0,0,0,0
10/19/2025 23:43,0,0,0,0,5,0,0,0,0,0,0,0,0,0,0,0,0,0,0,0,0
10/19/2025 23:44,0,0,0,0,5,0,0,0,0,0,0,0,0,0,0,0,0,0,0,0,0
10/19/2025 23:45,0,0,0,0,15,0,0,0,0,0,0,0,0,0,9,0,0,0,0,0,0
10/19/2025 23:46,0,0,0,0,27,0,0,0,0,0,0,0,0,0,0,0,0,0,0,0,0
10/19/2025 23:47,0,0,0,0,21,0,0,0,0,0,0,0,0,0,0,0,0,0,0,1,0
10/19/2025 23:48,0,0,0,0,27,0,0,0,0,0,0,0,0,0,0,0,0,0,0,0,0
10/19/2025 23:49,0,0,0,0,15,0,0,0,0,0,0,0,0,0,0,0,0,0,0,0,0
10/19/2025 23:50,0,0,0,0,6,0,0,0,0,0,0,0,0,0,0,0,0,0,0,0,0
10/19/2025 23:51,0,0,0,0,3,0,0,0,0,0,0,0,0,0,0,0,0,0,0,0,0
10/19/2025 23:52,0,0,0,0,8,0,0,0,0,0,0,0,0,0,0,0,0,0,0,0,0
10/19/2025 23:53,0,0,2,0,12,0,0,0,0,0,0,0,0,0,0,0,0,0,0,0,0
10/19/2025 23:54,0,0,2,0,9,0,0,0,0,0,0,0,0,0,0,0,0,0,0,0,0
10/19/2025 23:55,0,0,0,0,21,0,0,0,0,0,0,0,0,0,0,0,0,0,0,0,0
10/19/2025 23:56,0,0,0,0,20,0,0,0,0,0,0,0,0,0,0,0,0,0,0,0,0
10/19/2025 23:57,0,0,0,0,19,1,0,0,0,0,0,0,0,0,0,0,0,0,0,0,0
10/19/2025 23:58,0,0,0,0,16,0,0,0,0,0,0,0,0,0,0,0,0,0,0,0,0
10/19/2025 23:59,0,0,0,0,22,0,0,0,0,0,0,8,0,0,0,0,0,0,0,0,0
10/20/2025 0:00,0,0,0,0,19,0,0,0,6,0,0,9,0,0,0,0,0,5,0,0,0
10/20/2025 0:01,0,0,0,0,18,0,0,0,11,0,0,10,0,0,0,0,0,7,0,0,0
10/20/2025 0:02,0,0,0,11,16,0,0,0,4,0,0,0,0,0,0,0,0,6,0,0,0
10/20/2025 0:03,0,0,0,1,18,0,0,0,8,0,0,0,0,0,0,0,0,7,0,0,0
10/20/2025 0:04,0,0,0,1,4,0,0,0,6,0,0,0,0,0,0,0,0,1,0,0,0
10/20/2025 0:05,0,0,0,0,7,0,0,0,0,0,0,0,0,0,0,0,0,0,0,0,0
10/20/2025 0:06,0,0,0,0,11,0,0,0,3,0,0,0,0,0,0,0,0,0,0,0,0
10/20/2025 0:07,0,0,0,0,14,0,0,0,5,0,0,0,0,0,0,0,0,0,0,0,0
10/20/2025 0:08,0,0,0,0,35,0,0,0,1,0,0,0,0,0,0,0,0,0,0,0,0
10/20/2025 0:09,0,0,0,0,29,0,0,0,0,0,0,0,0,0,0,0,0,0,0,0,0
10/20/2025 0:10,0,0,0,0,25,0,0,0,0,0,0,0,0,0,0,0,0,0,0,0,0
10/20/2025 0:11,0,0,0,0,9,0,0,0,0,0,0,0,0,0,0,0,0,0,0,0,0
10/20/2025 0:12,0,0,0,0,1,0,0,0,7,0,0,0,0,0,0,0,0,0,0,0,0
10/20/2025 0:13,0,0,0,0,0,0,7,0,8,0,0,0,0,0,0,0,0,0,0,0,0
10/20/2025 0:14,0,0,0,0,0,0,0,0,4,0,0,0,0,0,0,0,0,0,0,0,0
10/20/2025 0:15,0,0,0,0,0,0,5,0,6,0,0,0,0,0,0,0,0,0,0,0,0
10/20/2025 0:16,0,0,0,0,0,0,7,0,5,0,0,0,0,0,0,0,0,0,0,0,0
10/20/2025 0:17,0,0,0,0,2,0,6,0,0,0,0,0,0,0,0,0,0,0,0,0,0
10/20/2025 0:18,0,0,0,0,0,0,11,0,0,0,0,0,0,0,0,0,0,0,0,0,0
10/20/2025 0:19,0,0,0,0,0,0,3,0,0,0,0,0,0,0,0,0,0,0,0,0,0
10/20/2025 0:20,0,0,0,0,0,0,0,0,0,0,0,0,0,0,0,0,0,0,0,0,0
10/20/2025 0:21,0,0,0,2,0,0,0,0,0,0,0,0,0,0,0,0,0,0,0,0,0
10/20/2025 0:22,0,0,0,1,0,0,0,0,2,0,0,0,0,0,0,0,0,0,0,0,0
10/20/2025 0:23,0,0,0,2,0,0,0,0,5,5,0,0,0,0,0,0,6,0,0,0,0
10/20/2025 0:24,0,0,0,4,0,0,0,0,4,11,0,0,0,0,0,0,3,0,0,0,0
10/20/2025 0:25,0,0,0,4,0,0,0,0,1,1,0,0,0,0,0,0,4,0,0,0,0
10/20/2025 0:26,0,0,0,1,0,0,0,0,0,2,0,0,0,0,0,0,0,0,0,0,0
10/20/2025 0:27,0,0,0,0,0,0,0,0,0,0,0,0,0,0,0,0,0,0,0,0,0
10/20/2025 0:28,0,0,0,3,0,0,0,0,0,0,0,0,0,0,0,0,0,0,0,0,0
10/20/2025 0:29,0,0,0,0,0,0,0,3,0,0,0,0,0,0,1,0,0,0,0,0,0
10/20/2025 0:30,0,0,0,0,0,0,0,8,0,0,0,0,0,0,1,8,2,0,0,0,0
10/20/2025 0:31,0,0,0,0,0,0,0,12,0,0,0,0,0,0,0,0,2,0,0,0,0
10/20/2025 0:32,0,0,0,0,0,0,0,0,0,0,0,0,0,0,0,7,0,0,0,0,0
10/20/2025 0:33,0,0,0,1,0,0,0,0,0,0,0,0,0,0,0,0,0,0,0,0,0
10/20/2025 0:34,0,0,0,0,0,0,0,0,0,0,0,0,0,0,0,0,0,1,0,0,0
10/20/2025 0:35,0,0,0,0,0,0,0,0,0,0,0,0,0,0,0,0,0,0,0,0,0
10/20/2025 0:36,0,0,0,0,0,0,0,0,0,0,0,0,0,0,0,0,0,8,0,0,0
10/20/2025 0:37,0,0,0,0,0,0,0,0,0,0,0,0,0,0,0,0,0,0,0,0,0
10/20/2025 0:38,0,0,0,0,0,0,0,0,0,0,0,0,0,0,0,0,0,0,0,0,0
10/20/2025 0:39,0,0,0,0,0,0,0,0,0,0,0,0,0,0,0,0,0,0,0,0,0
10/20/2025 0:40,0,0,0,0,0,0,0,0,0,1,0,0,0,0,0,0,0,0,0,0,0
10/20/2025 0:41,0,0,0,0,0,0,0,0,0,0,0,0,0,0,0,0,0,0,0,0,0
10/20/2025 0:42,0,0,0,0,0,0,0,0,0,0,0,0,0,0,0,0,0,0,0,0,0
10/20/2025 0:43,0,0,0,0,0,0,0,0,0,0,0,0,0,0,0,0,0,0,0,0,0
10/20/2025 0:44,0,0,0,0,0,0,0,0,0,0,0,0,0,0,0,0,0,0,0,0,0
10/20/2025 0:45,0,0,0,0,0,0,0,0,0,0,0,0,0,0,0,0,0,0,0,0,0
10/20/2025 0:46,0,0,0,0,0,0,0,0,0,0,0,0,0,0,0,0,0,0,0,0,0
10/20/2025 0:47,0,0,0,0,0,0,0,0,0,0,0,0,0,0,0,0,0,0,0,0,0
10/20/2025 0:48,0,0,0,0,0,0,0,0,0,0,0,0,0,0,0,0,0,0,0,0,0
10/20/2025 0:49,0,0,0,0,0,0,0,0,0,0,0,0,0,0,0,0,0,0,0,0,0
10/20/2025 0:50,0,0,0,0,0,0,0,0,0,0,0,0,0,0,0,0,0,0,0,0,0
10/20/2025 0:51,0,0,0,0,0,0,0,0,0,0,0,0,0,0,0,0,0,0,0,0,0
10/20/2025 0:52,0,0,0,0,0,0,0,0,0,0,0,0,0,0,0,0,0,0,0,0,0
10/20/2025 0:53,0,0,0,0,0,0,0,0,0,0,7,0,0,0,0,0,0,0,0,0,0
10/20/2025 0:54,0,0,0,0,0,0,6,0,0,0,6,0,0,2,0,0,0,0,0,0,0
10/20/2025 0:55,0,0,0,0,0,0,0,0,0,0,5,0,0,11,0,0,0,0,0,0,0
10/20/2025 0:56,0,0,0,0,0,0,0,0,0,0,0,1,0,5,0,0,0,0,0,0,0
10/20/2025 0:57,0,0,0,0,0,0,0,0,0,0,5,0,0,6,0,0,0,0,0,0,0
10/20/2025 0:58,0,0,0,0,0,0,0,0,0,0,0,0,0,0,0,0,0,0,0,0,0
10/20/2025 0:59,0,0,0,0,1,0,0,0,0,0,4,0,0,0,0,0,0,0,0,0,0
10/20/2025 1:00,0,0,0,0,0,0,0,0,0,0,6,0,0,0,0,0,0,0,0,0,0
10/20/2025 1:01,0,0,0,0,0,0,0,0,1,0,0,0,0,0,0,0,0,1,0,0,0
10/20/2025 1:02,0,0,0,0,0,0,0,0,0,0,0,0,0,0,0,0,0,0,0,0,0
10/20/2025 1:03,0,0,0,1,0,0,0,0,0,0,0,0,0,0,0,0,0,0,0,0,0
10/20/2025 1:04,0,0,0,0,0,0,0,0,0,0,0,0,0,0,2,0,0,0,0,0,0
10/20/2025 1:05,0,0,0,0,0,0,0,0,0,0,0,0,0,0,10,0,0,0,0,0,0
10/20/2025 1:06,0,0,0,0,0,0,0,0,0,0,0,0,0,0,0,0,0,0,0,0,0
10/20/2025 1:07,0,0,0,0,0,0,0,0,0,0,0,0,0,0,1,0,0,0,0,0,0
10/20/2025 1:08,0,0,0,0,0,0,0,0,0,0,0,0,0,0,0,0,0,0,0,0,0
10/20/2025 1:09,0,0,0,0,0,0,0,0,0,0,0,1,0,0,0,0,0,0,0,0,0
10/20/2025 1:10,0,0,0,0,0,0,0,0,0,0,0,0,0,0,0,0,0,0,5,0,0
10/20/2025 1:11,0,0,0,0,0,0,0,0,0,0,0,0,0,0,0,0,0,0,3,0,0
10/20/2025 1:12,0,0,0,0,0,0,5,0,0,0,0,0,0,0,0,0,0,0,0,0,0
10/20/2025 1:13,0,0,0,0,0,0,0,0,0,0,0,0,0,0,0,0,0,0,0,0,0
10/20/2025 1:14,0,0,0,0,0,0,0,0,0,0,0,0,0,0,0,0,0,0,0,0,0
10/20/2025 1:15,0,0,0,0,0,0,0,0,0,0,0,0,0,0,0,0,0,0,0,0,0
10/20/2025 1:16,0,0,0,0,0,0,0,0,0,0,0,0,0,0,0,0,0,0,0,0,0
10/20/2025 1:17,0,0,0,0,0,0,0,0,0,0,0,0,0,0,0,0,0,0,0,0,0
10/20/2025 1:18,0,0,0,0,0,4,0,0,0,0,0,0,0,0,0,0,1,0,0,0,0
10/20/2025 1:19,0,0,0,0,0,0,0,0,0,0,0,0,0,0,0,0,0,0,0,0,0
10/20/2025 1:20,0,0,0,0,0,0,0,0,0,0,0,0,0,0,0,0,0,0,0,0,0
10/20/2025 1:21,0,0,0,0,0,0,0,0,0,0,0,0,0,0,0,0,0,0,0,0,0
10/20/2025 1:22,0,0,0,0,0,0,0,0,0,0,0,0,0,0,0,0,0,0,0,0,0
10/20/2025 1:23,0,0,0,0,0,0,0,0,0,0,3,0,0,0,0,0,0,0,0,0,0
10/20/2025 1:24,0,0,0,0,0,0,0,0,0,0,0,0,0,0,0,0,0,0,0,0,0
10/20/2025 1:25,0,0,0,0,0,0,5,0,0,0,0,0,0,0,0,0,0,0,0,0,0
10/20/2025 1:26,0,0,0,0,0,0,1,0,0,0,0,0,0,0,0,0,0,0,0,0,0
10/20/2025 1:27,0,0,0,0,0,0,0,0,0,0,0,0,0,0,0,0,0,0,0,0,0
10/20/2025 1:28,0,0,0,4,0,0,0,0,0,0,0,0,0,0,0,0,0,0,0,0,0
10/20/2025 1:29,0,0,0,0,0,0,0,0,0,0,0,0,0,0,0,0,0,0,0,0,0
10/20/2025 1:30,0,0,0,0,0,0,0,0,0,0,0,0,0,0,0,0,0,0,0,0,0
10/20/2025 1:31,0,0,0,0,0,0,0,0,0,0,0,0,0,0,0,0,0,6,0,0,0
10/20/2025 1:32,0,0,0,0,0,0,0,0,0,0,0,0,0,0,0,0,0,4,0,0,0
10/20/2025 1:33,0,0,0,0,0,0,0,0,0,0,0,0,0,0,0,0,0,0,0,0,0
10/20/2025 1:34,0,0,0,0,0,0,0,3,0,0,0,0,0,0,0,0,0,0,0,0,0
10/20/2025 1:35,0,0,0,0,0,0,0,4,0,0,0,0,0,0,0,5,0,0,0,0,0
10/20/2025 1:36,0,0,0,0,0,0,0,0,0,0,0,0,0,0,0,0,0,0,0,0,0
10/20/2025 1:37,0,0,0,0,0,0,0,0,0,0,0,0,0,0,0,0,0,0,0,0,0
10/20/2025 1:38,0,0,0,0,0,0,0,0,0,0,0,0,0,0,0,0,0,0,0,0,0
10/20/2025 1:39,0,0,0,0,0,0,0,0,0,0,0,0,0,0,0,0,0,0,0,0,0
10/20/2025 1:40,0,0,0,0,0,0,0,0,0,0,0,0,0,0,0,0,0,0,0,0,0
10/20/2025 1:41,0,0,0,0,0,0,0,0,0,0,0,0,0,0,0,0,0,0,0,0,0
10/20/2025 1:42,0,0,0,0,0,0,0,0,0,0,0,0,0,0,0,0,0,0,0,0,0
10/20/2025 1:43,0,0,0,0,0,0,0,0,0,0,0,0,0,0,0,0,0,0,0,0,0
10/20/2025 1:44,0,0,0,0,0,0,0,0,0,0,0,0,0,0,0,0,0,0,0,0,0
10/20/2025 1:45,0,0,4,0,0,0,0,0,0,0,0,5,0,0,0,0,0,0,0,0,0
10/20/2025 1:46,0,0,3,0,0,0,0,0,0,0,0,0,0,0,0,0,0,0,0,0,0
10/20/2025 1:47,0,0,2,0,0,0,0,0,0,0,0,0,0,0,0,0,0,0,0,0,0
10/20/2025 1:48,0,0,0,0,0,0,0,0,0,0,0,0,0,0,0,0,0,10,0,0,0
10/20/2025 1:49,0,0,0,0,0,0,0,0,0,0,0,0,0,0,0,0,0,0,0,0,0
10/20/2025 1:50,0,0,0,0,0,0,0,0,0,0,0,0,0,0,0,0,0,0,0,0,0
10/20/2025 1:51,0,0,0,0,0,0,0,0,0,0,0,0,0,0,0,0,0,0,0,0,0
10/20/2025 1:52,0,0,0,0,11,0,0,0,0,0,0,0,2,0,0,0,0,0,0,0,0
10/20/2025 1:53,0,0,0,4,0,0,0,0,0,0,0,0,0,0,0,0,0,0,0,0,0
10/20/2025 1:54,0,0,0,0,0,0,0,0,0,0,0,0,0,0,0,0,0,0,0,0,0
10/20/2025 1:55,0,0,0,0,0,0,0,0,0,0,0,0,0,0,0,0,1,0,0,0,0
10/20/2025 1:56,0,0,0,0,0,0,0,0,0,0,0,0,0,0,0,0,0,0,0,0,0
10/20/2025 1:57,0,0,0,0,0,0,0,0,0,0,0,0,0,0,0,0,1,0,0,0,0
10/20/2025 1:58,0,0,0,0,0,0,0,0,10,3,0,0,0,0,0,0,0,0,0,0,0
10/20/2025 1:59,0,0,6,0,0,0,0,0,0,8,0,0,0,0,0,4,0,0,0,0,0
10/20/2025 2:00,0,0,8,0,0,0,0,0,0,4,0,0,0,0,0,6,0,0,0,0,0
10/20/2025 2:01,0,0,9,0,0,0,0,0,0,0,0,0,0,0,0,0,0,0,0,0,0
10/20/2025 2:02,0,0,12,0,0,0,0,0,0,0,0,0,0,0,0,0,0,0,0,0,0
10/20/2025 2:03,0,0,7,0,0,0,0,0,0,1,0,0,0,0,0,0,0,0,0,0,0
10/20/2025 2:04,0,0,1,0,0,0,0,0,0,0,0,0,0,0,0,0,0,0,0,0,0
10/20/2025 2:05,0,0,3,0,0,0,0,0,0,0,0,0,0,0,0,0,0,0,0,0,0
10/20/2025 2:06,0,0,0,0,0,0,0,0,0,0,0,0,0,0,0,0,0,0,0,0,0
10/20/2025 2:07,0,0,0,0,0,0,0,0,0,0,0,0,0,0,0,0,0,0,0,0,0
10/20/2025 2:08,0,0,3,0,0,0,0,0,0,0,0,0,0,0,0,0,0,0,0,0,0
10/20/2025 2:09,0,0,4,0,0,0,0,0,0,0,0,0,0,0,0,0,0,0,0,0,0
10/20/2025 2:10,0,0,4,0,0,0,0,0,0,0,0,0,0,0,0,0,0,0,0,0,0
10/20/2025 2:11,0,0,5,0,0,0,0,0,0,0,0,0,0,0,0,0,0,0,0,0,0
10/20/2025 2:12,0,0,1,0,0,0,0,0,0,0,0,0,0,0,0,0,0,0,0,0,0
10/20/2025 2:13,17,0,0,0,0,0,0,0,0,0,0,0,0,0,0,0,0,0,0,0,0
10/20/2025 2:14,5,0,0,0,0,0,0,0,0,0,0,0,0,0,0,0,1,0,0,0,0
10/20/2025 2:15,6,0,0,0,0,0,0,0,0,0,0,0,0,0,0,0,0,0,0,0,0
10/20/2025 2:16,0,0,2,0,0,0,0,0,0,0,0,0,0,0,0,0,0,0,0,0,0
10/20/2025 2:17,0,0,0,0,0,0,0,0,0,0,0,0,0,0,0,0,0,0,0,0,0
10/20/2025 2:18,0,0,0,0,0,0,0,0,0,10,0,0,0,0,0,0,0,0,0,0,0
10/20/2025 2:19,0,0,0,0,0,0,0,0,2,0,0,0,0,0,0,0,2,0,0,0,0
10/20/2025 2:20,0,0,0,0,0,0,0,0,1,0,0,0,0,0,0,0,0,0,0,0,0
10/20/2025 2:21,0,0,0,0,0,0,0,0,3,0,0,0,0,0,0,0,0,0,0,0,0
10/20/2025 2:22,0,0,0,0,0,0,0,0,5,0,0,0,0,0,0,0,3,0,0,0,0
10/20/2025 2:23,0,0,7,0,0,0,0,0,0,0,0,0,0,0,0,0,5,0,0,0,0
10/20/2025 2:24,0,0,0,0,0,0,0,0,6,0,0,0,0,0,0,0,0,0,7,0,0
10/20/2025 2:25,0,0,14,0,0,0,0,0,0,0,0,0,0,0,0,0,8,0,2,0,0
10/20/2025 2:26,0,0,0,0,0,0,0,0,0,0,3,0,0,0,0,0,0,0,5,0,0
10/20/2025 2:27,0,0,0,0,0,0,0,0,0,0,1,0,0,0,0,0,0,0,3,0,0
10/20/2025 2:28,0,0,0,0,0,0,0,2,0,0,1,0,0,0,0,0,0,0,0,0,0
10/20/2025 2:29,0,0,0,0,0,0,0,6,0,0,0,0,0,0,0,0,0,0,4,0,0
10/20/2025 2:30,0,0,0,0,0,0,0,0,0,0,0,0,0,0,0,0,0,0,0,0,0
10/20/2025 2:31,0,0,0,0,0,0,0,0,0,0,2,0,0,0,0,0,0,0,2,0,0
10/20/2025 2:32,0,0,0,0,0,0,0,0,0,0,5,0,0,0,0,0,0,0,11,0,0
10/20/2025 2:33,0,0,0,0,0,0,0,0,0,0,1,0,0,0,0,0,0,0,25,0,0
10/20/2025 2:34,0,0,0,0,0,0,0,0,0,0,5,0,0,0,0,0,0,0,17,0,0
10/20/2025 2:35,0,0,0,0,0,0,0,0,3,0,2,0,0,0,0,0,0,0,11,0,0
10/20/2025 2:36,0,0,0,0,0,0,0,0,2,0,0,0,0,0,0,0,0,0,4,0,0
10/20/2025 2:37,0,0,0,0,4,0,0,0,10,0,0,0,0,0,0,0,0,0,1,0,0
10/20/2025 2:38,0,0,0,0,11,0,0,0,5,0,0,0,0,0,0,0,0,0,0,0,0
10/20/2025 2:39,0,0,0,0,10,0,0,0,7,0,0,0,0,0,0,0,0,0,0,0,0
10/20/2025 2:40,0,0,0,0,0,0,0,0,7,0,0,0,0,0,0,0,0,0,0,0,0
10/20/2025 2:41,0,0,0,0,1,0,0,0,3,0,0,0,0,0,0,0,0,0,0,0,0
10/20/2025 2:42,0,0,0,0,3,0,0,0,0,0,0,0,0,0,0,0,0,0,0,0,0
10/20/2025 2:43,0,0,0,0,0,0,0,0,0,0,0,12,0,0,0,0,0,0,0,0,0
10/20/2025 2:44,0,0,0,0,0,5,0,0,0,0,0,5,0,0,7,0,0,0,0,0,0
10/20/2025 2:45,0,0,0,0,0,0,0,0,0,0,0,2,0,0,9,0,0,0,0,0,0
10/20/2025 2:46,0,0,0,0,0,0,0,0,0,0,0,1,0,0,0,0,0,0,0,0,0
10/20/2025 2:47,0,0,0,0,0,0,0,0,0,0,0,0,0,0,2,0,0,0,0,0,0
10/20/2025 2:48,0,0,0,0,0,0,0,0,0,0,0,7,0,0,0,0,0,0,0,0,0
10/20/2025 2:49,0,0,0,0,0,0,2,0,0,0,0,5,0,0,0,0,0,0,0,0,0
10/20/2025 2:50,0,0,0,0,0,0,6,0,0,0,0,2,0,0,0,0,0,0,0,0,0
10/20/2025 2:51,0,0,0,0,0,0,0,0,0,0,0,0,0,0,0,0,7,0,0,0,0
10/20/2025 2:52,0,0,0,0,0,0,0,0,0,0,0,0,0,0,0,6,6,2,0,0,0
10/20/2025 2:53,0,0,0,0,0,0,0,0,0,0,0,0,0,0,0,6,0,1,0,0,0
10/20/2025 2:54,0,0,0,0,0,0,0,0,0,0,0,0,0,0,0,2,0,0,0,0,0
10/20/2025 2:55,0,0,0,0,0,0,0,0,0,0,0,0,0,0,0,0,0,0,0,0,0
10/20/2025 2:56,0,0,0,0,1,0,0,0,0,0,0,0,0,0,0,0,0,0,0,0,0
10/20/2025 2:57,0,0,0,0,0,0,0,0,0,0,0,0,0,0,0,0,0,0,0,0,0
10/20/2025 2:58,0,0,0,0,0,0,0,0,0,0,0,0,0,0,0,0,0,0,0,0,0
10/20/2025 2:59,0,0,0,0,0,0,0,0,0,0,0,0,0,0,0,0,0,0,0,0,0
10/20/2025 3:00,0,0,0,0,0,0,0,0,0,0,0,0,0,0,0,0,0,0,0,0,0
10/20/2025 3:01,0,0,0,0,0,0,0,0,0,0,0,0,0,0,0,0,0,0,0,0,0
10/20/2025 3:02,0,0,0,0,0,0,0,0,0,0,0,0,0,0,0,0,0,0,0,0,0
10/20/2025 3:03,0,0,0,0,0,0,0,0,0,0,0,0,0,0,0,0,0,0,0,0,0
10/20/2025 3:04,0,0,0,0,0,0,0,0,0,0,0,0,0,0,0,0,0,0,0,0,0
10/20/2025 3:05,0,0,0,0,0,0,0,0,0,0,2,0,0,0,0,0,0,0,0,0,0
10/20/2025 3:06,0,0,0,0,0,0,0,0,0,0,2,0,0,0,0,0,0,0,0,0,0
10/20/2025 3:07,0,0,0,0,0,0,0,0,0,0,0,0,0,0,0,0,0,0,0,0,0
10/20/2025 3:08,0,0,0,0,0,0,0,0,0,0,2,0,0,0,0,0,0,0,0,0,0
10/20/2025 3:09,0,0,0,1,0,0,0,0,0,0,3,0,0,0,0,0,0,0,0,0,0
10/20/2025 3:10,0,0,0,0,0,0,0,0,0,0,1,0,0,0,0,0,0,0,1,0,0
10/20/2025 3:11,0,0,0,0,0,0,0,0,0,0,2,0,0,0,0,0,0,0,0,0,0
10/20/2025 3:12,0,0,0,0,0,0,0,0,0,0,0,0,0,0,0,0,0,0,0,0,0
10/20/2025 3:13,0,0,0,0,0,0,0,0,0,0,0,0,0,0,0,0,0,0,0,0,0
10/20/2025 3:14,0,0,0,0,0,0,0,0,0,0,0,0,0,0,0,0,0,0,0,0,0
10/20/2025 3:15,0,0,0,0,0,0,0,0,0,0,0,0,0,0,0,0,0,0,0,0,0
10/20/2025 3:16,0,0,0,0,0,0,0,0,0,0,0,0,0,0,0,0,0,0,0,0,0
10/20/2025 3:17,0,0,0,0,0,0,1,0,0,0,0,0,0,0,0,0,0,0,0,0,0
10/20/2025 3:18,0,0,0,0,0,0,1,0,0,0,0,0,0,0,0,0,0,0,0,0,0
10/20/2025 3:19,0,0,0,0,0,0,0,0,0,0,0,0,0,0,0,0,0,0,0,0,0
10/20/2025 3:20,0,0,0,0,0,0,0,0,0,0,0,0,0,0,0,0,0,0,0,0,0
10/20/2025 3:21,0,0,0,0,0,0,0,0,0,0,0,0,0,0,0,0,0,0,0,0,0
10/20/2025 3:22,0,0,0,0,0,0,0,0,0,0,0,0,0,0,0,0,0,0,0,0,0
10/20/2025 3:23,0,0,0,0,0,0,0,0,0,0,0,0,0,0,1,0,0,0,0,0,0
10/20/2025 3:24,0,0,0,0,0,0,0,0,0,0,0,0,0,0,1,0,0,0,0,0,0
10/20/2025 3:25,0,0,0,0,0,0,0,0,0,2,0,0,0,0,0,0,0,0,0,0,0
10/20/2025 3:26,0,0,0,0,0,0,0,0,0,0,0,0,0,0,0,0,0,0,0,0,0
10/20/2025 3:27,0,0,0,0,0,0,0,0,0,0,0,0,0,0,0,0,0,0,0,0,0
10/20/2025 3:28,0,0,0,0,0,0,0,0,0,0,0,0,0,0,0,0,0,0,0,0,0
10/20/2025 3:29,0,0,0,0,0,0,0,0,0,0,0,0,0,0,0,0,0,0,0,0,0
10/20/2025 3:30,7,0,0,0,0,0,0,0,0,0,0,0,0,0,0,0,0,0,0,0,0
10/20/2025 3:31,1,0,0,0,0,0,0,0,0,0,0,0,0,0,0,0,0,0,0,0,0
10/20/2025 3:32,0,0,0,0,0,0,0,0,0,0,0,0,0,0,0,0,0,0,0,0,0
10/20/2025 3:33,0,0,0,2,0,0,0,0,0,0,0,0,0,0,0,0,0,0,0,0,0
10/20/2025 3:34,0,0,0,16,0,0,0,0,0,0,0,0,0,0,0,0,0,0,0,0,0
10/20/2025 3:35,0,0,0,0,0,0,0,0,0,0,0,0,0,0,0,0,0,0,0,0,0
10/20/2025 3:36,0,0,0,0,0,0,0,0,0,0,0,0,0,0,0,0,0,0,0,0,0
10/20/2025 3:37,0,0,0,0,0,0,0,0,0,0,0,0,0,0,0,0,0,0,0,0,0
10/20/2025 3:38,0,0,0,0,0,0,0,0,0,0,0,0,0,0,0,0,0,0,0,0,0
10/20/2025 3:39,0,0,0,0,0,0,0,0,0,0,0,0,0,0,0,0,0,0,0,0,0
10/20/2025 3:40,0,0,0,0,0,0,0,0,0,0,0,0,0,0,0,0,0,0,0,0,0
10/20/2025 3:41,0,0,0,0,0,0,0,0,0,0,0,0,0,0,0,0,0,0,0,0,0
10/20/2025 3:42,0,0,0,0,0,0,0,0,0,0,0,0,0,0,0,0,0,0,0,0,0
10/20/2025 3:43,0,0,0,0,0,0,0,0,0,0,0,0,0,0,0,0,0,0,0,0,0
10/20/2025 3:44,0,0,0,0,0,0,0,0,0,0,0,0,0,0,0,0,0,0,0,0,0
10/20/2025 3:45,0,0,0,0,0,0,0,0,0,0,0,0,0,0,0,0,1,0,0,0,0
10/20/2025 3:46,0,0,0,0,0,0,0,0,0,0,0,0,0,0,0,0,6,0,0,0,0
10/20/2025 3:47,0,0,0,0,0,0,0,0,0,0,0,0,0,0,0,0,0,0,0,0,0
10/20/2025 3:48,0,0,0,0,0,0,0,0,0,0,0,0,0,0,3,0,0,0,0,0,0
10/20/2025 3:49,0,0,0,0,0,0,0,0,0,0,0,0,0,0,0,0,0,0,0,0,0
10/20/2025 3:50,0,0,0,0,0,0,0,0,0,0,0,0,0,0,0,0,0,0,0,0,0
10/20/2025 3:51,0,0,0,0,0,0,0,0,0,0,0,0,0,0,0,0,0,0,0,0,0
10/20/2025 3:52,0,0,0,0,0,0,0,0,0,0,0,0,0,7,0,0,0,0,2,0,0
10/20/2025 3:53,0,0,0,0,0,0,0,0,0,0,0,0,0,5,0,0,0,0,4,0,0
10/20/2025 3:54,0,0,0,0,0,0,0,0,4,7,0,0,0,6,0,0,0,0,16,0,0
10/20/2025 3:55,0,0,0,0,0,0,0,0,5,0,0,0,0,5,0,0,0,0,8,0,0
10/20/2025 3:56,0,0,0,0,0,0,0,0,0,0,0,0,0,0,0,0,0,0,0,0,0
10/20/2025 3:57,0,0,0,0,0,0,0,0,0,0,0,0,0,1,0,0,0,0,0,0,0
10/20/2025 3:58,0,0,0,0,0,0,0,0,0,0,0,0,0,21,0,0,0,0,0,0,0
10/20/2025 3:59,0,0,0,0,0,0,2,0,0,0,0,0,0,1,0,0,0,0,0,0,0
10/20/2025 4:00,0,0,0,0,0,0,0,0,0,0,0,0,0,0,0,0,0,0,0,0,0
10/20/2025 4:01,0,0,0,0,0,0,0,0,0,0,0,0,0,0,0,0,0,0,1,0,0
10/20/2025 4:02,0,0,0,0,0,0,0,0,0,0,0,0,0,0,0,0,0,0,0,0,0
10/20/2025 4:03,0,0,0,0,0,0,0,0,0,0,0,0,0,0,0,0,0,0,0,0,0
10/20/2025 4:04,0,0,0,0,0,0,0,0,0,0,0,0,0,0,0,0,0,0,0,0,0
10/20/2025 4:05,0,0,0,0,0,0,0,0,0,0,0,0,0,0,0,0,0,0,0,0,0
10/20/2025 4:06,0,0,0,0,0,0,0,0,0,0,0,0,0,0,0,0,0,0,0,0,0
10/20/2025 4:07,0,0,0,0,0,0,0,0,0,0,0,0,0,0,0,0,0,0,0,0,0
10/20/2025 4:08,0,0,0,0,0,0,0,0,0,0,0,0,0,0,0,0,0,0,0,0,0
10/20/2025 4:09,0,0,0,0,0,0,0,0,0,0,0,0,0,0,0,0,0,0,0,0,0
10/20/2025 4:10,0,0,0,0,0,0,0,0,0,0,0,0,0,0,0,0,0,0,0,0,0
10/20/2025 4:11,0,0,0,0,0,0,0,0,0,0,0,0,0,0,0,0,0,0,0,0,0
10/20/2025 4:12,0,0,0,0,0,0,0,0,0,0,0,0,0,0,0,0,0,0,0,0,0
10/20/2025 4:13,0,0,0,0,0,0,0,0,0,0,0,0,0,0,0,0,0,0,0,0,0
10/20/2025 4:14,0,0,0,0,0,0,0,0,0,0,0,0,0,0,0,0,0,0,0,0,0
10/20/2025 4:15,0,0,0,0,0,0,0,0,0,0,0,0,0,0,0,0,0,0,0,0,0
10/20/2025 4:16,0,0,0,0,0,0,0,0,0,0,0,0,0,0,0,0,0,0,0,0,0
10/20/2025 4:17,0,0,0,0,0,0,8,0,0,0,0,0,0,0,0,0,0,0,0,0,0
10/20/2025 4:18,0,0,0,0,0,0,0,0,0,0,0,0,0,0,0,0,0,0,0,0,0
10/20/2025 4:19,0,0,0,0,0,0,0,0,0,0,0,0,0,0,0,0,0,0,0,0,0
10/20/2025 4:20,0,0,0,0,0,0,0,0,0,0,0,0,0,0,0,0,0,0,0,0,0
10/20/2025 4:21,0,0,0,0,0,0,0,0,0,0,0,0,0,0,0,0,0,0,0,0,0
10/20/2025 4:22,0,0,0,0,0,0,0,0,0,0,0,0,0,0,0,0,0,0,0,0,0
10/20/2025 4:23,0,0,0,0,0,0,0,0,0,0,0,0,0,0,0,0,0,0,0,0,0
10/20/2025 4:24,0,0,0,0,0,0,0,0,0,0,0,0,0,0,0,0,0,0,0,0,0
10/20/2025 4:25,0,0,0,0,0,0,0,0,0,0,0,0,0,0,0,0,0,0,0,0,0
10/20/2025 4:26,0,0,0,0,0,0,0,0,0,0,0,0,0,0,0,0,0,0,0,0,0
10/20/2025 4:27,0,0,0,0,0,0,0,0,0,0,0,0,0,0,0,0,0,0,0,0,0
10/20/2025 4:28,0,0,0,0,0,0,0,0,0,0,0,0,0,0,0,0,0,0,0,0,0
10/20/2025 4:29,0,0,0,0,0,0,0,0,0,0,0,0,0,0,0,0,0,0,0,0,0
10/20/2025 4:30,0,0,0,0,0,0,0,0,0,0,0,0,0,0,0,0,0,0,0,0,0
10/20/2025 4:31,0,0,0,0,0,0,0,0,0,0,0,0,0,0,0,0,2,0,0,0,0
10/20/2025 4:32,0,0,0,0,0,0,0,0,0,0,0,0,0,0,0,0,0,0,0,0,0
10/20/2025 4:33,0,0,0,0,0,0,0,0,0,0,0,0,0,0,0,0,0,0,0,0,0
10/20/2025 4:34,0,0,0,0,0,0,0,0,0,0,0,0,0,0,0,0,0,0,0,0,0
10/20/2025 4:35,0,0,0,12,0,0,0,0,0,0,0,0,0,0,0,0,0,0,0,0,0
10/20/2025 4:36,0,0,0,0,0,0,0,0,1,0,0,0,0,0,0,0,0,0,0,0,0
10/20/2025 4:37,0,0,0,0,0,0,0,0,0,0,0,0,0,0,0,0,0,0,0,0,0
10/20/2025 4:38,0,0,0,0,0,0,0,0,0,0,0,0,0,0,0,0,0,0,0,0,0
10/20/2025 4:39,0,0,0,0,0,0,0,0,0,0,0,0,0,0,0,0,0,0,0,0,0
10/20/2025 4:40,0,0,0,0,0,0,0,0,0,0,0,0,0,0,0,0,0,0,0,0,0
10/20/2025 4:41,0,0,0,0,0,0,0,0,0,0,0,0,0,0,0,0,0,0,0,0,0
10/20/2025 4:42,0,0,0,0,0,0,0,0,0,0,0,0,0,0,0,0,0,0,0,0,0
10/20/2025 4:43,0,0,0,0,0,0,0,0,0,0,0,0,0,0,0,0,7,0,0,0,0
10/20/2025 4:44,0,0,0,0,0,0,0,6,0,0,0,0,0,0,0,1,3,0,0,0,0
10/20/2025 4:45,0,0,0,0,0,0,0,13,0,0,0,0,0,0,0,0,0,5,0,0,0
10/20/2025 4:46,0,0,0,0,0,0,0,1,0,0,0,11,0,0,0,0,0,0,0,0,0
10/20/2025 4:47,0,0,0,0,0,0,0,0,0,0,0,3,0,0,0,0,0,0,0,0,0
10/20/2025 4:48,0,0,0,0,0,0,0,0,0,0,0,0,0,0,0,0,0,0,0,0,0
10/20/2025 4:49,0,0,0,0,0,0,0,0,0,0,0,0,0,0,0,0,0,0,0,0,0
10/20/2025 4:50,0,0,0,0,0,0,0,0,0,0,0,0,0,0,0,0,0,0,0,0,0
10/20/2025 4:51,0,0,0,0,0,0,0,0,0,0,0,0,0,0,0,0,0,0,0,0,0
10/20/2025 4:52,0,0,0,0,0,0,0,0,0,0,0,0,0,0,0,0,0,0,0,5,0
10/20/2025 4:53,0,0,0,0,0,0,0,0,0,0,0,0,0,0,0,0,0,0,0,1,0
10/20/2025 4:54,0,0,0,0,0,0,0,0,0,0,0,0,0,0,0,0,0,0,0,0,0
10/20/2025 4:55,0,0,0,0,0,0,0,0,0,0,0,0,0,0,0,0,0,0,0,0,0
10/20/2025 4:56,0,0,0,0,0,0,0,0,0,0,0,0,0,0,0,0,0,0,0,0,0
10/20/2025 4:57,0,0,0,0,0,0,0,0,0,0,0,0,0,0,0,0,0,0,1,0,0
10/20/2025 4:58,0,0,0,0,0,0,0,0,0,0,0,0,0,0,0,0,0,0,0,0,0
10/20/2025 4:59,0,0,0,0,0,0,0,0,0,0,0,0,0,0,0,0,0,0,1,0,0
10/20/2025 5:00,0,0,0,0,0,0,0,0,0,0,0,0,0,0,0,1,0,0,0,0,0
10/20/2025 5:01,0,0,0,0,0,0,0,0,0,0,0,0,0,0,0,0,0,0,0,0,0
10/20/2025 5:02,0,0,0,0,0,1,0,0,0,0,0,0,0,0,0,0,0,0,0,0,0
10/20/2025 5:03,2,0,0,0,0,4,0,0,6,0,1,0,0,0,0,0,3,0,0,0,0
10/20/2025 5:04,2,0,0,3,0,4,0,0,4,10,0,0,0,0,0,0,2,0,3,0,0
10/20/2025 5:05,4,0,3,3,0,0,0,0,12,0,2,0,0,0,0,0,0,0,5,0,0
10/20/2025 5:06,5,0,0,4,0,5,0,0,8,10,8,0,0,0,0,0,0,0,0,0,0
10/20/2025 5:07,7,0,11,4,0,6,2,0,12,16,3,0,0,0,0,0,0,0,4,0,0
10/20/2025 5:08,7,0,3,3,0,6,0,0,4,12,0,0,0,0,0,0,0,0,1,0,0
10/20/2025 5:09,2,0,0,8,0,0,0,0,7,0,3,0,0,0,0,2,0,0,6,0,0
10/20/2025 5:10,0,0,17,9,0,0,0,0,3,21,16,0,0,0,0,8,0,0,0,0,0
10/20/2025 5:11,0,0,15,17,0,0,0,0,0,8,4,0,0,0,0,13,0,0,0,0,0
10/20/2025 5:12,0,0,0,11,0,0,0,0,0,0,5,0,0,0,0,13,0,0,0,0,0
10/20/2025 5:13,0,0,0,5,0,0,0,0,0,0,0,0,0,0,0,7,0,0,0,0,0
10/20/2025 5:14,0,0,0,0,0,0,0,0,0,0,0,0,0,0,0,0,0,0,0,0,0
10/20/2025 5:15,0,0,0,0,0,0,0,0,0,0,0,0,0,0,0,0,0,0,0,0,0
10/20/2025 5:16,0,0,0,0,0,0,0,0,0,0,0,0,0,0,0,0,0,0,0,0,0
10/20/2025 5:17,0,0,0,0,0,0,0,0,8,0,0,0,0,0,0,0,0,0,0,0,0
10/20/2025 5:18,0,0,0,0,0,0,0,0,11,0,22,0,0,0,0,0,0,0,0,0,0
10/20/2025 5:19,0,0,0,0,0,0,0,0,0,0,6,1,0,0,0,0,0,0,0,0,0
10/20/2025 5:20,0,0,0,0,0,0,0,0,0,0,0,0,0,0,0,0,0,0,0,0,0
10/20/2025 5:21,0,0,0,0,0,0,0,0,0,0,0,0,0,0,0,0,0,0,0,0,0
10/20/2025 5:22,9,0,0,0,0,0,0,0,0,0,0,0,0,0,0,0,0,0,0,0,0
10/20/2025 5:23,1,0,0,0,0,0,0,0,0,0,0,0,0,0,0,0,1,0,0,0,0
10/20/2025 5:24,3,0,0,0,0,0,0,0,0,0,0,0,0,0,0,0,0,0,0,0,0
10/20/2025 5:25,34,0,0,0,0,0,1,0,0,0,0,0,0,0,0,0,0,0,0,0,0
10/20/2025 5:26,14,0,0,0,0,0,0,0,0,0,0,0,0,0,0,0,0,0,0,0,0
10/20/2025 5:27,3,0,0,0,0,0,0,0,0,0,0,0,0,0,3,0,0,0,0,0,0
10/20/2025 5:28,0,0,0,0,0,0,0,0,0,0,0,0,0,0,7,0,0,0,0,0,0
10/20/2025 5:29,0,0,0,0,0,0,0,0,0,0,2,0,0,0,16,0,0,0,0,0,0
10/20/2025 5:30,0,0,0,0,0,0,0,0,0,0,0,0,0,0,13,0,0,0,0,0,0
10/20/2025 5:31,0,0,0,0,0,0,0,0,0,0,0,0,0,0,7,0,0,0,0,0,0
10/20/2025 5:32,0,0,0,0,0,0,0,0,0,0,0,0,0,0,9,0,0,0,0,0,0
10/20/2025 5:33,0,0,0,0,0,0,0,0,0,0,1,0,0,0,7,6,0,0,0,0,0
10/20/2025 5:34,0,0,7,0,0,0,0,0,0,0,0,0,0,0,7,0,0,0,0,0,0
10/20/2025 5:35,1,0,0,0,0,0,0,0,0,13,0,0,0,0,10,0,0,0,0,0,0
10/20/2025 5:36,0,0,0,0,0,0,0,0,0,0,0,0,0,0,13,0,0,0,0,0,0
10/20/2025 5:37,0,0,0,0,0,0,0,0,0,0,0,0,0,0,4,0,0,0,0,0,0
10/20/2025 5:38,0,0,0,0,0,0,0,0,0,0,0,0,0,0,6,0,0,0,0,0,0
10/20/2025 5:39,0,0,0,0,0,0,0,0,0,0,0,0,0,0,12,0,0,0,0,0,0
10/20/2025 5:40,0,0,0,0,0,0,0,0,0,0,0,0,0,0,5,0,0,0,0,0,0
10/20/2025 5:41,0,0,0,0,0,0,0,0,0,0,0,0,0,0,6,0,0,0,0,0,0
10/20/2025 5:42,0,0,0,0,0,0,0,0,6,0,0,0,0,0,4,0,0,0,0,0,0
10/20/2025 5:43,0,0,0,0,0,0,0,0,0,0,0,0,0,0,9,0,0,0,0,0,0
10/20/2025 5:44,2,0,0,0,0,0,0,0,0,0,0,0,0,0,4,0,0,0,0,0,0
10/20/2025 5:45,0,0,0,0,0,0,0,0,0,0,0,0,0,0,1,0,0,0,0,0,0
10/20/2025 5:46,1,0,0,0,0,0,0,0,0,0,0,0,0,0,0,0,0,0,0,0,0
10/20/2025 5:47,0,0,0,0,0,0,0,0,0,0,0,0,0,0,0,0,0,0,0,0,0
10/20/2025 5:48,5,0,0,0,0,0,0,0,0,0,0,0,0,0,0,0,0,0,0,0,0
10/20/2025 5:49,0,0,0,0,0,0,0,0,0,0,0,0,0,0,0,0,0,0,0,0,0
10/20/2025 5:50,0,0,0,0,0,0,0,0,0,0,0,0,0,0,0,0,0,0,0,0,0
10/20/2025 5:51,0,0,0,0,0,0,0,0,0,0,0,0,0,0,0,0,0,0,0,0,0
10/20/2025 5:52,0,0,0,0,0,0,0,0,0,0,0,0,0,0,0,0,0,0,0,0,0
10/20/2025 5:53,0,0,0,0,0,0,0,0,0,0,0,0,0,0,0,0,0,0,0,0,0
10/20/2025 5:54,0,0,0,0,0,0,0,0,0,0,0,0,0,0,0,0,0,0,0,0,0
10/20/2025 5:55,0,0,0,0,0,0,1,0,2,0,0,0,0,0,0,0,0,0,0,0,0
10/20/2025 5:56,0,0,0,1,0,0,0,0,2,0,0,0,0,0,0,0,0,0,0,0,0
10/20/2025 5:57,0,0,0,0,0,0,0,0,0,0,0,0,0,0,0,0,0,0,0,0,0
10/20/2025 5:58,0,0,0,0,0,0,0,0,0,2,0,0,0,0,0,0,0,0,0,0,0
10/20/2025 5:59,0,0,0,0,0,0,0,0,0,0,0,0,0,0,0,0,0,0,0,0,0
10/20/2025 6:00,0,0,0,0,0,0,0,0,0,0,0,0,0,0,0,0,0,0,0,0,0
10/20/2025 6:01,0,0,0,0,0,0,0,0,0,0,0,0,0,0,0,0,0,0,0,0,0
10/20/2025 6:02,0,0,0,0,0,0,0,0,0,0,0,0,0,0,0,0,0,0,0,0,0
10/20/2025 6:03,0,0,0,0,0,0,0,0,0,0,0,0,0,0,0,0,0,0,0,0,0
10/20/2025 6:04,0,0,0,0,0,0,0,0,0,0,0,0,0,0,0,0,0,0,0,0,0
10/20/2025 6:05,0,0,0,0,0,0,0,0,0,0,0,0,0,0,0,0,0,0,0,0,0
10/20/2025 6:06,0,0,0,5,0,0,0,0,0,0,0,0,0,0,0,0,0,0,0,0,0
10/20/2025 6:07,0,0,0,6,0,0,0,0,0,0,0,0,0,0,0,0,0,0,0,0,0
10/20/2025 6:08,0,0,0,5,0,0,0,0,0,0,0,0,0,0,0,0,0,0,0,0,0
10/20/2025 6:09,0,0,0,6,0,0,0,0,0,0,0,0,0,0,0,0,0,0,0,0,0
10/20/2025 6:10,0,0,0,6,0,0,0,0,0,0,0,0,0,0,0,0,0,0,0,0,0
10/20/2025 6:11,0,0,0,10,0,0,0,0,0,1,0,0,0,0,0,0,0,0,0,0,0
10/20/2025 6:12,0,0,0,5,0,0,0,0,0,1,0,0,0,0,0,0,0,0,0,0,0
10/20/2025 6:13,0,0,0,10,0,0,0,0,0,0,0,0,0,0,0,0,0,0,0,0,0
10/20/2025 6:14,0,0,0,6,0,0,0,0,0,0,0,0,0,0,0,0,0,0,0,0,0
10/20/2025 6:15,0,0,0,6,0,0,0,0,0,0,0,0,0,0,0,0,0,0,0,0,0
10/20/2025 6:16,0,0,0,4,0,0,0,0,0,0,0,0,0,0,0,0,0,0,0,0,0
10/20/2025 6:17,0,0,0,1,0,0,0,0,0,0,0,0,0,0,0,0,0,0,0,0,0
10/20/2025 6:18,0,0,0,2,0,0,0,0,0,0,0,0,0,0,0,0,0,0,0,0,0
10/20/2025 6:19,0,0,0,0,0,0,0,0,0,0,0,0,0,0,0,0,0,0,0,0,0
10/20/2025 6:20,0,0,0,2,0,0,0,0,0,0,0,0,0,0,0,0,0,0,0,0,0
10/20/2025 6:21,0,0,0,0,0,0,0,0,0,0,0,0,0,0,0,0,0,0,0,0,0
10/20/2025 6:22,0,0,0,0,0,0,0,0,0,0,0,0,0,0,0,0,0,0,0,0,0
10/20/2025 6:23,0,0,0,0,0,0,0,0,0,0,0,0,0,0,0,0,0,0,0,0,0
10/20/2025 6:24,0,0,0,0,0,0,0,0,0,0,0,0,0,0,0,0,0,0,0,0,0
10/20/2025 6:25,0,0,0,0,0,0,0,0,0,0,0,0,0,0,0,0,0,0,0,0,0
10/20/2025 6:26,0,0,0,0,0,0,0,0,0,0,0,0,0,0,0,0,0,0,0,0,0
10/20/2025 6:27,3,0,0,0,0,0,0,0,0,0,0,0,0,0,0,0,0,3,0,0,0
10/20/2025 6:28,5,0,0,0,0,0,0,0,0,0,0,0,0,0,0,4,0,0,0,0,0
10/20/2025 6:29,0,0,0,0,0,0,0,0,0,0,0,0,0,0,0,3,0,0,0,0,0
10/20/2025 6:30,0,0,0,0,0,0,0,0,0,0,0,0,0,0,0,0,0,0,0,0,0
10/20/2025 6:31,0,0,0,0,0,0,0,0,0,0,0,0,0,0,0,0,0,0,0,0,0
10/20/2025 6:32,0,0,0,0,0,0,1,0,0,0,1,0,0,0,0,0,0,0,0,0,0
10/20/2025 6:33,0,0,0,0,0,0,0,0,0,0,0,1,0,0,0,0,0,0,14,2,0
10/20/2025 6:34,7,0,0,0,0,0,0,0,0,0,1,0,0,0,0,0,0,0,11,4,0
10/20/2025 6:35,1,0,0,0,0,0,0,0,0,0,0,0,0,0,0,0,0,0,0,1,0
10/20/2025 6:36,0,0,0,0,0,0,0,0,0,0,0,0,0,0,0,0,0,0,0,4,0
10/20/2025 6:37,0,0,0,0,0,0,0,0,0,0,0,0,0,0,0,0,0,0,0,3,0
10/20/2025 6:38,0,0,0,0,0,0,0,0,0,0,0,0,0,0,0,0,0,0,0,4,0
10/20/2025 6:39,0,0,0,0,0,0,0,0,0,0,0,0,0,0,0,0,0,0,0,0,0
10/20/2025 6:40,0,0,0,0,0,0,0,0,0,0,0,0,0,0,0,0,0,0,0,0,0
10/20/2025 6:41,1,0,0,0,0,0,0,0,0,0,0,0,0,0,0,0,0,0,0,0,0
10/20/2025 6:42,0,0,0,0,0,0,0,0,0,0,0,0,0,0,0,0,0,0,0,0,0
10/20/2025 6:43,0,0,0,0,0,0,0,0,0,0,0,1,0,0,0,0,0,0,0,0,0
10/20/2025 6:44,0,0,0,0,0,0,0,0,0,0,0,0,0,0,0,0,0,0,0,0,0
10/20/2025 6:45,0,0,0,0,0,0,0,0,0,0,0,0,0,0,0,0,0,0,0,0,0
10/20/2025 6:46,0,0,0,0,0,6,0,0,0,0,0,0,0,0,0,0,0,0,0,0,0
10/20/2025 6:47,1,0,0,0,0,0,0,0,0,0,0,0,0,0,0,0,1,0,0,0,0
10/20/2025 6:48,1,0,0,0,0,0,0,0,0,0,0,0,0,0,0,0,0,0,0,0,0
10/20/2025 6:49,0,0,0,0,0,0,0,0,0,0,0,0,0,0,0,0,0,0,0,0,0
10/20/2025 6:50,0,0,0,0,0,0,0,0,0,0,0,0,0,0,0,0,0,0,0,0,0
10/20/2025 6:51,0,0,0,0,0,0,0,0,0,0,0,0,0,0,0,0,0,0,0,0,0
10/20/2025 6:52,1,0,0,0,0,0,0,0,0,0,0,0,0,0,0,0,0,0,0,0,0
10/20/2025 6:53,0,0,0,0,0,0,0,0,0,0,0,0,0,0,0,0,0,0,0,0,0
10/20/2025 6:54,0,0,0,0,0,0,0,0,0,0,0,0,0,0,0,0,0,0,0,0,0
10/20/2025 6:55,0,0,0,0,0,0,0,0,0,0,0,0,0,0,0,0,0,0,0,0,0
10/20/2025 6:56,0,0,0,0,0,0,0,0,0,0,0,0,0,0,0,0,0,0,0,0,0
10/20/2025 6:57,0,0,0,0,0,0,0,0,0,0,0,0,0,0,0,0,0,0,0,0,0
10/20/2025 6:58,0,0,0,0,0,0,0,0,0,0,0,0,0,0,0,0,0,0,0,0,0
10/20/2025 6:59,0,0,0,0,0,0,0,0,0,0,0,0,0,0,0,0,1,0,0,0,0
10/20/2025 7:00,0,0,0,0,0,0,0,0,0,0,0,0,0,0,0,0,0,0,0,0,0
10/20/2025 7:01,0,0,0,0,0,0,0,0,0,0,0,0,0,0,0,0,0,0,0,0,0
10/20/2025 7:02,0,0,0,0,0,0,0,0,0,0,0,0,0,0,0,0,0,0,0,0,0
10/20/2025 7:03,0,0,0,0,0,0,0,0,0,0,0,0,0,0,0,0,0,0,0,0,0
10/20/2025 7:04,0,0,0,0,0,0,0,0,0,0,0,0,0,0,0,0,0,0,0,0,0
10/20/2025 7:05,0,0,0,0,0,0,0,0,0,0,0,0,0,0,0,0,0,0,0,0,0
10/20/2025 7:06,0,0,0,0,0,0,0,0,0,0,0,0,0,0,0,0,0,0,0,0,0
10/20/2025 7:07,0,0,0,0,0,0,0,0,0,0,0,0,0,0,0,0,0,0,0,0,0
10/20/2025 7:08,0,0,0,0,0,0,1,0,0,0,0,0,0,0,0,0,0,0,0,0,0
10/20/2025 7:09,0,0,0,0,0,0,1,0,0,0,0,0,0,0,0,0,0,0,0,0,0
10/20/2025 7:10,0,0,0,0,0,0,4,0,0,0,0,0,0,0,0,0,0,0,0,0,0
10/20/2025 7:11,0,0,0,0,0,0,0,0,0,0,0,0,0,0,0,0,0,0,0,0,0
10/20/2025 7:12,0,0,0,0,0,0,0,0,0,0,0,0,0,0,0,0,0,0,0,0,0
10/20/2025 7:13,0,0,0,0,0,0,0,0,0,0,0,0,0,0,0,0,0,0,0,0,0
10/20/2025 7:14,0,0,0,0,0,0,0,0,0,0,0,0,0,0,0,0,0,0,0,0,0
10/20/2025 7:15,0,0,0,0,0,0,0,0,0,0,0,0,0,0,0,0,0,0,0,0,0
10/20/2025 7:16,0,0,0,0,0,0,0,0,0,0,0,0,0,0,0,0,0,0,0,0,0
10/20/2025 7:17,0,0,0,0,0,0,1,0,0,0,0,0,0,0,0,0,0,0,0,0,0
10/20/2025 7:18,0,0,0,0,0,0,2,0,0,0,0,0,0,0,0,0,0,0,0,0,0
10/20/2025 7:19,0,0,0,0,0,0,0,0,0,0,0,0,0,0,0,0,0,0,0,0,0
10/20/2025 7:20,0,0,0,0,0,0,0,0,0,0,0,0,0,0,0,0,0,0,0,0,0
10/20/2025 7:21,0,0,0,0,0,0,0,0,0,0,0,0,0,0,0,0,0,0,0,0,0
10/20/2025 7:22,0,0,0,0,0,0,0,0,0,0,0,0,0,0,0,0,0,0,0,0,0
10/20/2025 7:23,0,0,0,0,0,0,0,0,0,0,0,0,0,0,0,0,0,0,0,0,0
10/20/2025 7:24,0,0,0,0,0,0,0,0,0,0,0,0,0,0,0,0,0,0,0,0,0
10/20/2025 7:25,0,0,0,0,0,0,0,0,0,0,0,0,0,0,0,0,1,0,0,0,0
10/20/2025 7:26,0,0,0,0,0,0,0,0,0,0,0,0,0,0,0,0,0,0,0,0,0
10/20/2025 7:27,0,0,0,0,0,0,0,0,0,0,0,0,0,0,0,0,0,0,0,0,0
10/20/2025 7:28,0,0,0,0,0,0,0,0,0,0,0,0,0,0,0,0,0,0,0,0,0
10/20/2025 7:29,0,0,0,0,0,0,6,0,0,0,0,0,0,0,0,0,0,6,0,0,0
10/20/2025 7:30,0,0,0,0,0,0,0,0,0,0,0,0,0,0,0,0,0,0,0,0,0
10/20/2025 7:31,0,0,0,0,0,0,0,0,0,0,0,0,0,0,0,0,0,0,0,0,0
10/20/2025 7:32,0,0,0,0,0,0,0,0,0,0,0,0,0,0,0,0,0,0,0,0,0
10/20/2025 7:33,0,0,0,0,0,0,0,0,0,0,0,0,0,0,0,0,0,0,0,0,0
10/20/2025 7:34,0,0,0,0,0,0,0,0,0,0,0,0,0,0,0,0,0,0,0,0,0
10/20/2025 7:35,0,0,0,0,0,0,0,0,0,0,0,0,0,0,0,0,0,0,0,0,0
10/20/2025 7:36,0,0,0,0,0,0,0,0,0,0,0,0,0,0,0,0,0,0,0,0,0
10/20/2025 7:37,0,0,0,0,0,0,0,0,0,0,0,0,0,0,0,0,0,0,0,0,0
10/20/2025 7:38,0,0,0,0,0,0,0,0,0,0,0,0,0,0,0,0,0,0,0,0,0
10/20/2025 7:39,0,0,0,0,0,0,0,0,0,0,0,0,0,0,0,0,0,0,0,0,0
10/20/2025 7:40,0,0,0,0,0,0,0,0,0,0,0,0,0,0,0,0,0,0,0,0,0
10/20/2025 7:41,0,0,0,0,0,0,0,0,0,0,0,0,0,0,0,0,0,0,0,0,0
10/20/2025 7:42,0,0,0,0,0,0,0,0,0,0,0,0,0,0,0,0,0,0,0,0,0
10/20/2025 7:43,0,0,0,0,0,0,0,0,0,0,0,0,0,0,0,0,0,0,0,0,0
10/20/2025 7:44,0,0,0,0,0,0,0,0,0,0,0,0,0,0,1,0,0,0,0,0,0
10/20/2025 7:45,0,0,0,0,0,0,0,0,0,0,0,0,0,0,1,0,0,0,0,0,0
10/20/2025 7:46,0,0,0,0,0,0,0,0,0,0,0,0,0,0,0,0,0,0,0,0,0
10/20/2025 7:47,0,0,0,0,0,0,0,0,0,0,0,0,0,0,0,0,0,0,0,0,0
10/20/2025 7:48,0,0,0,0,0,0,0,0,0,0,0,0,0,0,0,0,0,0,0,0,0
10/20/2025 7:49,2,0,0,0,0,0,0,0,0,0,0,0,0,0,0,0,0,0,0,0,0
10/20/2025 7:50,0,0,0,0,0,0,0,0,0,0,0,0,0,0,0,0,0,0,0,0,0
10/20/2025 7:51,0,0,0,0,0,0,0,0,0,0,0,0,0,0,0,0,0,0,0,0,0
10/20/2025 7:52,0,0,0,0,0,0,0,0,0,0,0,2,0,0,0,0,0,0,0,0,0
10/20/2025 7:53,1,0,0,0,0,0,0,0,0,0,0,0,0,0,0,0,0,0,0,0,0
10/20/2025 7:54,0,0,0,0,0,0,0,0,0,0,0,0,0,0,0,0,11,0,0,0,0
10/20/2025 7:55,0,0,0,0,0,0,0,0,0,0,0,0,0,0,0,0,0,0,0,0,0
10/20/2025 7:56,0,0,0,0,0,0,0,0,0,0,0,0,0,0,0,0,0,0,0,0,0
10/20/2025 7:57,0,0,0,0,0,0,0,0,0,0,0,0,0,0,0,0,0,0,0,0,0
10/20/2025 7:58,0,0,0,0,0,0,0,0,0,0,0,0,0,0,0,0,0,0,0,0,0
10/20/2025 7:59,0,0,0,0,0,0,0,0,0,0,0,0,0,0,0,0,0,0,0,0,1
