id,species,key,variant,k1,k2,k3,k_geo,asym,phase_offset_h,k_bar,sigma_scale,sigma_asym,seed
0,L. cornutus,LC,fitted,0.1286846878838018,0.24124989677345351,0.13192010480969954,0.15999325196326442,0.5033111307295592,12.038714373652692,0.1596261237705778,0.0615822697116274,0.3055249108598246,20260910
1,L. cornutus,LC,fitted,0.12062227957493238,0.24385618557835798,0.12740752382800344,0.1553288503006317,0.5537555744945961,9.113281565023653,0.1596261237705778,0.0615822697116274,0.3055249108598246,20260910
2,L. cornutus,LC,fitted,0.17120964577042178,0.19244744152130505,0.17128660032032178,0.17804150361285073,0.09529351413450327,21.099102072552885,0.1596261237705778,0.0615822697116274,0.3055249108598246,20260910
3,L. cornutus,LC,fitted,0.1973564821558908,0.09384425959209633,0.20562751598240922,0.15616370791627684,0.6243989132577594,10.990998475598555,0.1596261237705778,0.0615822697116274,0.3055249108598246,20260910
4,L. cornutus,LC,fitted,0.16308146842141952,0.16762199564203042,0.15734777425458488,0.16262928079554353,0.044855675975687334,18.16673696935159,0.1596261237705778,0.0615822697116274,0.3055249108598246,20260910
5,L. cornutus,LC,fitted,0.1275257468819689,0.14305180582886676,0.19917462647792752,0.15373582303693992,0.32738271707316774,2.2275613243784864,0.1596261237705778,0.0615822697116274,0.3055249108598246,20260910
6,L. cornutus,LC,fitted,0.12592417006911852,0.18228821272269102,0.13495465470873427,0.14577571631541214,0.27810075701027576,9.200367419727215,0.1596261237705778,0.0615822697116274,0.3055249108598246,20260910
7,L. cornutus,LC,fitted,0.26064591103030066,0.14504609742418229,0.11516316527548474,0.16328897109050333,0.5955201876339317,21.808800633099427,0.1596261237705778,0.0615822697116274,0.3055249108598246,20260910
8,L. cornutus,LC,fitted,0.22818841374893423,0.160982067992827,0.11257739910947191,0.16051197337747808,0.4996054784373362,16.987282558661605,0.1596261237705778,0.0615822697116274,0.3055249108598246,20260910
9,L. cornutus,LC,fitted,0.1815063416336879,0.15387591834268982,0.15826714965562913,0.16411605946607394,0.12494663390899555,20.346546489184597,0.1596261237705778,0.0615822697116274,0.3055249108598246,20260910
10,L. cornutus,LC,fitted,0.15921504939397985,0.17993147478358676,0.12594065084799172,0.15337423031236525,0.25639046457842596,1.7269325587966051,0.1596261237705778,0.0615822697116274,0.3055249108598246,20260910
11,L. cornutus,LC,fitted,0.13003289900704465,0.16741401983762536,0.21028322876701522,0.16604146966434163,0.3400330048885831,14.348676016751647,0.1596261237705778,0.0615822697116274,0.3055249108598246,20260910
12,L. cornutus,LC,fitted,0.1947751018015364,0.13240475715664293,0.1655055424026588,0.16221207894159828,0.2740384463215215,14.57304358610585,0.1596261237705778,0.0615822697116274,0.3055249108598246,20260910
13,L. cornutus,LC,fitted,0.1913802164828857,0.1462206642358956,0.1769016904767222,0.1704299535642141,0.1957118598158143,12.99197898337923,0.1596261237705778,0.0615822697116274,0.3055249108598246,20260910
14,L. cornutus,LC,fitted,0.11027799667948766,0.1665897910373373,0.2028718098057198,0.1550432934025187,0.43991710103983894,13.613087481476814,0.1596261237705778,0.0615822697116274,0.3055249108598246,20260910
15,L. cornutus,LC,fitted,0.15604518631719227,0.205021616764793,0.14120668261616037,0.16531100268828572,0.2729738926973215,6.820550697150857,0.1596261237705778,0.0615822697116274,0.3055249108598246,20260910
16,L. cornutus,LC,fitted,0.15688790040612413,0.17190262323071628,0.16967247881621716,0.1660202715621654,0.069906538588386,18.59837500653862,0.1596261237705778,0.0615822697116274,0.3055249108598246,20260910
17,L. cornutus,LC,fitted,0.25719866374853917,0.1463784631832917,0.15122567987500746,0.17856259095185792,0.4475144572044501,14.283478093315395,0.1596261237705778,0.0615822697116274,0.3055249108598246,20260910
18,L. cornutus,LC,fitted,0.252039810567833,0.11837165339193671,0.11286263262080873,0.14988413925644792,0.63742129769642,4.868794917726957,0.1596261237705778,0.0615822697116274,0.3055249108598246,20260910
19,L. cornutus,LC,fitted,0.29148063000691676,0.1133060640587952,0.123420237261172,0.15974100411618244,0.7390628857113541,18.838355830649313,0.1596261237705778,0.0615822697116274,0.3055249108598246,20260910
20,L. cornutus,LC,fitted,0.1771454502931384,0.10517845118742306,0.18608402182729214,0.1513521585919652,0.4471040075067317,7.802939141692319,0.1596261237705778,0.0615822697116274,0.3055249108598246,20260910
21,L. cornutus,LC,fitted,0.13862347085785476,0.11069059996235896,0.19108296114525158,0.14312752373478493,0.3880393115507398,4.86404355734622,0.1596261237705778,0.0615822697116274,0.3055249108598246,20260910
22,L. cornutus,LC,fitted,0.18115756304176758,0.11704236897859178,0.22226468917755837,0.1676576400074417,0.4633035117439992,2.0435909217469668,0.1596261237705778,0.0615822697116274,0.3055249108598246,20260910
23,L. cornutus,LC,fitted,0.1434913108361255,0.15074314154313231,0.16161503154213896,0.15176849892725594,0.08451397645404855,21.323934993116854,0.1596261237705778,0.0615822697116274,0.3055249108598246,20260910
24,L. cornutus,LC,fitted,0.11431925204009746,0.2078087345759304,0.14224026189945913,0.1500612541530785,0.4276379770678446,1.101127568473867,0.1596261237705778,0.0615822697116274,0.3055249108598246,20260910
25,L. cornutus,LC,fitted,0.1445809507212073,0.15251259884576568,0.16164817084821076,0.1527551511099981,0.07892483164451314,3.4590230953826984,0.1596261237705778,0.0615822697116274,0.3055249108598246,20260910
26,L. cornutus,LC,fitted,0.2538243606103439,0.1238371126845002,0.11735569860642363,0.15451219680024655,0.6091132547995001,0.3142637720437724,0.1596261237705778,0.0615822697116274,0.3055249108598246,20260910
27,L. cornutus,LC,fitted,0.22929803450437203,0.1039184061399624,0.15024907507613716,0.15298007591846136,0.5600507308261423,21.72923626039418,0.1596261237705778,0.0615822697116274,0.3055249108598246,20260910
28,L. cornutus,LC,fitted,0.23355009491013015,0.14941065110952614,0.13726429770630388,0.16856719739892706,0.4038186018587089,23.816731993586647,0.1596261237705778,0.0615822697116274,0.3055249108598246,20260910
29,L. cornutus,LC,fitted,0.13124568412049617,0.2051529151158075,0.10231347848659804,0.14018402472281533,0.4985181855726346,18.734864574750862,0.1596261237705778,0.0615822697116274,0.3055249108598246,20260910
30,L. cornutus,LC,fitted,0.14229163839980993,0.24890233534940748,0.10970338234425837,0.15720853590392608,0.5920461564750166,22.23612006534016,0.1596261237705778,0.0615822697116274,0.3055249108598246,20260910
31,L. cornutus,LC,fitted,0.16825530380365963,0.1678098115531509,0.12466651697046086,0.152117313290778,0.2437433350848481,5.461190749962571,0.1596261237705778,0.0615822697116274,0.3055249108598246,20260910
32,L. cornutus,LC,fitted,0.18456230909999716,0.20900824069858043,0.12195219203170816,0.1675580684150085,0.3989195041053952,11.393949165224264,0.1596261237705778,0.0615822697116274,0.3055249108598246,20260910
33,L. cornutus,LC,fitted,0.12799370963115222,0.216548669173166,0.12742492754243742,0.1522881743211811,0.43117155829335985,22.229537781368734,0.1596261237705778,0.0615822697116274,0.3055249108598246,20260910
34,L. cornutus,LC,fitted,0.1555698118194616,0.16906652307370665,0.2314847112730691,0.18260041215614786,0.29642261752164734,13.234441987371873,0.1596261237705778,0.0615822697116274,0.3055249108598246,20260910
35,L. cornutus,LC,fitted,0.1616321601744728,0.17138022130498978,0.14113986985642485,0.1575358484806735,0.14082714392328324,19.768668763108664,0.1596261237705778,0.0615822697116274,0.3055249108598246,20260910
36,L. cornutus,LC,fitted,0.17692885456202212,0.20624929055941849,0.13782537914550944,0.17133264061522613,0.28773871891838276,6.756697707617557,0.1596261237705778,0.0615822697116274,0.3055249108598246,20260910
37,L. cornutus,LC,fitted,0.1209332858417381,0.12058267430911049,0.329210370544207,0.1686946944854669,0.8188748708622179,2.7643795685361,0.1596261237705778,0.0615822697116274,0.3055249108598246,20260910
38,L. cornutus,LC,fitted,0.25002597333309406,0.11493981667865068,0.12462363020552233,0.15299785478470226,0.6042355878179415,7.434458864689138,0.1596261237705778,0.0615822697116274,0.3055249108598246,20260910
39,L. cornutus,LC,fitted,0.14809799688960001,0.13967796236667296,0.24609659276860862,0.1720260531998059,0.4405032623479642,10.784855796355771,0.1596261237705778,0.0615822697116274,0.3055249108598246,20260910
40,L. cornutus,LC,fitted,0.17047725636736635,0.13477548436863512,0.20583344606459164,0.1678537692014046,0.3000311667012696,14.271249799037593,0.1596261237705778,0.0615822697116274,0.3055249108598246,20260910
41,L. cornutus,LC,fitted,0.18811790608654494,0.15500149429701424,0.18418601862500955,0.1751220747083852,0.15022268364242491,17.482635703581288,0.1596261237705778,0.0615822697116274,0.3055249108598246,20260910
42,L. cornutus,LC,fitted,0.1482684257910522,0.2001372376672997,0.1414007500299749,0.1612907384591233,0.26641262924663295,19.503823225818007,0.1596261237705778,0.0615822697116274,0.3055249108598246,20260910
43,L. cornutus,LC,fitted,0.2272231238863218,0.24974414547222604,0.0977494140388602,0.17701932011326768,0.7303802231985697,3.25439554208085,0.1596261237705778,0.0615822697116274,0.3055249108598246,20260910
44,L. cornutus,LC,fitted,0.11035272673881369,0.2072021663081952,0.205312309003563,0.16744188939185234,0.5107040089297541,4.438673872707114,0.1596261237705778,0.0615822697116274,0.3055249108598246,20260910
45,L. cornutus,LC,fitted,0.14487341999429512,0.12689932663690776,0.20302850216037194,0.15512019675318767,0.3426851240773472,5.9098866645601875,0.1596261237705778,0.0615822697116274,0.3055249108598246,20260910
46,L. cornutus,LC,fitted,0.15823893915467932,0.1382557505640456,0.1865458476163023,0.159806356936358,0.21217295698431377,0.4630972973584564,0.1596261237705778,0.0615822697116274,0.3055249108598246,20260910
47,L. cornutus,LC,fitted,0.09762647143085355,0.25262063230235837,0.172934287793365,0.16217074308865626,0.6768662081415099,4.80363444954072,0.1596261237705778,0.0615822697116274,0.3055249108598246,20260910
48,L. cornutus,LC,fitted,0.15346755498742456,0.15950317872392553,0.19586798806578515,0.16862286332695184,0.18545456125194476,0.8574136037115601,0.1596261237705778,0.0615822697116274,0.3055249108598246,20260910
49,L. cornutus,LC,fitted,0.1482904227167336,0.1559667668698438,0.1610754450406701,0.15502134628541084,0.05895008676303866,3.262802560554084,0.1596261237705778,0.0615822697116274,0.3055249108598246,20260910
50,L. cornutus,LC,fitted,0.14686702302519902,0.21170991521100294,0.1544643207621314,0.1687192189895646,0.2802722012939238,5.74178177108663,0.1596261237705778,0.0615822697116274,0.3055249108598246,20260910
51,L. cornutus,LC,fitted,0.22074114457085592,0.12304665921890698,0.1408415514126201,0.15639683947398667,0.43271220352716083,13.572530778766168,0.1596261237705778,0.0615822697116274,0.3055249108598246,20260910
52,L. cornutus,LC,fitted,0.15181685892067992,0.18969662169271426,0.15035808106515597,0.16299293904194037,0.18594267826209726,16.568864927589566,0.1596261237705778,0.0615822697116274,0.3055249108598246,20260910
53,L. cornutus,LC,fitted,0.23200965050144504,0.14055715957722556,0.10066034011721912,0.1486183624934758,0.5943905556851542,4.117776080677116,0.1596261237705778,0.0615822697116274,0.3055249108598246,20260910
54,L. cornutus,LC,fitted,0.1803257814300067,0.13216485494762253,0.169816801621,0.15936201821471752,0.2330842325765294,10.94671845778749,0.1596261237705778,0.0615822697116274,0.3055249108598246,20260910
55,L. cornutus,LC,fitted,0.1483699370730558,0.18398305323065164,0.13770426068463715,0.1554856704743333,0.21275557034255735,20.808038479604335,0.1596261237705778,0.0615822697116274,0.3055249108598246,20260910
56,L. cornutus,LC,fitted,0.19348660935837583,0.2327759614398808,0.108647140733184,0.16977319229907276,0.5620865615020783,6.793199829191849,0.1596261237705778,0.0615822697116274,0.3055249108598246,20260910
57,L. cornutus,LC,fitted,0.20383541954334933,0.1243533026729668,0.18822388107300572,0.16834642568408825,0.3752260262309429,7.165993390393561,0.1596261237705778,0.0615822697116274,0.3055249108598246,20260910
58,L. cornutus,LC,fitted,0.15121921535230715,0.17891945536784307,0.1342533640478171,0.1537198344931139,0.20407697233481528,3.7896225713489002,0.1596261237705778,0.0615822697116274,0.3055249108598246,20260910
59,L. cornutus,LC,fitted,0.17922433384693856,0.17104089284795373,0.10081224105251384,0.14565880176505835,0.45192474507570307,1.2961154383497204,0.1596261237705778,0.0615822697116274,0.3055249108598246,20260910
60,L. cornutus,LC,fitted,0.14404314076604427,0.16681632641509833,0.14001185481942005,0.14984145498248103,0.1329580059810527,17.597367393568607,0.1596261237705778,0.0615822697116274,0.3055249108598246,20260910
61,L. cornutus,LC,fitted,0.1552500980942201,0.15423502724209853,0.18689579436545087,0.1647927655671446,0.15421921507457104,17.688642669875158,0.1596261237705778,0.0615822697116274,0.3055249108598246,20260910
62,L. cornutus,LC,fitted,0.2532419433865043,0.17634907401767835,0.0936974573834846,0.16114328362068361,0.7116790085618355,13.987041150336669,0.1596261237705778,0.0615822697116274,0.3055249108598246,20260910
63,L. cornutus,LC,fitted,0.12001854148837116,0.17978874407658452,0.15985651959714392,0.15109394672373544,0.2939902213612826,1.8867168202383002,0.1596261237705778,0.0615822697116274,0.3055249108598246,20260910
64,L. cornutus,LC,fitted,0.19282573605469872,0.14750125866584032,0.17262903590019707,0.16996448776226566,0.19042478951907674,23.40084153715016,0.1596261237705778,0.0615822697116274,0.3055249108598246,20260910
65,L. cornutus,LC,fitted,0.1981225081584674,0.12749866156102668,0.15705236485630375,0.15830500328833827,0.31183014567919465,20.850999573138846,0.1596261237705778,0.0615822697116274,0.3055249108598246,20260910
66,L. cornutus,LC,fitted,0.1326297078142606,0.16230301142629533,0.18255380434774984,0.1578045155226327,0.22851708160245615,0.7499720843469282,0.1596261237705778,0.0615822697116274,0.3055249108598246,20260910
67,L. cornutus,LC,fitted,0.1283436459510436,0.19093272968376207,0.14805477078920923,0.15365937182576883,0.2845323383036964,14.531070359412523,0.1596261237705778,0.0615822697116274,0.3055249108598246,20260910
68,L. cornutus,LC,fitted,0.14496446971490246,0.17916824558141958,0.22184873838021577,0.1792778045687246,0.3008798979821474,21.735711990082134,0.1596261237705778,0.0615822697116274,0.3055249108598246,20260910
69,L. cornutus,LC,fitted,0.16576506623222984,0.10598514913500677,0.2167378240694448,0.15615560546709292,0.511116908395197,21.131829632912428,0.1596261237705778,0.0615822697116274,0.3055249108598246,20260910
70,L. cornutus,LC,fitted,0.1253408559970156,0.22880580075763055,0.15072202690348846,0.16289664420615366,0.4360672998834839,22.05632069744471,0.1596261237705778,0.0615822697116274,0.3055249108598246,20260910
71,L. cornutus,LC,fitted,0.11273837936700855,0.16511945145206783,0.21432900327402535,0.1586050421364546,0.45694246156061424,4.481230076760404,0.1596261237705778,0.0615822697116274,0.3055249108598246,20260910
72,L. cornutus,LC,fitted,0.19412396776810253,0.09969418597484808,0.19598028542222753,0.15595062715926977,0.5480314953322282,18.82295721165761,0.1596261237705778,0.0615822697116274,0.3055249108598246,20260910
73,L. cornutus,LC,fitted,0.1482723339091369,0.17538567588451315,0.15176508857610405,0.1580309101628751,0.1286720693876573,12.420964974705484,0.1596261237705778,0.0615822697116274,0.3055249108598246,20260910
74,L. cornutus,LC,fitted,0.21112310117326463,0.14014666350589666,0.20008155017371182,0.18090136936244056,0.314930360883373,13.235170157262093,0.1596261237705778,0.0615822697116274,0.3055249108598246,20260910
75,L. cornutus,LC,fitted,0.1637998955067405,0.16239872512240522,0.1822707423719718,0.16925352905320046,0.09095107435746123,7.03902843470625,0.1596261237705778,0.0615822697116274,0.3055249108598246,20260910
76,L. cornutus,LC,fitted,0.15440995418576045,0.18002018766452374,0.12485122923897857,0.15140135974539384,0.2598827637621079,9.273522364596403,0.1596261237705778,0.0615822697116274,0.3055249108598246,20260910
77,L. cornutus,LC,fitted,0.10489874544154976,0.17937962474805774,0.17129409943052246,0.14771636187229958,0.4204948701597261,18.9071423514505,0.1596261237705778,0.0615822697116274,0.3055249108598246,20260910
78,L. cornutus,LC,fitted,0.1323486638564301,0.159843509063737,0.19811132309515425,0.16122830499670937,0.2854348785823486,22.25739489416294,0.1596261237705778,0.0615822697116274,0.3055249108598246,20260910
79,L. cornutus,LC,fitted,0.11287367926811503,0.12678773323979614,0.18642546718935477,0.13869422764127765,0.37143942530800556,2.3378466383421745,0.1596261237705778,0.0615822697116274,0.3055249108598246,20260910
80,L. cornutus,LC,fitted,0.180361149181336,0.2088080522508159,0.12583335865221418,0.16796882141231248,0.368578095399913,9.840915274180919,0.1596261237705778,0.0615822697116274,0.3055249108598246,20260910
81,L. cornutus,LC,fitted,0.1163342807206378,0.25188104259589233,0.12807703227682635,0.15540255292511265,0.5953717488589978,19.320491550987047,0.1596261237705778,0.0615822697116274,0.3055249108598246,20260910
82,L. cornutus,LC,fitted,0.1727350532230546,0.21402114869926553,0.14990467447553502,0.17696366934691696,0.2535196239376382,21.352110089187093,0.1596261237705778,0.0615822697116274,0.3055249108598246,20260910
83,L. cornutus,LC,fitted,0.20012455787929997,0.13487894424959146,0.1452101973544305,0.15766932910894638,0.29665467680650376,7.401568690464076,0.1596261237705778,0.0615822697116274,0.3055249108598246,20260910
84,L. cornutus,LC,fitted,0.14435061308228264,0.17675524978707025,0.14950999509124563,0.1562501323405746,0.153048641482011,7.507795183698411,0.1596261237705778,0.0615822697116274,0.3055249108598246,20260910
85,L. cornutus,LC,fitted,0.16870055937460737,0.10395181755850004,0.21225606688934634,0.154977829463149,0.5153637840673257,6.719147107357287,0.1596261237705778,0.0615822697116274,0.3055249108598246,20260910
86,L. cornutus,LC,fitted,0.22356917852531494,0.20858464100890836,0.11261753493622129,0.17382013841503416,0.5338270330678582,22.815248741314882,0.1596261237705778,0.0615822697116274,0.3055249108598246,20260910
87,L. cornutus,LC,fitted,0.1934549219607128,0.17981754562587957,0.12880010965190972,0.1648577471286878,0.3066807269145554,19.564763883663097,0.1596261237705778,0.0615822697116274,0.3055249108598246,20260910
88,L. cornutus,LC,fitted,0.14718028648343098,0.16275035690889522,0.2398138481022505,0.17909437696501712,0.36456597142658753,10.542179809829257,0.1596261237705778,0.0615822697116274,0.3055249108598246,20260910
89,L. cornutus,LC,fitted,0.16418131512246795,0.15160286840188744,0.12859745099827077,0.14737410125555814,0.17617585858502455,3.1740356932654787,0.1596261237705778,0.0615822697116274,0.3055249108598246,20260910
90,L. cornutus,LC,fitted,0.13450981934643427,0.1755833870073377,0.144887753967812,0.15069182663312292,0.19447119990559317,2.714738493924753,0.1596261237705778,0.0615822697116274,0.3055249108598246,20260910
91,L. cornutus,LC,fitted,0.14799934728789546,0.10335052467997052,0.25064361208817726,0.15651034261505253,0.6301619254126362,15.01398782623787,0.1596261237705778,0.0615822697116274,0.3055249108598246,20260910
92,L. cornutus,LC,fitted,0.19945050104534695,0.19632664822991636,0.11832957059481626,0.1667129068784863,0.4199903081001335,13.487474363975434,0.1596261237705778,0.0615822697116274,0.3055249108598246,20260910
93,L. cornutus,LC,fitted,0.16834076534057624,0.18772583641291393,0.10422850823095692,0.1487875602368725,0.4426883803618209,10.851281866035627,0.1596261237705778,0.0615822697116274,0.3055249108598246,20260910
94,L. cornutus,LC,fitted,0.12221823389297491,0.17595408535268467,0.2243652941859648,0.168978070173885,0.4323922259939833,9.44488088973969,0.1596261237705778,0.0615822697116274,0.3055249108598246,20260910
95,L. cornutus,LC,fitted,0.10696964195202853,0.23156186111830898,0.1557306177430224,0.15683170357155632,0.5461681390639717,8.642258081362588,0.1596261237705778,0.0615822697116274,0.3055249108598246,20260910
96,L. cornutus,LC,fitted,0.1377025647073981,0.20066400481538868,0.13530782421795276,0.15520705975949747,0.3148468993545175,11.36636907974868,0.1596261237705778,0.0615822697116274,0.3055249108598246,20260910
97,L. cornutus,LC,fitted,0.163540246949281,0.2006757751116507,0.15183731696892697,0.17080452545210092,0.20425600684276943,3.961468506963576,0.1596261237705778,0.0615822697116274,0.3055249108598246,20260910
98,L. cornutus,LC,fitted,0.15229100089351735,0.16595408797743058,0.1631581370308409,0.1603578819145105,0.06434671710909454,19.7468949224155,0.1596261237705778,0.0615822697116274,0.3055249108598246,20260910
99,L. cornutus,LC,fitted,0.1520650830726818,0.23951300768403877,0.13104463808232786,0.1683678972061705,0.4443022465785015,7.090991385761876,0.1596261237705778,0.0615822697116274,0.3055249108598246,20260910
100,L. cornutus,LC,fitted,0.12559023188088264,0.1992392264107576,0.17232439205107156,0.16276429997537828,0.3337201512964403,8.634356471255465,0.1596261237705778,0.0615822697116274,0.3055249108598246,20260910
101,L. cornutus,LC,fitted,0.1304348667183054,0.20976624432258037,0.22064191133408131,0.18208427340097183,0.41012994856681867,0.08576925565718163,0.1596261237705778,0.0615822697116274,0.3055249108598246,20260910
102,L. cornutus,LC,fitted,0.15531089960253452,0.1292192490442156,0.16674765071173514,0.14957635898041988,0.1860865994056891,10.553302319707427,0.1596261237705778,0.0615822697116274,0.3055249108598246,20260910
103,L. cornutus,LC,fitted,0.1350627666808183,0.1618439921732342,0.20694336060075155,0.16538441214276253,0.302888125513904,10.912350666604826,0.1596261237705778,0.0615822697116274,0.3055249108598246,20260910
104,L. cornutus,LC,fitted,0.176620454837077,0.17513816970684945,0.14223364327770996,0.1638606651286185,0.17345938438433361,1.6125091076572593,0.1596261237705778,0.0615822697116274,0.3055249108598246,20260910
105,L. cornutus,LC,fitted,0.1346328759332264,0.2053563790693501,0.16386988082049528,0.16547008359434653,0.2987742842665009,6.307510253291179,0.1596261237705778,0.0615822697116274,0.3055249108598246,20260910
106,L. cornutus,LC,fitted,0.19159053413330102,0.14752799669169303,0.15291116932607832,0.1628905542007319,0.20036307489592417,21.220884046242293,0.1596261237705778,0.0615822697116274,0.3055249108598246,20260910
107,L. cornutus,LC,fitted,0.13715514474804405,0.1149723137121369,0.2234981073413709,0.1521807574050167,0.4869611025401485,16.63617625164099,0.1596261237705778,0.0615822697116274,0.3055249108598246,20260910
108,L. cornutus,LC,fitted,0.18216676650510294,0.15147724401904794,0.16064067647778682,0.16426965925831877,0.1332903663568984,19.73164376258351,0.1596261237705778,0.0615822697116274,0.3055249108598246,20260910
109,L. cornutus,LC,fitted,0.17801236525743713,0.15097147119623106,0.12563791774951008,0.1500221076891222,0.24651169008671772,23.599364585761226,0.1596261237705778,0.0615822697116274,0.3055249108598246,20260910
110,L. cornutus,LC,fitted,0.22194407437365113,0.10274131715534122,0.13371924913378508,0.14500874846174344,0.5535942643344344,7.128426028324755,0.1596261237705778,0.0615822697116274,0.3055249108598246,20260910
111,L. cornutus,LC,fitted,0.18152813853639913,0.12114451066738169,0.24633639414810177,0.17562732695334418,0.5034729592498702,4.268944204143646,0.1596261237705778,0.0615822697116274,0.3055249108598246,20260910
112,L. cornutus,LC,fitted,0.14910051893479853,0.15765251365868344,0.1974515167495076,0.16680670728780028,0.2102932596707282,23.609265565496692,0.1596261237705778,0.0615822697116274,0.3055249108598246,20260910
113,L. cornutus,LC,fitted,0.16623597009381394,0.11236772820484338,0.14848218002931754,0.14050129031571437,0.2850722299556943,9.2155034501362,0.1596261237705778,0.0615822697116274,0.3055249108598246,20260910
114,L. cornutus,LC,fitted,0.22745107855949662,0.14066792667265837,0.130662550086077,0.1610935203831983,0.42568521213057775,5.133073280671929,0.1596261237705778,0.0615822697116274,0.3055249108598246,20260910
115,L. cornutus,LC,fitted,0.13333248246977034,0.1582331982297682,0.14992866200150312,0.14679324763802676,0.12380964931228802,17.04163866518223,0.1596261237705778,0.0615822697116274,0.3055249108598246,20260910
116,L. cornutus,LC,fitted,0.18469317853367345,0.2305463695240098,0.09752749637287736,0.16073559896262685,0.6316864049875895,18.45143425871295,0.1596261237705778,0.0615822697116274,0.3055249108598246,20260910
117,L. cornutus,LC,fitted,0.12272918426689086,0.1521810311534827,0.2142731381746869,0.1587664375668049,0.39745147456181684,14.347392617391662,0.1596261237705778,0.0615822697116274,0.3055249108598246,20260910
118,L. cornutus,LC,fitted,0.20171622947414033,0.20625720509992093,0.11964930682696033,0.170747119427561,0.4358264450227547,19.636175280850846,0.1596261237705778,0.0615822697116274,0.3055249108598246,20260910
119,L. cornutus,LC,fitted,0.15362833477426197,0.22470736821840973,0.16266645682900582,0.17774424490656332,0.2899766550200219,9.983793461777445,0.1596261237705778,0.0615822697116274,0.3055249108598246,20260910
120,L. cornutus,LC,fitted,0.15789541818604869,0.14193714816688577,0.13347838217624994,0.1440872366279389,0.12020792125489603,20.688946387132724,0.1596261237705778,0.0615822697116274,0.3055249108598246,20260910
121,L. cornutus,LC,fitted,0.27333510099216834,0.14877880611276031,0.13979165244162947,0.17847301953125758,0.5239168622593854,5.110679321563542,0.1596261237705778,0.0615822697116274,0.3055249108598246,20260910
122,L. cornutus,LC,fitted,0.160834624916993,0.161785606078174,0.13299721184293872,0.15125880178611512,0.15763585603180616,21.515187956729672,0.1596261237705778,0.0615822697116274,0.3055249108598246,20260910
123,L. cornutus,LC,fitted,0.1852088187032603,0.121687099942546,0.16277621645949766,0.15422888450775277,0.3042647756577836,16.675815122349753,0.1596261237705778,0.0615822697116274,0.3055249108598246,20260910
124,L. cornutus,LC,fitted,0.21967519749702835,0.19220642422456938,0.1500519896742272,0.18503912286253765,0.27351584627766373,22.328726396139643,0.1596261237705778,0.0615822697116274,0.3055249108598246,20260910
125,L. cornutus,LC,fitted,0.1261849752003159,0.14380439389814473,0.180342944706969,0.1484657647892221,0.2555205042330337,11.732086335008164,0.1596261237705778,0.0615822697116274,0.3055249108598246,20260910
126,L. cornutus,LC,fitted,0.13585936878948704,0.19579832576455064,0.10771932782800035,0.14203566219965608,0.42602984686237433,20.57688015410244,0.1596261237705778,0.0615822697116274,0.3055249108598246,20260910
127,L. cornutus,LC,fitted,0.11393514175895259,0.1464219561286401,0.2172473063754183,0.1536052645554493,0.4601258417154316,22.583825296682395,0.1596261237705778,0.0615822697116274,0.3055249108598246,20260910
128,L. cornutus,LC,fitted,0.17187021190066534,0.12526176696273741,0.20666846946048448,0.1644742026803913,0.35813056635565665,5.586887830527832,0.1596261237705778,0.0615822697116274,0.3055249108598246,20260910
129,L. cornutus,LC,fitted,0.14500877554033223,0.18814271387707707,0.15075886504463057,0.1602217667319102,0.1986575975493211,22.466797702069,0.1596261237705778,0.0615822697116274,0.3055249108598246,20260910
130,L. cornutus,LC,fitted,0.2842421370000396,0.14610633482575555,0.13138700878439433,0.17605024905082428,0.5915076622157281,2.5016710035973286,0.1596261237705778,0.0615822697116274,0.3055249108598246,20260910
131,L. cornutus,LC,fitted,0.12907469247660136,0.19231871807408527,0.19476763395798818,0.16909333159179554,0.3308750686420695,22.176272936961816,0.1596261237705778,0.0615822697116274,0.3055249108598246,20260910
132,L. cornutus,LC,fitted,0.17827544049328847,0.13270912044362734,0.15404424778680453,0.1538907767131737,0.2087203523668851,15.832755428170117,0.1596261237705778,0.0615822697116274,0.3055249108598246,20260910
133,L. cornutus,LC,fitted,0.15843345987190938,0.2085038727644007,0.14467621003160794,0.16844290339441095,0.2690908098881399,7.842254639320408,0.1596261237705778,0.0615822697116274,0.3055249108598246,20260910
134,L. cornutus,LC,fitted,0.1120403909524894,0.1895931395869683,0.19017081475218456,0.15926256294631894,0.43074170069349393,19.645018578288425,0.1596261237705778,0.0615822697116274,0.3055249108598246,20260910
135,L. cornutus,LC,fitted,0.19929225257944044,0.11480173352929773,0.15234690438387427,0.15162035134123839,0.3900598393601686,21.90204663868046,0.1596261237705778,0.0615822697116274,0.3055249108598246,20260910
136,L. cornutus,LC,fitted,0.12503828030921751,0.14381452549274812,0.2195202882952897,0.1580423467036598,0.41440979959462426,3.4314763207798844,0.1596261237705778,0.0615822697116274,0.3055249108598246,20260910
137,L. cornutus,LC,fitted,0.24944264674015992,0.10588689140132244,0.1485395121809302,0.15771934542346444,0.6103247860052546,16.744683117890318,0.1596261237705778,0.0615822697116274,0.3055249108598246,20260910
138,L. cornutus,LC,fitted,0.09986910584965916,0.21738039296962472,0.17985440549305115,0.1574674774756799,0.5735699265577628,20.819563139554838,0.1596261237705778,0.0615822697116274,0.3055249108598246,20260910
139,L. cornutus,LC,fitted,0.11750308464519786,0.19544976336871492,0.16829915326429712,0.15693583262110083,0.3698496255368256,16.171089409375146,0.1596261237705778,0.0615822697116274,0.3055249108598246,20260910
140,L. cornutus,LC,fitted,0.16660850708719752,0.16950408734088832,0.16745312117697975,0.16785084486153573,0.012525277884239952,9.181045185896942,0.1596261237705778,0.0615822697116274,0.3055249108598246,20260910
141,L. cornutus,LC,fitted,0.207159001769323,0.16455981124954205,0.10629115419031188,0.1535942311722359,0.47935464326124194,22.16153120585986,0.1596261237705778,0.0615822697116274,0.3055249108598246,20260910
142,L. cornutus,LC,fitted,0.23382504555062888,0.1886294376573648,0.08942090594623349,0.1579961560816171,0.7134968289580013,9.963722878444443,0.1596261237705778,0.0615822697116274,0.3055249108598246,20260910
143,L. cornutus,LC,fitted,0.21746541662322408,0.18026239188306242,0.10993154446157127,0.16273184688440034,0.49838445907583195,21.653684844622735,0.1596261237705778,0.0615822697116274,0.3055249108598246,20260910
144,L. cornutus,LC,fitted,0.1662503024987708,0.13036975615969779,0.2089601571011795,0.1654503135383354,0.3336432988362387,11.460845016681699,0.1596261237705778,0.0615822697116274,0.3055249108598246,20260910
145,L. cornutus,LC,fitted,0.17225459365513485,0.15449481600137796,0.20691474785782638,0.17658699790838372,0.20880680234339907,4.094145246107674,0.1596261237705778,0.0615822697116274,0.3055249108598246,20260910
146,L. cornutus,LC,fitted,0.14880664075379046,0.13258447906653656,0.2262135034785846,0.16464346916403333,0.3975660649348216,17.1675283830728,0.1596261237705778,0.0615822697116274,0.3055249108598246,20260910
147,L. cornutus,LC,fitted,0.2786531217007076,0.12813747461723268,0.12041853261214203,0.16260895842037829,0.6611326754556918,16.62699555976072,0.1596261237705778,0.0615822697116274,0.3055249108598246,20260910
148,L. cornutus,LC,fitted,0.1959828985769036,0.1965640627457289,0.12560318763519698,0.16913792017798493,0.3644739758701808,16.75875895971286,0.1596261237705778,0.0615822697116274,0.3055249108598246,20260910
149,L. cornutus,LC,fitted,0.10659386795074133,0.20443339711289127,0.17601997366086405,0.15653639921896503,0.48237264885542686,16.18532819502251,0.1596261237705778,0.0615822697116274,0.3055249108598246,20260910
150,L. cornutus,LC,fitted,0.1892123112595662,0.13760385998556462,0.17660861084359522,0.1662891680873009,0.23697182579214737,5.810656299074153,0.1596261237705778,0.0615822697116274,0.3055249108598246,20260910
151,L. cornutus,LC,fitted,0.12196162340706926,0.22675171768067215,0.14187668379119617,0.15772296655521484,0.45728436160154246,5.163969619263851,0.1596261237705778,0.0615822697116274,0.3055249108598246,20260910
152,L. cornutus,LC,fitted,0.16074755772146784,0.20316336113663072,0.11915432682163447,0.1572895475956989,0.3782446240479382,11.565553547824795,0.1596261237705778,0.0615822697116274,0.3055249108598246,20260910
153,L. cornutus,LC,fitted,0.19027042040096492,0.1537736567880952,0.1483655638735289,0.16312809972475992,0.19019356911925736,20.337584560504027,0.1596261237705778,0.0615822697116274,0.3055249108598246,20260910
154,L. cornutus,LC,fitted,0.21593182773428668,0.17818295316015673,0.1417289125920201,0.1760139500988716,0.29810252621282723,1.044541544093419,0.1596261237705778,0.0615822697116274,0.3055249108598246,20260910
155,L. cornutus,LC,fitted,0.176648500341514,0.13493122683747982,0.1307568733487565,0.14607043313443663,0.23384904924726369,5.29058169342849,0.1596261237705778,0.0615822697116274,0.3055249108598246,20260910
156,L. cornutus,LC,fitted,0.15900494503457724,0.19632148289314963,0.1404721512745198,0.16367771874850615,0.2393433533386625,10.919465174505364,0.1596261237705778,0.0615822697116274,0.3055249108598246,20260910
157,L. cornutus,LC,fitted,0.2344583252246325,0.09957515543311196,0.20711817511592537,0.1691005242934278,0.6544998672616895,18.60071600163763,0.1596261237705778,0.0615822697116274,0.3055249108598246,20260910
158,L. cornutus,LC,fitted,0.14949986037081245,0.14687841771525015,0.1892899238380746,0.16078372631245386,0.20029345949992078,5.052338799338201,0.1596261237705778,0.0615822697116274,0.3055249108598246,20260910
159,L. cornutus,LC,fitted,0.17679939008780793,0.14296586885292928,0.15639515399862067,0.15811708801360203,0.15079393212118636,3.7585211217622563,0.1596261237705778,0.0615822697116274,0.3055249108598246,20260910
160,L. cornutus,LC,fitted,0.1348005253382816,0.1439681927310155,0.14435918059877287,0.14097242871401316,0.05486319365578867,23.718403754631648,0.1596261237705778,0.0615822697116274,0.3055249108598246,20260910
161,L. cornutus,LC,fitted,0.15075367391038852,0.09034817566148907,0.2350766404913699,0.14738917546836916,0.6767291581580166,14.50591881982239,0.1596261237705778,0.0615822697116274,0.3055249108598246,20260910
162,L. cornutus,LC,fitted,0.17898146495732398,0.12914667610393155,0.1353944780332151,0.1462729705586041,0.24941034262667985,18.09546843147653,0.1596261237705778,0.0615822697116274,0.3055249108598246,20260910
163,L. cornutus,LC,fitted,0.15752038054959278,0.10236903092723955,0.21808626186740454,0.15207035191196064,0.5365254003735949,16.51761391014069,0.1596261237705778,0.0615822697116274,0.3055249108598246,20260910
164,L. cornutus,LC,fitted,0.1126316018051541,0.24103535915104335,0.09553769245826309,0.13739531422103257,0.6981762060591375,9.44495305571124,0.1596261237705778,0.0615822697116274,0.3055249108598246,20260910
165,L. cornutus,LC,fitted,0.12501001794063682,0.13685092783320518,0.23286889879045777,0.15852631012598944,0.4753092257817097,21.496037087154836,0.1596261237705778,0.0615822697116274,0.3055249108598246,20260910
166,L. cornutus,LC,fitted,0.14727262442152428,0.15475720935115786,0.16008841846402888,0.1539492615295484,0.059348833428253915,10.703816564209259,0.1596261237705778,0.0615822697116274,0.3055249108598246,20260910
167,L. cornutus,LC,fitted,0.20347048009505347,0.16740471947378605,0.16301903530647477,0.17707984861275514,0.17117419891678626,14.136270396515474,0.1596261237705778,0.0615822697116274,0.3055249108598246,20260910
168,L. cornutus,LC,fitted,0.1900371298801673,0.11258902376356601,0.15546739614583654,0.14927644378459987,0.3734837434256983,4.110095462874467,0.1596261237705778,0.0615822697116274,0.3055249108598246,20260910
169,L. cornutus,LC,fitted,0.18333232363157037,0.19072537016443952,0.12813429225367673,0.1648558240609422,0.30988989202343004,21.550544069701104,0.1596261237705778,0.0615822697116274,0.3055249108598246,20260910
170,L. cornutus,LC,fitted,0.2157549977545262,0.12794751178976865,0.14332114394797701,0.15816157884161516,0.38868672634087,18.069645453427928,0.1596261237705778,0.0615822697116274,0.3055249108598246,20260910
171,L. cornutus,LC,fitted,0.22140123680099907,0.17274827315452204,0.10839321848816914,0.1606442886304242,0.512800377020096,16.74476707583126,0.1596261237705778,0.0615822697116274,0.3055249108598246,20260910
172,L. cornutus,LC,fitted,0.21139901121415192,0.1603523517416142,0.12436710760932283,0.16154540389700406,0.3752368188612623,11.088904974462903,0.1596261237705778,0.0615822697116274,0.3055249108598246,20260910
173,L. cornutus,LC,fitted,0.2104252393283714,0.1825842067805577,0.14346315283906735,0.17664464241918895,0.27387054415882844,10.409466727486329,0.1596261237705778,0.0615822697116274,0.3055249108598246,20260910
174,L. cornutus,LC,fitted,0.13114307860524918,0.171828035409542,0.14581364327243193,0.14866629565596867,0.19253184716713193,14.036222871947889,0.1596261237705778,0.0615822697116274,0.3055249108598246,20260910
175,L. cornutus,LC,fitted,0.14558270856609368,0.1644224134830348,0.18650271969850063,0.1646589447219518,0.17516022554296432,13.208794311081757,0.1596261237705778,0.0615822697116274,0.3055249108598246,20260910
176,L. cornutus,LC,fitted,0.12853471194600596,0.2221149670246959,0.12617762207067426,0.1532946025366963,0.45436499906903,9.301792964628067,0.1596261237705778,0.0615822697116274,0.3055249108598246,20260910
177,L. cornutus,LC,fitted,0.1289365701420539,0.16229447019673454,0.19772256217166123,0.16053831061373938,0.30261296290694856,1.84471671244727,0.1596261237705778,0.0615822697116274,0.3055249108598246,20260910
178,L. cornutus,LC,fitted,0.17597687527374287,0.12470141643766379,0.202674276574733,0.16445302760037736,0.3533016702956932,6.230548334587622,0.1596261237705778,0.0615822697116274,0.3055249108598246,20260910
179,L. cornutus,LC,fitted,0.16040993529866548,0.1750149363323183,0.23413852617658532,0.18732385474132446,0.28007065078145005,22.852348940285687,0.1596261237705778,0.0615822697116274,0.3055249108598246,20260910
180,L. cornutus,LC,fitted,0.13353346463825969,0.1904651334442144,0.08867621572638261,0.13114072630435428,0.5410205812618615,14.14338321923398,0.1596261237705778,0.0615822697116274,0.3055249108598246,20260910
181,L. cornutus,LC,fitted,0.1415734254095747,0.12275269366142594,0.20040987096234597,0.15158071797821232,0.35656954049540934,19.376022317909026,0.1596261237705778,0.0615822697116274,0.3055249108598246,20260910
182,L. cornutus,LC,fitted,0.1847753595019012,0.17505724484798013,0.15165762959704707,0.16991411959036545,0.1443605938689476,10.666285417506469,0.1596261237705778,0.0615822697116274,0.3055249108598246,20260910
183,L. cornutus,LC,fitted,0.13167788955259008,0.1323769453825857,0.17897558170481498,0.14611887903091153,0.2484418074456363,14.249623553074425,0.1596261237705778,0.0615822697116274,0.3055249108598246,20260910
184,L. cornutus,LC,fitted,0.11398920918279223,0.2720907210797185,0.1323828666925475,0.16012891139571847,0.6578661663544693,3.5464106635115336,0.1596261237705778,0.0615822697116274,0.3055249108598246,20260910
185,L. cornutus,LC,fitted,0.18406274309721415,0.1070853662366936,0.201093177673101,0.15825755473639544,0.48245721136107295,6.532832215794605,0.1596261237705778,0.0615822697116274,0.3055249108598246,20260910
186,L. cornutus,LC,fitted,0.15860280392057127,0.11223461676180191,0.1939690302856215,0.15114369243927564,0.39133600200191127,22.528993511948457,0.1596261237705778,0.0615822697116274,0.3055249108598246,20260910
187,L. cornutus,LC,fitted,0.14363883720682277,0.15345310846017657,0.19480315592075778,0.16253535836141705,0.2266643072204809,11.197460003592802,0.1596261237705778,0.0615822697116274,0.3055249108598246,20260910
188,L. cornutus,LC,fitted,0.1268452254537556,0.3081200713765575,0.1370597302094856,0.17497177425960103,0.6952005305045303,9.274963357900582,0.1596261237705778,0.0615822697116274,0.3055249108598246,20260910
189,L. cornutus,LC,fitted,0.1287652366087883,0.1375424034467576,0.18345017698327964,0.14811002597535305,0.2661958604844966,13.366792931697631,0.1596261237705778,0.0615822697116274,0.3055249108598246,20260910
190,L. cornutus,LC,fitted,0.20205787412351564,0.1165430149572914,0.2784316987354214,0.1871659753825473,0.6229253061525778,7.62588575243562,0.1596261237705778,0.0615822697116274,0.3055249108598246,20260910
191,L. cornutus,LC,fitted,0.15135495694683096,0.19893124511808924,0.11030178852378539,0.14919722129964583,0.4173791745284731,13.175168775727386,0.1596261237705778,0.0615822697116274,0.3055249108598246,20260910
192,L. cornutus,LC,fitted,0.1512107501369398,0.26285261873276744,0.09829164156027867,0.15749636015927707,0.697335079590847,17.84780578643933,0.1596261237705778,0.0615822697116274,0.3055249108598246,20260910
193,L. cornutus,LC,fitted,0.2635893701479089,0.09389665082869861,0.17906755651852302,0.16425993017296261,0.7374896711540541,8.443576071564436,0.1596261237705778,0.0615822697116274,0.3055249108598246,20260910
194,L. cornutus,LC,fitted,0.1068333111126578,0.16275712283246205,0.25725564080690866,0.16476711330508956,0.6215876087286625,22.131490910011394,0.1596261237705778,0.0615822697116274,0.3055249108598246,20260910
195,L. cornutus,LC,fitted,0.17391922305153343,0.17224536687780093,0.1751413918867431,0.1737646023299888,0.011840225061669324,4.491181984686525,0.1596261237705778,0.0615822697116274,0.3055249108598246,20260910
196,L. cornutus,LC,fitted,0.17657409299423069,0.2135140217493289,0.10102160376074303,0.15616698099576015,0.5501387206602779,7.8878387174481075,0.1596261237705778,0.0615822697116274,0.3055249108598246,20260910
197,L. cornutus,LC,fitted,0.13344652049166347,0.14100919493139624,0.19956028017250374,0.15543289314925976,0.3085385815546417,13.732956997401196,0.1596261237705778,0.0615822697116274,0.3055249108598246,20260910
198,L. cornutus,LC,fitted,0.18672542220186747,0.12019335633771028,0.18644785595299626,0.16114386237702621,0.3590915591001639,17.72146819088698,0.1596261237705778,0.0615822697116274,0.3055249108598246,20260910
199,L. cornutus,LC,fitted,0.21339476784443756,0.23352337208627152,0.08959600434360676,0.16466485678329998,0.7481017060137459,5.837858855157191,0.1596261237705778,0.0615822697116274,0.3055249108598246,20260910
200,L. cornutus,LC,fitted,0.11050547009573278,0.3057483316778802,0.2109953647730253,0.19245990290218565,0.728378771924379,5.6692058618937695,0.1596261237705778,0.0615822697116274,0.3055249108598246,20260910
201,L. cornutus,LC,fitted,0.14606173732571806,0.15422790387019056,0.11538319778448736,0.13749302373858724,0.2181341709795542,4.684858649605243,0.1596261237705778,0.0615822697116274,0.3055249108598246,20260910
202,L. cornutus,LC,fitted,0.1148125183709043,0.23625529446507093,0.10219086997670143,0.14047346543412148,0.6420408697973219,14.966125950004054,0.1596261237705778,0.0615822697116274,0.3055249108598246,20260910
203,L. cornutus,LC,fitted,0.23456314558971444,0.13166349227002538,0.12743870954628142,0.1578854723736395,0.48536945135984405,3.35063236124073,0.1596261237705778,0.0615822697116274,0.3055249108598246,20260910
204,L. cornutus,LC,fitted,0.12959331998157503,0.17194881147660968,0.13809610359907737,0.14545246078815985,0.20982612363186876,4.936627819582188,0.1596261237705778,0.0615822697116274,0.3055249108598246,20260910
205,L. cornutus,LC,fitted,0.13321789711992194,0.17908120348047604,0.15662803529551367,0.15517700285944186,0.2095101695621142,21.242640377065047,0.1596261237705778,0.0615822697116274,0.3055249108598246,20260910
206,L. cornutus,LC,fitted,0.16598758750220402,0.17241723941649986,0.21330942266496686,0.18276321120574027,0.19118534831085857,5.127799377802838,0.1596261237705778,0.0615822697116274,0.3055249108598246,20260910
207,L. cornutus,LC,fitted,0.22543254568778523,0.1721251291304221,0.14131843167661312,0.17634097369506074,0.3315497742743889,12.624878975506535,0.1596261237705778,0.0615822697116274,0.3055249108598246,20260910
208,L. cornutus,LC,fitted,0.27934535867030497,0.12655774623850305,0.15218651217647022,0.1752274410352954,0.5858722934578839,18.357088583989952,0.1596261237705778,0.0615822697116274,0.3055249108598246,20260910
209,L. cornutus,LC,fitted,0.14200123351497423,0.13399405598570757,0.20578144118504577,0.15761393734789744,0.3291663672742745,22.401842787101565,0.1596261237705778,0.0615822697116274,0.3055249108598246,20260910
210,L. cornutus,LC,fitted,0.1878323570036502,0.16602716725557082,0.1764556944541765,0.17654757156529674,0.08725818424257709,0.3199469450432675,0.1596261237705778,0.0615822697116274,0.3055249108598246,20260910
211,L. cornutus,LC,fitted,0.2184731475169894,0.15500063969202715,0.1249955921225686,0.16176159410547838,0.39828496793491214,13.265346625054864,0.1596261237705778,0.0615822697116274,0.3055249108598246,20260910
212,L. cornutus,LC,fitted,0.12218401240135854,0.1823474097877736,0.17573017998832557,0.15761109214529362,0.31291644578587346,11.653095877313646,0.1596261237705778,0.0615822697116274,0.3055249108598246,20260910
213,L. cornutus,LC,fitted,0.17424504210187633,0.11027873723307137,0.2345412711023979,0.16517988632381506,0.5375944056746517,14.785459613943935,0.1596261237705778,0.0615822697116274,0.3055249108598246,20260910
214,L. cornutus,LC,fitted,0.14321414767118726,0.18453131030895847,0.18655789554018917,0.17019881843202064,0.2115641082164799,2.2982039341761276,0.1596261237705778,0.0615822697116274,0.3055249108598246,20260910
215,L. cornutus,LC,fitted,0.19651680321776321,0.12214244215205529,0.12851127144342978,0.14556909100426543,0.3692955386117489,12.94387720469022,0.1596261237705778,0.0615822697116274,0.3055249108598246,20260910
216,L. cornutus,LC,fitted,0.10384987809935702,0.19764870597412265,0.21688225290575824,0.16450331753179798,0.5671774142787118,10.405644432644493,0.1596261237705778,0.0615822697116274,0.3055249108598246,20260910
217,L. cornutus,LC,fitted,0.12051789613548027,0.15994578084323977,0.18307735397575262,0.15224848708432162,0.3017565688362334,12.811938301333686,0.1596261237705778,0.0615822697116274,0.3055249108598246,20260910
218,L. cornutus,LC,fitted,0.1301491811305732,0.24507745330232733,0.12313230449601767,0.15777527123516222,0.5408026281596774,14.47580909156149,0.1596261237705778,0.0615822697116274,0.3055249108598246,20260910
219,L. cornutus,LC,fitted,0.18808235703816767,0.2213694517620019,0.10147120896378875,0.16166010665370914,0.5819113512769492,15.106444750221106,0.1596261237705778,0.0615822697116274,0.3055249108598246,20260910
220,L. cornutus,LC,fitted,0.12989639262472646,0.1954686717687665,0.14240975982253315,0.1534869073355089,0.30318185729511965,6.646535772096369,0.1596261237705778,0.0615822697116274,0.3055249108598246,20260910
221,L. cornutus,LC,fitted,0.1670719762651335,0.18170269722313986,0.1419317382015623,0.1627227100190058,0.1776357270969539,14.475054352910913,0.1596261237705778,0.0615822697116274,0.3055249108598246,20260910
222,L. cornutus,LC,fitted,0.20194785593368023,0.09458325654148426,0.19912017429387158,0.15609521530559903,0.6136606859163525,3.4786204453645686,0.1596261237705778,0.0615822697116274,0.3055249108598246,20260910
223,L. cornutus,LC,fitted,0.2249016068255679,0.08910973280854825,0.19751739693544476,0.158188297163235,0.7088728428844484,3.5771959708591314,0.1596261237705778,0.0615822697116274,0.3055249108598246,20260910
224,L. cornutus,LC,fitted,0.16954065637360805,0.09725972476916521,0.24405965916708308,0.15906243710408544,0.6552330820321651,6.723723468610512,0.1596261237705778,0.0615822697116274,0.3055249108598246,20260910
225,L. cornutus,LC,fitted,0.1351095223896151,0.13698021891460915,0.2439269936489035,0.16527273954465993,0.4768579013686356,22.6221532880668,0.1596261237705778,0.0615822697116274,0.3055249108598246,20260910
226,L. cornutus,LC,fitted,0.1330521548174947,0.15937814461908517,0.20830214208958117,0.16407716308666695,0.3189511104700097,21.536075250727254,0.1596261237705778,0.0615822697116274,0.3055249108598246,20260910
227,L. cornutus,LC,fitted,0.17376371393897927,0.08839861386826928,0.28244525272569093,0.16309711353808437,0.8250516782347986,15.303639860251879,0.1596261237705778,0.0615822697116274,0.3055249108598246,20260910
228,L. cornutus,LC,fitted,0.19103509575308228,0.1292514881485051,0.20301340110859986,0.17114247429244533,0.34650913755345614,23.157509842101106,0.1596261237705778,0.0615822697116274,0.3055249108598246,20260910
229,L. cornutus,LC,fitted,0.17270213767051967,0.18649047263077703,0.16729851058383644,0.17531354801203772,0.07896122881739472,13.952544750616672,0.1596261237705778,0.0615822697116274,0.3055249108598246,20260910
230,L. cornutus,LC,fitted,0.17590399676482532,0.1384997486924084,0.17684915171214288,0.16272060784194253,0.19742379077008332,5.9171013944876005,0.1596261237705778,0.0615822697116274,0.3055249108598246,20260910
231,L. cornutus,LC,fitted,0.20616806713254193,0.1561271388051375,0.10318230989324792,0.14919983702245337,0.4926012861389548,3.3296640271438065,0.1596261237705778,0.0615822697116274,0.3055249108598246,20260910
232,L. cornutus,LC,fitted,0.14609115553662377,0.1208854304176437,0.31594422219248125,0.17736561713324178,0.7196788157432016,6.916915756712885,0.1596261237705778,0.0615822697116274,0.3055249108598246,20260910
233,L. cornutus,LC,fitted,0.2250547192792394,0.10102791472478888,0.136793569324263,0.14597048969582732,0.571910796891658,22.151810667652867,0.1596261237705778,0.0615822697116274,0.3055249108598246,20260910
234,L. cornutus,LC,fitted,0.13973585962330662,0.19936614585645365,0.10109531619723869,0.1412201840036466,0.48035590590651916,15.250662900772117,0.1596261237705778,0.0615822697116274,0.3055249108598246,20260910
235,L. cornutus,LC,fitted,0.11858532137007982,0.1436683545646692,0.16078288636001623,0.1399191928491024,0.21768153046755387,21.379427222606804,0.1596261237705778,0.0615822697116274,0.3055249108598246,20260910
236,L. cornutus,LC,fitted,0.27419313591238076,0.13395990385765513,0.1294942900314515,0.16817470512866928,0.5991710778927524,2.6326383798605075,0.1596261237705778,0.0615822697116274,0.3055249108598246,20260910
237,L. cornutus,LC,fitted,0.08698471282923755,0.20572145306320766,0.22814161479836323,0.15982412770495952,0.7486451536078118,23.19815218984691,0.1596261237705778,0.0615822697116274,0.3055249108598246,20260910
238,L. cornutus,LC,fitted,0.1384950389398258,0.18784229299942506,0.14880976617817798,0.15701929051559652,0.2253161353139277,20.231537294438045,0.1596261237705778,0.0615822697116274,0.3055249108598246,20260910
239,L. cornutus,LC,fitted,0.1781551416523161,0.16022499707888513,0.1693855282472052,0.16909664021601464,0.07503597131381569,14.09738065526112,0.1596261237705778,0.0615822697116274,0.3055249108598246,20260910
240,L. cornutus,LC,fitted,0.25443810345198625,0.18511388916754218,0.09988708171867641,0.1675624982090497,0.6723193360124253,7.951464817563439,0.1596261237705778,0.0615822697116274,0.3055249108598246,20260910
241,L. cornutus,LC,fitted,0.12935468559087276,0.13226440657794786,0.19347987226781158,0.1490345571698779,0.3200394076178745,1.4540302922286665,0.1596261237705778,0.0615822697116274,0.3055249108598246,20260910
242,L. cornutus,LC,fitted,0.27239341416545676,0.1340277548602592,0.13527404652634673,0.17029501785128595,0.575318344903028,6.658223394149826,0.1596261237705778,0.0615822697116274,0.3055249108598246,20260910
243,L. cornutus,LC,fitted,0.14441027891585964,0.12839168833952944,0.19852944840588643,0.15440214078097572,0.31890002461787437,23.28614125919854,0.1596261237705778,0.0615822697116274,0.3055249108598246,20260910
244,L. cornutus,LC,fitted,0.15480174170481284,0.14788703477194673,0.17285173741144202,0.15817089219272348,0.11340681379434221,13.466084738157473,0.1596261237705778,0.0615822697116274,0.3055249108598246,20260910
245,L. cornutus,LC,fitted,0.13510649415915874,0.21810777867631342,0.1812761015560942,0.1748085393975729,0.3415623949924947,8.857743687324152,0.1596261237705778,0.0615822697116274,0.3055249108598246,20260910
246,L. cornutus,LC,fitted,0.14873031734880499,0.18660387462988864,0.15100417628075233,0.1612264804347963,0.1793518968670791,1.2072646167518615,0.1596261237705778,0.0615822697116274,0.3055249108598246,20260910
247,L. cornutus,LC,fitted,0.18843699947890294,0.14324372765319482,0.1379654950757508,0.15500204429946207,0.24069234827885944,7.362788738669387,0.1596261237705778,0.0615822697116274,0.3055249108598246,20260910
248,L. cornutus,LC,fitted,0.11638719232144851,0.2393827619180843,0.19925979575975436,0.177067660247037,0.5300338132006179,3.2183394587967387,0.1596261237705778,0.0615822697116274,0.3055249108598246,20260910
249,L. cornutus,LC,fitted,0.09479418800683757,0.16654179087567342,0.19495573676380235,0.14546113998790206,0.5361354709074959,6.879399186548161,0.1596261237705778,0.0615822697116274,0.3055249108598246,20260910
250,L. cornutus,LC,fitted,0.20526227795493715,0.17054035489952746,0.11417823012431678,0.1586986398129942,0.42399990341354776,7.261039316230837,0.1596261237705778,0.0615822697116274,0.3055249108598246,20260910
251,L. cornutus,LC,fitted,0.18703145721569234,0.15104301955224558,0.17608242124256576,0.17070402945407745,0.1558200447962338,21.31506828143674,0.1596261237705778,0.0615822697116274,0.3055249108598246,20260910
252,L. cornutus,LC,fitted,0.16583862051848003,0.181864703710351,0.13795311092329016,0.16083795089976904,0.19897388757246204,12.513472909435663,0.1596261237705778,0.0615822697116274,0.3055249108598246,20260910
253,L. cornutus,LC,fitted,0.2665280736385758,0.12562851317731877,0.12445852056002651,0.16092317954287874,0.6179834737880427,8.272578813742811,0.1596261237705778,0.0615822697116274,0.3055249108598246,20260910
254,L. cornutus,LC,fitted,0.1410656862228813,0.21089134440094057,0.1429291471097175,0.1620069507077274,0.3231031680959366,1.4703432178621236,0.1596261237705778,0.0615822697116274,0.3055249108598246,20260910
255,L. cornutus,LC,fitted,0.18100085002848657,0.16406663036135657,0.20993694360684279,0.18404749651761476,0.175520917879903,16.053726615027422,0.1596261237705778,0.0615822697116274,0.3055249108598246,20260910
256,L. cornutus,LC,fitted,0.15286021610854741,0.18952494398442976,0.11231536233516186,0.14818355274080627,0.37191742194090066,0.3156474580957278,0.1596261237705778,0.0615822697116274,0.3055249108598246,20260910
257,L. cornutus,LC,fitted,0.11162559244108264,0.1579927827895648,0.18429511239943433,0.1481283826650823,0.3632210547174224,14.077350416054987,0.1596261237705778,0.0615822697116274,0.3055249108598246,20260910
258,L. cornutus,LC,fitted,0.17886699658266045,0.17118824269727612,0.1249743823710428,0.15641379353731083,0.27657400687779254,8.340834256731263,0.1596261237705778,0.0615822697116274,0.3055249108598246,20260910
259,L. cornutus,LC,fitted,0.22009061453764792,0.1118361147304331,0.15612471695832586,0.1566336563829068,0.4787312842914798,13.939548995244522,0.1596261237705778,0.0615822697116274,0.3055249108598246,20260910
260,L. cornutus,LC,fitted,0.16396288590364244,0.14970883410874655,0.17988289977088548,0.16405681929836854,0.12983644419535625,11.562336358153086,0.1596261237705778,0.0615822697116274,0.3055249108598246,20260910
261,L. cornutus,LC,fitted,0.2391681767869948,0.1341854582100138,0.10255903906481359,0.14875135477017803,0.6118859538227026,20.087670077715106,0.1596261237705778,0.0615822697116274,0.3055249108598246,20260910
262,L. cornutus,LC,fitted,0.13717538436090104,0.15298987849023252,0.12874425787633628,0.13928005123704873,0.12342386255257555,14.220106269081418,0.1596261237705778,0.0615822697116274,0.3055249108598246,20260910
263,L. cornutus,LC,fitted,0.18193683164178975,0.12442438094166997,0.2056552435414128,0.16697647980804203,0.37053853891532984,3.6731986450224756,0.1596261237705778,0.0615822697116274,0.3055249108598246,20260910
264,L. cornutus,LC,fitted,0.18887415811547723,0.19194767697411114,0.10288769363935395,0.15508612496866606,0.5026945528482818,2.148517740229172,0.1596261237705778,0.0615822697116274,0.3055249108598246,20260910
265,L. cornutus,LC,fitted,0.17388676747584308,0.11564233958831294,0.19976743555153895,0.15896543373316147,0.40185558082429856,4.958374830047339,0.1596261237705778,0.0615822697116274,0.3055249108598246,20260910
266,L. cornutus,LC,fitted,0.1650051774959022,0.20158353235596516,0.19247591637348835,0.1856847937342297,0.1482593802636303,8.065130988505473,0.1596261237705778,0.0615822697116274,0.3055249108598246,20260910
267,L. cornutus,LC,fitted,0.12436604100480605,0.0983049082567705,0.17401282037952587,0.12861336049796523,0.4058860642633139,0.4782057928037613,0.1596261237705778,0.0615822697116274,0.3055249108598246,20260910
268,L. cornutus,LC,fitted,0.20507352095829945,0.10957515584752214,0.24043611755659494,0.1754717189526523,0.5875611121096344,23.287601210139776,0.1596261237705778,0.0615822697116274,0.3055249108598246,20260910
269,L. cornutus,LC,fitted,0.16421259188123843,0.1623656115044616,0.17524771271551748,0.16717998769954437,0.058273086101294044,17.04033973573671,0.1596261237705778,0.0615822697116274,0.3055249108598246,20260910
270,L. cornutus,LC,fitted,0.1711478028125848,0.1961164321020683,0.14146746947288633,0.1680791973989115,0.23202893011655065,18.139881155760214,0.1596261237705778,0.0615822697116274,0.3055249108598246,20260910
271,L. cornutus,LC,fitted,0.2729433593681917,0.13257965580077716,0.12026234938420192,0.16326497812850313,0.6331492524801511,13.614670644077695,0.1596261237705778,0.0615822697116274,0.3055249108598246,20260910
272,L. cornutus,LC,fitted,0.13350263389957537,0.17035682519152365,0.13793525054404265,0.14638892222100527,0.18713669719494055,8.055108108748119,0.1596261237705778,0.0615822697116274,0.3055249108598246,20260910
273,L. cornutus,LC,fitted,0.1431746894440312,0.191375668457897,0.19441961079085956,0.17464829355203979,0.24362314901835272,8.361893846174215,0.1596261237705778,0.0615822697116274,0.3055249108598246,20260910
274,L. cornutus,LC,fitted,0.23223419112835028,0.20496406485692656,0.09462964874285418,0.16514941429836774,0.6877311032540949,0.07200066164500818,0.1596261237705778,0.0615822697116274,0.3055249108598246,20260910
275,L. cornutus,LC,fitted,0.2572349041906441,0.11049328163160892,0.18148909286573528,0.17278475967172074,0.6005543054645546,1.6204396021047156,0.1596261237705778,0.0615822697116274,0.3055249108598246,20260910
276,L. cornutus,LC,fitted,0.17539857686791843,0.1427432590800894,0.18111487261632517,0.16551801249284465,0.18271465823539948,21.612388812514308,0.1596261237705778,0.0615822697116274,0.3055249108598246,20260910
277,L. cornutus,LC,fitted,0.1385766142134185,0.16460641789594405,0.1387752005446293,0.14683047078681402,0.13996581298655397,23.491291491468687,0.1596261237705778,0.0615822697116274,0.3055249108598246,20260910
278,L. cornutus,LC,fitted,0.23803459870465973,0.1765122486721694,0.06371300799613198,0.13885057460825845,0.9772369961506624,7.608258617921037,0.1596261237705778,0.0615822697116274,0.3055249108598246,20260910
279,L. cornutus,LC,fitted,0.09037905568102514,0.20917024509537907,0.25077785215777,0.16799085005618625,0.7699771336321548,1.5082005622561914,0.1596261237705778,0.0615822697116274,0.3055249108598246,20260910
280,L. cornutus,LC,fitted,0.20844804535145287,0.10747623913730173,0.16279519313513802,0.1539278801494588,0.4733979519281865,23.512866422950715,0.1596261237705778,0.0615822697116274,0.3055249108598246,20260910
281,L. cornutus,LC,fitted,0.10811279220337877,0.18506962579435188,0.21501436093681353,0.16263970059692442,0.5112587674511634,10.967158963265891,0.1596261237705778,0.0615822697116274,0.3055249108598246,20260910
282,L. cornutus,LC,fitted,0.09486433110092758,0.1810355781715765,0.21407389956553052,0.15433942128045997,0.6077616746323428,5.654532499917279,0.1596261237705778,0.0615822697116274,0.3055249108598246,20260910
283,L. cornutus,LC,fitted,0.12875856191581733,0.15184049788141038,0.18810786343516844,0.15435601660968615,0.2688019153590527,20.120289801657382,0.1596261237705778,0.0615822697116274,0.3055249108598246,20260910
284,L. cornutus,LC,fitted,0.21828552421652392,0.24064597278121674,0.11589733965842833,0.18259645166739857,0.5609913420777489,22.87589072941111,0.1596261237705778,0.0615822697116274,0.3055249108598246,20260910
285,L. cornutus,LC,fitted,0.10917698552723866,0.28387745846756474,0.1410370362946697,0.16350525934881446,0.6995259665322584,10.289272852280366,0.1596261237705778,0.0615822697116274,0.3055249108598246,20260910
286,L. cornutus,LC,fitted,0.15457854204283167,0.12127023522466195,0.2022452869532049,0.1559291382837405,0.36181363401752514,8.79650158075485,0.1596261237705778,0.0615822697116274,0.3055249108598246,20260910
287,L. cornutus,LC,fitted,0.19979778341153726,0.10676459810682046,0.15862273974581495,0.1501278024086418,0.44822752032283436,23.66632298819421,0.1596261237705778,0.0615822697116274,0.3055249108598246,20260910
288,L. cornutus,LC,fitted,0.1124882747395639,0.16543939171574099,0.2380514187648132,0.1642374972017111,0.5301491204322436,4.727139617103537,0.1596261237705778,0.0615822697116274,0.3055249108598246,20260910
289,L. cornutus,LC,fitted,0.13988898199348807,0.2703594740095481,0.138081937467884,0.17349514447060502,0.5433780921236566,5.322284371856956,0.1596261237705778,0.0615822697116274,0.3055249108598246,20260910
290,L. cornutus,LC,fitted,0.13326586695657391,0.1431323454915813,0.2508327022974334,0.1685053230313355,0.48983713764013076,11.917141512280022,0.1596261237705778,0.0615822697116274,0.3055249108598246,20260910
291,L. cornutus,LC,fitted,0.2067710669798148,0.17096521832427397,0.13291591821096718,0.16749101327599447,0.31347736819765465,18.822216443673028,0.1596261237705778,0.0615822697116274,0.3055249108598246,20260910
292,L. cornutus,LC,fitted,0.1527441543899729,0.17411192587322566,0.11652524372343832,0.14579334913861702,0.2896396947984588,15.494674511161843,0.1596261237705778,0.0615822697116274,0.3055249108598246,20260910
293,L. cornutus,LC,fitted,0.12920275040554066,0.17332184357999625,0.15116352034706593,0.1501495443737271,0.20788837600798155,6.612379578041989,0.1596261237705778,0.0615822697116274,0.3055249108598246,20260910
294,L. cornutus,LC,fitted,0.18516652326163313,0.1848212346396599,0.11645795809081154,0.15854814681377058,0.37787036540421437,7.130157306202305,0.1596261237705778,0.0615822697116274,0.3055249108598246,20260910
295,L. cornutus,LC,fitted,0.14829636129303464,0.11602827742212085,0.19220944918991914,0.14898973851527106,0.3569590902050343,1.0935034687656255,0.1596261237705778,0.0615822697116274,0.3055249108598246,20260910
296,L. cornutus,LC,fitted,0.1623581976669754,0.19319337409379245,0.12181045647446305,0.15633288405673748,0.3294080721807141,1.2737260191721065,0.1596261237705778,0.0615822697116274,0.3055249108598246,20260910
297,L. cornutus,LC,fitted,0.12734067996198653,0.1102270944823865,0.2600245170839168,0.15396544951348892,0.6498873686845689,19.464727714941283,0.1596261237705778,0.0615822697116274,0.3055249108598246,20260910
298,L. cornutus,LC,fitted,0.13146861768647947,0.21750669468608294,0.16015287253458557,0.16606437908783156,0.3587582146074405,15.143429166976155,0.1596261237705778,0.0615822697116274,0.3055249108598246,20260910
299,L. cornutus,LC,fitted,0.10043125297846152,0.13564556670480324,0.2687192954402011,0.15411956662981963,0.7132835017594068,3.7913189351091487,0.1596261237705778,0.0615822697116274,0.3055249108598246,20260910
300,L. cornutus,LC,fitted,0.20237372138569704,0.11712613664893787,0.12583332877425407,0.14394653236495814,0.4203085341686142,4.782713767752365,0.1596261237705778,0.0615822697116274,0.3055249108598246,20260910
301,L. cornutus,LC,fitted,0.16038444112187594,0.14662746829645382,0.19683795495132403,0.166659012866558,0.21347132855055545,12.566205108515963,0.1596261237705778,0.0615822697116274,0.3055249108598246,20260910
302,L. cornutus,LC,fitted,0.08743982950914912,0.17939964084009433,0.21307714033481023,0.1495165418207341,0.6681888777560318,21.706541447686245,0.1596261237705778,0.0615822697116274,0.3055249108598246,20260910
303,L. cornutus,LC,fitted,0.09984738640798163,0.2320933064441739,0.1396040849190213,0.14789919643413194,0.6006169576150806,12.14043271314301,0.1596261237705778,0.0615822697116274,0.3055249108598246,20260910
304,L. cornutus,LC,fitted,0.14638711194432716,0.16409357329372692,0.13677991683529017,0.14866392111882432,0.13011871925248764,16.282356959882,0.1596261237705778,0.0615822697116274,0.3055249108598246,20260910
305,L. cornutus,LC,fitted,0.24857479267705077,0.0953719862754476,0.16177206812642772,0.15652864185577692,0.6785802115063928,16.49639695003889,0.1596261237705778,0.0615822697116274,0.3055249108598246,20260910
306,L. cornutus,LC,fitted,0.14058990054862566,0.18358150891364827,0.1424531054250688,0.15434230907567928,0.2126797395557745,7.5725891847811155,0.1596261237705778,0.0615822697116274,0.3055249108598246,20260910
307,L. cornutus,LC,fitted,0.13600204710970892,0.153458176152529,0.1841414862619982,0.15663748712763212,0.21574451101348843,14.392241956006279,0.1596261237705778,0.0615822697116274,0.3055249108598246,20260910
308,L. cornutus,LC,fitted,0.2249187532749481,0.15888686553325557,0.12475275647242486,0.16458412331248007,0.41900004336551344,10.496971124659126,0.1596261237705778,0.0615822697116274,0.3055249108598246,20260910
309,L. cornutus,LC,fitted,0.12480300998252611,0.1823469122832175,0.2059221808498519,0.16734350749677257,0.3693774301818995,22.146248939266712,0.1596261237705778,0.0615822697116274,0.3055249108598246,20260910
310,L. cornutus,LC,fitted,0.1394120946427432,0.22700861033932968,0.13846859084155969,0.16364322070013126,0.4008869874282964,3.521665896370692,0.1596261237705778,0.0615822697116274,0.3055249108598246,20260910
311,L. cornutus,LC,fitted,0.1270230092357517,0.1453842987552453,0.2231111833897575,0.16031484801749976,0.41592045721949217,11.129743552425099,0.1596261237705778,0.0615822697116274,0.3055249108598246,20260910
312,L. cornutus,LC,fitted,0.138453947272717,0.1747484912771142,0.16479225157582134,0.15856908546417187,0.17123980074891076,22.032296784988343,0.1596261237705778,0.0615822697116274,0.3055249108598246,20260910
313,L. cornutus,LC,fitted,0.13835618337858852,0.1865135084473662,0.1440759594545973,0.15491737462178812,0.22912461270354054,7.479676590424874,0.1596261237705778,0.0615822697116274,0.3055249108598246,20260910
314,L. cornutus,LC,fitted,0.1892971744510077,0.1287767445314991,0.15398134335404107,0.15541152636840802,0.2726395516797508,7.561002057306528,0.1596261237705778,0.0615822697116274,0.3055249108598246,20260910
315,L. cornutus,LC,fitted,0.15977951062614404,0.12830234510378455,0.14524206374953416,0.14386308335342618,0.15558226966844507,7.591853081925814,0.1596261237705778,0.0615822697116274,0.3055249108598246,20260910
316,L. cornutus,LC,fitted,0.15778129233660146,0.14299110623767675,0.22218233699966988,0.17114255914361237,0.3271492746454501,3.4378822951654966,0.1596261237705778,0.0615822697116274,0.3055249108598246,20260910
317,L. cornutus,LC,fitted,0.1441533899633605,0.2286295554012134,0.12778362833059007,0.16148944763146256,0.4342458635995729,9.531089752040545,0.1596261237705778,0.0615822697116274,0.3055249108598246,20260910
318,L. cornutus,LC,fitted,0.18029328361040997,0.13151874906392078,0.15260200907493562,0.15352383945561576,0.2231684820064864,17.69485418139583,0.1596261237705778,0.0615822697116274,0.3055249108598246,20260910
319,L. cornutus,LC,fitted,0.16103108655663234,0.13720606217051506,0.1797428725691511,0.15835978394283243,0.19204547271590472,6.664387591439353,0.1596261237705778,0.0615822697116274,0.3055249108598246,20260910
320,L. cornutus,LC,fitted,0.1905688635011519,0.16201920758226862,0.14239532375896724,0.1638216861736658,0.20650052974779978,3.5172764609218463,0.1596261237705778,0.0615822697116274,0.3055249108598246,20260910
321,L. cornutus,LC,fitted,0.15313656855899857,0.19003312651442866,0.16556930058992728,0.168899882089308,0.15457860280165295,22.168393136400688,0.1596261237705778,0.0615822697116274,0.3055249108598246,20260910
322,L. cornutus,LC,fitted,0.15465128819336757,0.17913740653850854,0.16362085759414066,0.16549803042279282,0.10486562576860342,12.478899349339688,0.1596261237705778,0.0615822697116274,0.3055249108598246,20260910
323,L. cornutus,LC,fitted,0.1857077037357825,0.15681668535769386,0.18751916915098601,0.17609862028941944,0.14219534378455967,22.791312350140082,0.1596261237705778,0.0615822697116274,0.3055249108598246,20260910
324,L. cornutus,LC,fitted,0.0988605304213457,0.1489640118573647,0.18625294030153716,0.13998101705458194,0.4543102984405136,6.263134573508528,0.1596261237705778,0.0615822697116274,0.3055249108598246,20260910
325,L. cornutus,LC,fitted,0.1270531900894535,0.22296636636932138,0.15020720916512778,0.16204609472467904,0.408397663478069,1.1505724610393386,0.1596261237705778,0.0615822697116274,0.3055249108598246,20260910
326,L. cornutus,LC,fitted,0.10329561886252982,0.15601473360868653,0.2449778715074398,0.1580488927341667,0.6108443377088687,8.581464918683814,0.1596261237705778,0.0615822697116274,0.3055249108598246,20260910
327,L. cornutus,LC,fitted,0.17204318047352848,0.1677694030814805,0.18223128574430325,0.17390993272093683,0.05994338873487249,0.05107319765996898,0.1596261237705778,0.0615822697116274,0.3055249108598246,20260910
328,L. cornutus,LC,fitted,0.23451105329638366,0.11075939591801306,0.19497663455998698,0.17172841249577755,0.5527542173284543,6.708121842539729,0.1596261237705778,0.0615822697116274,0.3055249108598246,20260910
329,L. cornutus,LC,fitted,0.1133289917284776,0.2447135091557173,0.1468800724051628,0.15970577326095683,0.553898457981785,15.573078187350887,0.1596261237705778,0.0615822697116274,0.3055249108598246,20260910
330,L. cornutus,LC,fitted,0.15581416477414425,0.18835160452153804,0.1950757166217448,0.17889292170221494,0.1709745907698488,23.617700054021064,0.1596261237705778,0.0615822697116274,0.3055249108598246,20260910
331,L. cornutus,LC,fitted,0.2163345685554412,0.20933488960005397,0.08242436412696687,0.15512235223457846,0.7747958621749605,10.252029020923668,0.1596261237705778,0.0615822697116274,0.3055249108598246,20260910
332,L. cornutus,LC,fitted,0.27478117714361394,0.12754510107584377,0.1307984383439421,0.16611841305276884,0.6166397475878147,13.633544957607342,0.1596261237705778,0.0615822697116274,0.3055249108598246,20260910
333,L. cornutus,LC,fitted,0.187798526988428,0.09074147755991245,0.2563841960368269,0.1634794218222597,0.7538297016065313,3.866754278220606,0.1596261237705778,0.0615822697116274,0.3055249108598246,20260910
334,L. cornutus,LC,fitted,0.1605922705142949,0.1615401535582436,0.18442762547448655,0.16850405951988967,0.11066938492938166,1.4969844933352974,0.1596261237705778,0.0615822697116274,0.3055249108598246,20260910
335,L. cornutus,LC,fitted,0.12369985950549352,0.2187549681147638,0.15126973824665055,0.1599655249675174,0.408888495205772,19.873556590527077,0.1596261237705778,0.0615822697116274,0.3055249108598246,20260910
336,L. cornutus,LC,fitted,0.13365823643922256,0.10987288398129703,0.25430407598517607,0.1551481223286112,0.6208683366460995,20.369754597432003,0.1596261237705778,0.0615822697116274,0.3055249108598246,20260910
337,L. cornutus,LC,fitted,0.2288205689625349,0.12689271013979414,0.1305903630321819,0.15593644214799923,0.47011593271951824,3.082624935865133,0.1596261237705778,0.0615822697116274,0.3055249108598246,20260910
338,L. cornutus,LC,fitted,0.19120963442933123,0.1399317356303016,0.1973722803509241,0.17414220943603387,0.2688106715616283,3.9867784311957672,0.1596261237705778,0.0615822697116274,0.3055249108598246,20260910
339,L. cornutus,LC,fitted,0.13129945794555117,0.13009764159387346,0.16376396652360994,0.14090191703075008,0.18427000991294043,19.412595656041773,0.1596261237705778,0.0615822697116274,0.3055249108598246,20260910
340,L. cornutus,LC,fitted,0.1287762623237077,0.16840966644912908,0.20597598339667642,0.16469224088156045,0.33323930761010095,1.2259002434093356,0.1596261237705778,0.0615822697116274,0.3055249108598246,20260910
341,L. cornutus,LC,fitted,0.13493715658497707,0.18346700341321598,0.16386480741924284,0.15948692009436052,0.21975846276755748,15.520442068514644,0.1596261237705778,0.0615822697116274,0.3055249108598246,20260910
342,L. cornutus,LC,fitted,0.11827772609197001,0.1757635943809853,0.18213729649390015,0.15586320150929048,0.33889737548158455,15.514174012673365,0.1596261237705778,0.0615822697116274,0.3055249108598246,20260910
343,L. cornutus,LC,fitted,0.11306950516656866,0.18367559455512816,0.22066758958019647,0.16610339112547096,0.4885880210958987,20.898536264866774,0.1596261237705778,0.0615822697116274,0.3055249108598246,20260910
344,L. cornutus,LC,fitted,0.10952789599810334,0.1386431218265069,0.23431334065108594,0.1526651925919801,0.5505344609416325,21.91160937134781,0.1596261237705778,0.0615822697116274,0.3055249108598246,20260910
345,L. cornutus,LC,fitted,0.20182614511903005,0.1916460880845901,0.14940074329323963,0.17944996614561737,0.2274159104166538,15.715488366124355,0.1596261237705778,0.0615822697116274,0.3055249108598246,20260910
346,L. cornutus,LC,fitted,0.16076601946608335,0.09228744653322761,0.2931414277271108,0.16323177221247648,0.8174491735127168,13.905545268701218,0.1596261237705778,0.0615822697116274,0.3055249108598246,20260910
347,L. cornutus,LC,fitted,0.17626549237896472,0.1153298161109928,0.21088440209508594,0.16244927803383197,0.4383021156302064,11.74779381872825,0.1596261237705778,0.0615822697116274,0.3055249108598246,20260910
348,L. cornutus,LC,fitted,0.1704959069009333,0.14918201169125286,0.18839434473359587,0.1685903683296163,0.16559081238357098,20.85797615420574,0.1596261237705778,0.0615822697116274,0.3055249108598246,20260910
349,L. cornutus,LC,fitted,0.1257195626914802,0.11620687838021303,0.2330905788318801,0.15044801856768703,0.5390836077136544,17.447575028680617,0.1596261237705778,0.0615822697116274,0.3055249108598246,20260910
350,L. cornutus,LC,fitted,0.09180496658753855,0.19707366199736262,0.15197572106858762,0.14009511499837776,0.5492894390958609,18.941102607657385,0.1596261237705778,0.0615822697116274,0.3055249108598246,20260910
351,L. cornutus,LC,fitted,0.12596993274727178,0.21160824985526486,0.11732825897895197,0.14624040226886423,0.45530633717393215,22.447925169980763,0.1596261237705778,0.0615822697116274,0.3055249108598246,20260910
352,L. cornutus,LC,fitted,0.1031962981861114,0.13857287044558173,0.2770651851696745,0.15823702037843088,0.7170142814347354,22.316771615519635,0.1596261237705778,0.0615822697116274,0.3055249108598246,20260910
353,L. cornutus,LC,fitted,0.11303651743672664,0.15763854660255477,0.33929443290201033,0.18217382410128205,0.7971585227755158,16.02953019108871,0.1596261237705778,0.0615822697116274,0.3055249108598246,20260910
354,L. cornutus,LC,fitted,0.15254114365773888,0.11760346422801037,0.1898440641086568,0.15045318243389794,0.3390429574089853,13.338455479023596,0.1596261237705778,0.0615822697116274,0.3055249108598246,20260910
355,L. cornutus,LC,fitted,0.17794097257595085,0.14029104617964236,0.1698958991351043,0.16186872156320362,0.1782478539380172,4.202136245609052,0.1596261237705778,0.0615822697116274,0.3055249108598246,20260910
356,L. cornutus,LC,fitted,0.13318818039778418,0.16530239650167294,0.20506273047430923,0.16527627791208543,0.30515405487384323,13.9646266345371,0.1596261237705778,0.0615822697116274,0.3055249108598246,20260910
357,L. cornutus,LC,fitted,0.1361613290331419,0.19574099098563993,0.1569606727100864,0.16112965304814506,0.25864609159426255,7.135347258934228,0.1596261237705778,0.0615822697116274,0.3055249108598246,20260910
358,L. cornutus,LC,fitted,0.14944652997014105,0.1746090300201493,0.14839810114436788,0.1570339758210439,0.1300250507745007,21.78416863862892,0.1596261237705778,0.0615822697116274,0.3055249108598246,20260910
359,L. cornutus,LC,fitted,0.147361760296496,0.18708376728273465,0.16560418106883848,0.16589402140175014,0.1687759019464453,16.86416757263009,0.1596261237705778,0.0615822697116274,0.3055249108598246,20260910
360,L. cornutus,LC,fitted,0.09535051356561883,0.2318773115346248,0.14290087973995325,0.14673669455872568,0.6292064100383765,10.177920489805961,0.1596261237705778,0.0615822697116274,0.3055249108598246,20260910
361,L. cornutus,LC,fitted,0.12074578354488875,0.19617155206550374,0.12867513190693833,0.14498871743231898,0.37300284610586826,6.466388128429406,0.1596261237705778,0.0615822697116274,0.3055249108598246,20260910
362,L. cornutus,LC,fitted,0.22069363190013044,0.1863023216029617,0.1595806798975759,0.18721017960109457,0.22933957954445836,10.64426873223594,0.1596261237705778,0.0615822697116274,0.3055249108598246,20260910
363,L. cornutus,LC,fitted,0.2135918296177627,0.12301593230670725,0.17949006290152666,0.16769835506462064,0.39892616697310274,7.095095372906408,0.1596261237705778,0.0615822697116274,0.3055249108598246,20260910
364,L. cornutus,LC,fitted,0.14558642291654675,0.1617950915100696,0.20702563089412224,0.16957823526491395,0.2555167434108452,6.310518619505147,0.1596261237705778,0.0615822697116274,0.3055249108598246,20260910
365,L. cornutus,LC,fitted,0.13525076569773936,0.13908041845189564,0.16935041189362557,0.1471399687505195,0.17330990796325202,19.550462820561123,0.1596261237705778,0.0615822697116274,0.3055249108598246,20260910
366,L. cornutus,LC,fitted,0.14220256538716972,0.16961927501917018,0.12782825222255706,0.1455469676197174,0.202034547714892,19.3644999450484,0.1596261237705778,0.0615822697116274,0.3055249108598246,20260910
367,L. cornutus,LC,fitted,0.12727629030375784,0.13163553524847002,0.17780361343106882,0.14388662027171364,0.2603136491216673,12.271413224449256,0.1596261237705778,0.0615822697116274,0.3055249108598246,20260910
368,L. cornutus,LC,fitted,0.1987114811212126,0.15030934191252787,0.16859540013918872,0.17140292085372136,0.1984284762290869,17.006720664855223,0.1596261237705778,0.0615822697116274,0.3055249108598246,20260910
369,L. cornutus,LC,fitted,0.13089603639933511,0.1559679667969856,0.16307478001450243,0.14931939996014548,0.1643284129716285,12.704482722107908,0.1596261237705778,0.0615822697116274,0.3055249108598246,20260910
370,L. cornutus,LC,fitted,0.15904287843049206,0.1091033211054295,0.18407730627422286,0.14727108375347875,0.3816625224150624,22.34806720741256,0.1596261237705778,0.0615822697116274,0.3055249108598246,20260910
371,L. cornutus,LC,fitted,0.15842209349838088,0.137359407176825,0.19848910099635578,0.16285594121230573,0.2624956262224055,11.620528630716105,0.1596261237705778,0.0615822697116274,0.3055249108598246,20260910
372,L. cornutus,LC,fitted,0.13752024521639022,0.20132385830231245,0.11803929167170638,0.1483984936517487,0.3888660896129688,16.293843638595384,0.1596261237705778,0.0615822697116274,0.3055249108598246,20260910
373,L. cornutus,LC,fitted,0.12502393805942857,0.20705626137779262,0.16393456180656618,0.16190143156102202,0.35705228523677296,16.915979460885094,0.1596261237705778,0.0615822697116274,0.3055249108598246,20260910
374,L. cornutus,LC,fitted,0.15259482871446828,0.2923754857162695,0.12371714421629663,0.17672726358803323,0.6341688084624335,19.67657313080474,0.1596261237705778,0.0615822697116274,0.3055249108598246,20260910
375,L. cornutus,LC,fitted,0.12717428795901217,0.13549146389938868,0.1913264992846659,0.14883170545844984,0.3108577947178007,7.882065016324701,0.1596261237705778,0.0615822697116274,0.3055249108598246,20260910
376,L. cornutus,LC,fitted,0.16008087201059562,0.12279621971763459,0.21972672836129684,0.16285550464327697,0.4119739594382369,11.821949849148329,0.1596261237705778,0.0615822697116274,0.3055249108598246,20260910
377,L. cornutus,LC,fitted,0.22080036434787456,0.10462018389594835,0.16285608646798289,0.15552722375013764,0.5311562430878938,18.186810995108413,0.1596261237705778,0.0615822697116274,0.3055249108598246,20260910
378,L. cornutus,LC,fitted,0.25025740793706225,0.12251086582956665,0.18315457830847118,0.17774324723131263,0.5064133177669599,16.505689673404028,0.1596261237705778,0.0615822697116274,0.3055249108598246,20260910
379,L. cornutus,LC,fitted,0.1583284863970548,0.13596808948372865,0.21111445368415205,0.16564233386339536,0.3159909544471211,17.644441677560675,0.1596261237705778,0.0615822697116274,0.3055249108598246,20260910
380,L. cornutus,LC,fitted,0.20771123121957732,0.1348296196445654,0.1394586499358157,0.15748175597298983,0.3398965211653121,13.239743294531552,0.1596261237705778,0.0615822697116274,0.3055249108598246,20260910
381,L. cornutus,LC,fitted,0.11983409677524848,0.1624807510720642,0.2347719732527481,0.16596233060613705,0.4762422808373676,4.390329413744172,0.1596261237705778,0.0615822697116274,0.3055249108598246,20260910
382,L. cornutus,LC,fitted,0.13413999489534664,0.08949697233938303,0.39045669152650886,0.1673580086528416,1.0763168993062926,17.0967581517045,0.1596261237705778,0.0615822697116274,0.3055249108598246,20260910
383,L. cornutus,LC,fitted,0.19260981893764167,0.15194330644198964,0.1385598201566274,0.1594651438389193,0.24029640118884382,17.56759543842085,0.1596261237705778,0.0615822697116274,0.3055249108598246,20260910
384,L. cornutus,LC,fitted,0.13328953966543206,0.14968537854895675,0.23812624580504177,0.16811026692580777,0.43425136263662734,12.690280505707008,0.1596261237705778,0.0615822697116274,0.3055249108598246,20260910
385,L. cornutus,LC,fitted,0.23251343021390253,0.13162980428019336,0.13184204106433184,0.15920329995551824,0.46389309780855215,7.525150938788019,0.1596261237705778,0.0615822697116274,0.3055249108598246,20260910
386,L. cornutus,LC,fitted,0.2248108484482808,0.1415054630854427,0.14531777899907342,0.1665851973764528,0.36760129604264546,12.285055963600037,0.1596261237705778,0.0615822697116274,0.3055249108598246,20260910
387,L. cornutus,LC,fitted,0.0990316689837877,0.13538818634642905,0.20973498026112908,0.14114816813062633,0.5330644515884045,1.611616523293577,0.1596261237705778,0.0615822697116274,0.3055249108598246,20260910
388,L. cornutus,LC,fitted,0.13497495946402893,0.21181127856392426,0.12426376402173482,0.15258631939593403,0.40590639606998774,6.999526387551308,0.1596261237705778,0.0615822697116274,0.3055249108598246,20260910
389,L. cornutus,LC,fitted,0.1644653647748361,0.19348808250196625,0.17005447969749718,0.17556539451801645,0.12137311264314454,16.280302261691734,0.1596261237705778,0.0615822697116274,0.3055249108598246,20260910
390,L. cornutus,LC,fitted,0.15763034803260179,0.23340869709976342,0.11694316563670902,0.16264619395701727,0.4901871768663395,17.596602867834378,0.1596261237705778,0.0615822697116274,0.3055249108598246,20260910
391,L. cornutus,LC,fitted,0.20741551559486304,0.1627203758643793,0.11453709499854418,0.15694342077465054,0.42222539247079505,0.10750682205692019,0.1596261237705778,0.0615822697116274,0.3055249108598246,20260910
392,L. cornutus,LC,fitted,0.1527170218144402,0.1604137386349241,0.17731500563564287,0.16316418362188592,0.10763328022649832,6.655345182056409,0.1596261237705778,0.0615822697116274,0.3055249108598246,20260910
393,L. cornutus,LC,fitted,0.22764907552857402,0.15663205012551107,0.12497974030808867,0.16456168051790845,0.4283114787310823,0.9152940490082511,0.1596261237705778,0.0615822697116274,0.3055249108598246,20260910
394,L. cornutus,LC,fitted,0.21789413048335057,0.14475521571925098,0.1452012534824344,0.16606701241353886,0.33266975394554993,10.663074006260407,0.1596261237705778,0.0615822697116274,0.3055249108598246,20260910
395,L. cornutus,LC,fitted,0.1922447528457906,0.1841979814451827,0.11628952741133752,0.16028516270203572,0.39414705088884616,5.208986041543575,0.1596261237705778,0.0615822697116274,0.3055249108598246,20260910
396,L. cornutus,LC,fitted,0.14170194669341202,0.19130338520331933,0.15203533517859655,0.16032983140323576,0.22197532557198799,13.350430671069539,0.1596261237705778,0.0615822697116274,0.3055249108598246,20260910
397,L. cornutus,LC,fitted,0.11751447952170302,0.18118726737467053,0.18432085680242963,0.15773612914943685,0.3607221916444371,0.6505177452841551,0.1596261237705778,0.0615822697116274,0.3055249108598246,20260910
398,L. cornutus,LC,fitted,0.12452581109715569,0.16608488257230355,0.16782261342207205,0.1514072440077177,0.2395019593120153,18.115723388677633,0.1596261237705778,0.0615822697116274,0.3055249108598246,20260910
399,L. cornutus,LC,fitted,0.14423514501738108,0.2881780042814252,0.10209902241609099,0.16190161076221446,0.7472409248061157,11.77052322840145,0.1596261237705778,0.0615822697116274,0.3055249108598246,20260910
400,L. cornutus,LC,fitted,0.16971732943796947,0.14235648361546527,0.16220202238991746,0.15765941182396234,0.12908569895945127,18.652252217731846,0.1596261237705778,0.0615822697116274,0.3055249108598246,20260910
401,L. cornutus,LC,fitted,0.1608810310723772,0.20344055363779767,0.12376501838738667,0.15940921638184877,0.3516045740967281,8.262324199210571,0.1596261237705778,0.0615822697116274,0.3055249108598246,20260910
402,L. cornutus,LC,fitted,0.1459359764535016,0.22341103477977603,0.11781475916321456,0.1566109880120961,0.4606644352093253,0.23043171360565218,0.1596261237705778,0.0615822697116274,0.3055249108598246,20260910
403,L. cornutus,LC,fitted,0.17458902450326913,0.11229774416411469,0.1708115428336115,0.14961267754256863,0.3517147040440811,1.7660366005207981,0.1596261237705778,0.0615822697116274,0.3055249108598246,20260910
404,L. cornutus,LC,fitted,0.15373649931161007,0.21475276800914725,0.1254070104592048,0.16057546597267672,0.3840859698320062,8.080479400561309,0.1596261237705778,0.0615822697116274,0.3055249108598246,20260910
405,L. cornutus,LC,fitted,0.12261392767281823,0.20748566996906645,0.15367082348023328,0.15753356821851155,0.37319414475786444,6.531215759320824,0.1596261237705778,0.0615822697116274,0.3055249108598246,20260910
406,L. cornutus,LC,fitted,0.10411846865596207,0.22264279889517857,0.14713969836913465,0.15052966512057958,0.5381525035636021,15.202299979466192,0.1596261237705778,0.0615822697116274,0.3055249108598246,20260910
407,L. cornutus,LC,fitted,0.11301890877195185,0.1565045419847292,0.20805877482382476,0.1543907810042087,0.4318441106166656,2.9742153330631966,0.1596261237705778,0.0615822697116274,0.3055249108598246,20260910
408,L. cornutus,LC,fitted,0.17692839811853467,0.1736299278471767,0.16812460234548937,0.17285600313551527,0.03650290756579338,19.648030108600715,0.1596261237705778,0.0615822697116274,0.3055249108598246,20260910
409,L. cornutus,LC,fitted,0.13213663108896742,0.20545864318840376,0.1942461104138078,0.17406040605973586,0.3398227943898394,21.391906822627934,0.1596261237705778,0.0615822697116274,0.3055249108598246,20260910
410,L. cornutus,LC,fitted,0.19253066281670403,0.27842517262373,0.1065931873932828,0.17877740021576305,0.6849553864580558,5.32518614487026,0.1596261237705778,0.0615822697116274,0.3055249108598246,20260910
411,L. cornutus,LC,fitted,0.13345616533215052,0.18090941264286772,0.17060759765528344,0.16029970546631453,0.2282581294130887,19.508118459365203,0.1596261237705778,0.0615822697116274,0.3055249108598246,20260910
412,L. cornutus,LC,fitted,0.14099218322077312,0.19016602572992317,0.16402287852359404,0.16383655156791582,0.21156602118818002,19.542031907157064,0.1596261237705778,0.0615822697116274,0.3055249108598246,20260910
413,L. cornutus,LC,fitted,0.16599866345682987,0.18140127468788875,0.16722114810938427,0.17140048332182353,0.06964725809526681,10.589526699863757,0.1596261237705778,0.0615822697116274,0.3055249108598246,20260910
414,L. cornutus,LC,fitted,0.2714814971374923,0.18743504464720628,0.10328325497876897,0.1738629250763709,0.6895341008742935,4.471221892597669,0.1596261237705778,0.0615822697116274,0.3055249108598246,20260910
415,L. cornutus,LC,fitted,0.14585440316472642,0.10302794573249222,0.19057333280921834,0.1420078126562228,0.43612683538511876,21.014721637451537,0.1596261237705778,0.0615822697116274,0.3055249108598246,20260910
416,L. cornutus,LC,fitted,0.18387574873535303,0.14691569075659075,0.1322660881777379,0.1528787236689318,0.23799421792094738,9.655353535274287,0.1596261237705778,0.0615822697116274,0.3055249108598246,20260910
417,L. cornutus,LC,fitted,0.1526568731153501,0.15330113396533082,0.11525780527667653,0.13920153524524018,0.2311914554720588,10.877962264907305,0.1596261237705778,0.0615822697116274,0.3055249108598246,20260910
418,L. cornutus,LC,fitted,0.15369462791689278,0.13724123722224182,0.18357717458213488,0.15703169962260224,0.2073692633394497,14.572379177801807,0.1596261237705778,0.0615822697116274,0.3055249108598246,20260910
419,L. cornutus,LC,fitted,0.17847317082120281,0.2009474303013597,0.12668419901005298,0.16562502191507478,0.3388109572129993,14.583730607683563,0.1596261237705778,0.0615822697116274,0.3055249108598246,20260910
420,L. cornutus,LC,fitted,0.1313998704242382,0.19933910500218172,0.15598501087534505,0.15986624327112,0.29622878405642333,5.798683676080246,0.1596261237705778,0.0615822697116274,0.3055249108598246,20260910
421,L. cornutus,LC,fitted,0.1910286210386557,0.17297411110975958,0.15446387141486909,0.17217449635734544,0.15034119437524576,9.226121621368158,0.1596261237705778,0.0615822697116274,0.3055249108598246,20260910
422,L. cornutus,LC,fitted,0.19726429210286972,0.1362765151339388,0.17586803155596983,0.16783613380130602,0.2677225575204335,6.476697791536681,0.1596261237705778,0.0615822697116274,0.3055249108598246,20260910
423,L. cornutus,LC,fitted,0.2088309342954638,0.1399547287933911,0.16026630670575592,0.1673175689228067,0.28785976876252256,0.9828165693932691,0.1596261237705778,0.0615822697116274,0.3055249108598246,20260910
424,L. cornutus,LC,fitted,0.24000567292035566,0.10532994733991237,0.13310319003991009,0.14984903348028675,0.6001617678979763,20.387275142494946,0.1596261237705778,0.0615822697116274,0.3055249108598246,20260910
425,L. cornutus,LC,fitted,0.1234153703498251,0.1804952263945258,0.13548825475547777,0.14451476021663945,0.280171805932555,1.430089938195291,0.1596261237705778,0.0615822697116274,0.3055249108598246,20260910
426,L. cornutus,LC,fitted,0.1465688851807339,0.18483381737051374,0.1520359151382209,0.1602961666714588,0.1763567996403693,15.14437513979541,0.1596261237705778,0.0615822697116274,0.3055249108598246,20260910
427,L. cornutus,LC,fitted,0.17028823341736937,0.11216487429206706,0.16134653978116556,0.1455236983387861,0.32115842221776536,11.958017032947136,0.1596261237705778,0.0615822697116274,0.3055249108598246,20260910
428,L. cornutus,LC,fitted,0.11450619768217056,0.24586442571412437,0.14324809723092827,0.15917365305247763,0.5555474361267417,1.6879113282982114,0.1596261237705778,0.0615822697116274,0.3055249108598246,20260910
429,L. cornutus,LC,fitted,0.11889165383828855,0.20077273057937414,0.12548546654182266,0.14415061774682572,0.40756727850971125,15.448293641159577,0.1596261237705778,0.0615822697116274,0.3055249108598246,20260910
430,L. cornutus,LC,fitted,0.16782630051475475,0.20852207153109675,0.114105816322198,0.15864995190053158,0.43185421048592226,12.997699064152377,0.1596261237705778,0.0615822697116274,0.3055249108598246,20260910
431,L. cornutus,LC,fitted,0.23280536393656034,0.16295244343688534,0.10210048585856969,0.15704612418977515,0.5845807364399275,14.597864485586271,0.1596261237705778,0.0615822697116274,0.3055249108598246,20260910
432,L. cornutus,LC,fitted,0.2410969741276078,0.18218012577143064,0.10531007516646368,0.16661760724456987,0.5958125012126935,14.37642696957822,0.1596261237705778,0.0615822697116274,0.3055249108598246,20260910
433,L. cornutus,LC,fitted,0.1993431468880889,0.17478570182091388,0.11339864091008044,0.15809022614479712,0.41741271945882824,22.003550187645626,0.1596261237705778,0.0615822697116274,0.3055249108598246,20260910
434,L. cornutus,LC,fitted,0.17527666167165493,0.1731098073635849,0.13081114344502176,0.15833010605977604,0.2340028584471925,12.476736685235343,0.1596261237705778,0.0615822697116274,0.3055249108598246,20260910
435,L. cornutus,LC,fitted,0.14601211057148988,0.1453425910622131,0.1869419072730188,0.15830555282055295,0.20366532260457135,18.922733877316237,0.1596261237705778,0.0615822697116274,0.3055249108598246,20260910
436,L. cornutus,LC,fitted,0.10105085135484876,0.26748306534737254,0.1969127363169485,0.17459696569050617,0.7039079274864783,0.23954893324996895,0.1596261237705778,0.0615822697116274,0.3055249108598246,20260910
437,L. cornutus,LC,fitted,0.18646904921133572,0.10466718933232906,0.1578957283935017,0.14552219377171394,0.42039351089143795,22.698272551347422,0.1596261237705778,0.0615822697116274,0.3055249108598246,20260910
438,L. cornutus,LC,fitted,0.207169903929573,0.1358410782692633,0.1751136645871527,0.170173764866234,0.30048770581314305,15.949469616809473,0.1596261237705778,0.0615822697116274,0.3055249108598246,20260910
439,L. cornutus,LC,fitted,0.15414455352033918,0.17206958396883032,0.18655657964719072,0.1704044588779403,0.1354714262039165,8.953435034851239,0.1596261237705778,0.0615822697116274,0.3055249108598246,20260910
440,L. cornutus,LC,fitted,0.12272788250182586,0.21208566692043615,0.17547893895415104,0.16591787876806993,0.39284120478752454,0.4340477116746113,0.1596261237705778,0.0615822697116274,0.3055249108598246,20260910
441,L. cornutus,LC,fitted,0.11366657028403795,0.2145236593296653,0.1388391336243435,0.15015505215449507,0.4592568666754091,16.772535813814475,0.1596261237705778,0.0615822697116274,0.3055249108598246,20260910
442,L. cornutus,LC,fitted,0.1941980240551901,0.17162808210065683,0.13793411391708726,0.16627805985042782,0.24499245325475713,0.8117907164435909,0.1596261237705778,0.0615822697116274,0.3055249108598246,20260910
443,L. cornutus,LC,fitted,0.10788463185219901,0.19679660711441388,0.18669182698584094,0.15825866532689933,0.4707613678859998,13.778379583477093,0.1596261237705778,0.0615822697116274,0.3055249108598246,20260910
444,L. cornutus,LC,fitted,0.15973079480621324,0.20271853013217744,0.12110595462133664,0.1576942529960513,0.36460678439397864,16.029604189872092,0.1596261237705778,0.0615822697116274,0.3055249108598246,20260910
445,L. cornutus,LC,fitted,0.20484050115459437,0.11301050844842622,0.15100925326668127,0.15176771874194434,0.4205971021454813,17.484476261403564,0.1596261237705778,0.0615822697116274,0.3055249108598246,20260910
446,L. cornutus,LC,fitted,0.16594841640181954,0.1670849499826757,0.11477569408321023,0.14709123387316597,0.3038648263204297,9.304728769659448,0.1596261237705778,0.0615822697116274,0.3055249108598246,20260910
447,L. cornutus,LC,fitted,0.10928366911805365,0.14660732367943655,0.19200212501750044,0.14543613446039605,0.39861778046045376,9.459178822292602,0.1596261237705778,0.0615822697116274,0.3055249108598246,20260910
448,L. cornutus,LC,fitted,0.14285984042167693,0.1391100164881257,0.14332083939647774,0.14175094687865195,0.023145569995701925,8.463052079031158,0.1596261237705778,0.0615822697116274,0.3055249108598246,20260910
449,L. cornutus,LC,fitted,0.14217698266042025,0.21698219013312853,0.11984450844134362,0.15462884313815128,0.43216328928596487,8.181185467661086,0.1596261237705778,0.0615822697116274,0.3055249108598246,20260910
450,L. cornutus,LC,fitted,0.18464786564053273,0.1248764441515594,0.15963744572809055,0.1544020973346943,0.2795666781377679,5.568382181679106,0.1596261237705778,0.0615822697116274,0.3055249108598246,20260910
451,L. cornutus,LC,fitted,0.12441648304700162,0.1952440631456177,0.1986469071023442,0.16898410469351394,0.37517910660187653,12.319809764339247,0.1596261237705778,0.0615822697116274,0.3055249108598246,20260910
452,L. cornutus,LC,fitted,0.1469077305619148,0.11153402989264773,0.19842529127206712,0.14814364412874484,0.40748133939772646,13.471545767033787,0.1596261237705778,0.0615822697116274,0.3055249108598246,20260910
453,L. cornutus,LC,fitted,0.16584387637517206,0.10522497380513551,0.18547480925680965,0.1479225551029606,0.42456822269282063,13.007676253580122,0.1596261237705778,0.0615822697116274,0.3055249108598246,20260910
454,L. cornutus,LC,fitted,0.3569546157867667,0.15373052326541997,0.08130991358033283,0.1646286950469311,1.0494098615158793,9.642425777603187,0.1596261237705778,0.0615822697116274,0.3055249108598246,20260910
455,L. cornutus,LC,fitted,0.11652874200128084,0.13852930050747556,0.2482143274097771,0.1588304800443922,0.5603017637807269,19.805839706713595,0.1596261237705778,0.0615822697116274,0.3055249108598246,20260910
456,L. cornutus,LC,fitted,0.17975870542493974,0.13740545506867322,0.16886582827406546,0.16097010488159796,0.19883126743350302,8.099185883666006,0.1596261237705778,0.0615822697116274,0.3055249108598246,20260910
457,L. cornutus,LC,fitted,0.2143625128247991,0.13678647583473105,0.1856906277243583,0.17592490617331769,0.32448364834857774,11.894551491337603,0.1596261237705778,0.0615822697116274,0.3055249108598246,20260910
458,L. cornutus,LC,fitted,0.11924109165675986,0.1359946493777982,0.20638443086501532,0.14958047190859408,0.40506446020642206,18.638157203532934,0.1596261237705778,0.0615822697116274,0.3055249108598246,20260910
459,L. cornutus,LC,fitted,0.21106794825166,0.14054004080917365,0.19243139113865898,0.17871709415374196,0.3014915305287301,14.580095844130204,0.1596261237705778,0.0615822697116274,0.3055249108598246,20260910
460,L. cornutus,LC,fitted,0.14538920138427974,0.1054990182516631,0.23353810189373625,0.15300751850802247,0.5653687839769189,13.025898936484879,0.1596261237705778,0.0615822697116274,0.3055249108598246,20260910
461,L. cornutus,LC,fitted,0.13854055384640887,0.16539633918646096,0.14664388852496824,0.14978060949513478,0.12793965946963776,19.528367315920107,0.1596261237705778,0.0615822697116274,0.3055249108598246,20260910
462,L. cornutus,LC,fitted,0.1316133216409221,0.1770061036440547,0.1644838478975103,0.15648418408799974,0.21824349564294068,18.911469350234803,0.1596261237705778,0.0615822697116274,0.3055249108598246,20260910
463,L. cornutus,LC,fitted,0.2368757040455324,0.14565173477253315,0.13077337744826895,0.16524126333843023,0.4475986842445658,22.484139304226133,0.1596261237705778,0.0615822697116274,0.3055249108598246,20260910
464,L. cornutus,LC,fitted,0.27204129265022287,0.11437623902161889,0.14724800345118838,0.16608867436916722,0.6301765109783891,0.7712238774051521,0.1596261237705778,0.0615822697116274,0.3055249108598246,20260910
465,L. cornutus,LC,fitted,0.18773401815551954,0.17531896384895024,0.15689204627927494,0.17284530983146376,0.12809098509588795,0.7469190211549801,0.1596261237705778,0.0615822697116274,0.3055249108598246,20260910
466,L. cornutus,LC,fitted,0.11628987980984197,0.2379110873811965,0.1577598043612772,0.16342468412484684,0.5079956201671986,6.133741868758955,0.1596261237705778,0.0615822697116274,0.3055249108598246,20260910
467,L. cornutus,LC,fitted,0.18667629964761287,0.10826043581031432,0.20357755789100598,0.16023705396097981,0.48413494470811597,15.668454256574758,0.1596261237705778,0.0615822697116274,0.3055249108598246,20260910
468,L. cornutus,LC,fitted,0.13866276772984942,0.08926432165501645,0.24324597379000182,0.14439798891623182,0.7105900229051072,3.1162456329115393,0.1596261237705778,0.0615822697116274,0.3055249108598246,20260910
469,L. cornutus,LC,fitted,0.20269543599806758,0.1435539689694314,0.08962093815876948,0.1376436624994123,0.5793735471354887,20.36156315587007,0.1596261237705778,0.0615822697116274,0.3055249108598246,20260910
470,L. cornutus,LC,fitted,0.11597619327491536,0.18173350677047406,0.15195063501631426,0.1474015754373315,0.31977575622224147,15.718169651390543,0.1596261237705778,0.0615822697116274,0.3055249108598246,20260910
471,L. cornutus,LC,fitted,0.23805082687497622,0.12024608156908513,0.12384694429903975,0.15247851054390457,0.5459743056915841,14.668097388625803,0.1596261237705778,0.0615822697116274,0.3055249108598246,20260910
472,L. cornutus,LC,fitted,0.15405488567200856,0.14246956012644027,0.19989514387392437,0.1637067554071175,0.2507706935979394,5.856256899791469,0.1596261237705778,0.0615822697116274,0.3055249108598246,20260910
473,L. cornutus,LC,fitted,0.11728324295720395,0.17794144266214884,0.15561829829485624,0.14808960625403159,0.30095810507203663,4.973622595736968,0.1596261237705778,0.0615822697116274,0.3055249108598246,20260910
474,L. cornutus,LC,fitted,0.14007187055459602,0.3632983589072026,0.08383095734751901,0.16218334873607346,1.052341096798215,14.54289885830156,0.1596261237705778,0.0615822697116274,0.3055249108598246,20260910
475,L. cornutus,LC,fitted,0.2226788965458269,0.18847537625584204,0.08619381879386372,0.153509974890647,0.7166503894405712,4.250853456791226,0.1596261237705778,0.0615822697116274,0.3055249108598246,20260910
476,L. cornutus,LC,fitted,0.10901459710016034,0.23047717641674187,0.14433189010909173,0.15363551690344027,0.5348894456580425,1.7391259238942043,0.1596261237705778,0.0615822697116274,0.3055249108598246,20260910
477,L. cornutus,LC,fitted,0.16737946366857748,0.10524442752959409,0.23312420627060104,0.16013867010264318,0.5649542950517106,3.6347216146253496,0.1596261237705778,0.0615822697116274,0.3055249108598246,20260910
478,L. cornutus,LC,fitted,0.12349931493458877,0.25256226652553937,0.15345378360944648,0.16852727762382083,0.5187325837181442,9.112558430870436,0.1596261237705778,0.0615822697116274,0.3055249108598246,20260910
479,L. cornutus,LC,fitted,0.2698851308577374,0.1331183700445244,0.12310343369537151,0.1641455217453786,0.611502002001348,11.76547311032271,0.1596261237705778,0.0615822697116274,0.3055249108598246,20260910
480,L. cornutus,LC,fitted,0.21327101411547258,0.15567878907907498,0.11847551924481252,0.1578568018706313,0.41602606660075775,21.66796692182379,0.1596261237705778,0.0615822697116274,0.3055249108598246,20260910
481,L. cornutus,LC,fitted,0.1456148442253457,0.21809003472619354,0.1493540417071022,0.1680168418131482,0.3199697247326373,19.860544840134715,0.1596261237705778,0.0615822697116274,0.3055249108598246,20260910
482,L. cornutus,LC,fitted,0.15206672585316322,0.15305065734386125,0.1310840864302761,0.14503510110682508,0.1239506925224014,17.92229040518194,0.1596261237705778,0.0615822697116274,0.3055249108598246,20260910
483,L. cornutus,LC,fitted,0.15955799858923722,0.09740649271768656,0.27834773407273666,0.16294138074855444,0.7428914131763102,11.444009473290578,0.1596261237705778,0.0615822697116274,0.3055249108598246,20260910
484,L. cornutus,LC,fitted,0.14678419053686145,0.18200508027436701,0.13808966109022688,0.15451642525235126,0.20512802473879588,2.1129194865846683,0.1596261237705778,0.0615822697116274,0.3055249108598246,20260910
485,L. cornutus,LC,fitted,0.16486183529601187,0.17017797734656795,0.14120793571851029,0.1582319562364049,0.14120557457840954,15.587176016071407,0.1596261237705778,0.0615822697116274,0.3055249108598246,20260910
486,L. cornutus,LC,fitted,0.12931297701240407,0.12345611867981875,0.19352783134704046,0.1456462765582895,0.34966137186229174,11.580475343394085,0.1596261237705778,0.0615822697116274,0.3055249108598246,20260910
487,L. cornutus,LC,fitted,0.15960734500497037,0.11838109018073506,0.1806679325399412,0.1505701077125602,0.30733650504048493,9.24200362003463,0.1596261237705778,0.0615822697116274,0.3055249108598246,20260910
488,L. cornutus,LC,fitted,0.14196021662149244,0.11677656907646913,0.2965903234271763,0.17004340029357798,0.6951757842964816,19.10633317539522,0.1596261237705778,0.0615822697116274,0.3055249108598246,20260910
489,L. cornutus,LC,fitted,0.12837860733087866,0.10236774558050205,0.2750288541264003,0.15346570995557682,0.73223122410467,1.5521068902640929,0.1596261237705778,0.0615822697116274,0.3055249108598246,20260910
490,L. cornutus,LC,fitted,0.22625892525717645,0.16443490795242496,0.1086786247239418,0.15931180485303703,0.5199577833928548,7.939875535838273,0.1596261237705778,0.0615822697116274,0.3055249108598246,20260910
491,L. cornutus,LC,fitted,0.16708821124498519,0.13343365075989902,0.1652665809330062,0.15445385070954787,0.17933673953258208,6.576076634134148,0.1596261237705778,0.0615822697116274,0.3055249108598246,20260910
492,L. cornutus,LC,fitted,0.19151822184138412,0.20141012698290722,0.17005690474112287,0.1871954225134714,0.12287326701753691,1.75081308429053,0.1596261237705778,0.0615822697116274,0.3055249108598246,20260910
493,L. cornutus,LC,fitted,0.19310998450412442,0.11401275360705566,0.16119804927271622,0.15253610361260708,0.3787002228807507,18.805242085656467,0.1596261237705778,0.0615822697116274,0.3055249108598246,20260910
494,L. cornutus,LC,fitted,0.1292479920650418,0.1415943450663967,0.17865720104139135,0.14842147612366702,0.23606915071834386,20.74086980641743,0.1596261237705778,0.0615822697116274,0.3055249108598246,20260910
495,L. cornutus,LC,fitted,0.15872466116938422,0.15517956113668946,0.15316813925652373,0.15567389371640325,0.02549687664750393,7.520602633890036,0.1596261237705778,0.0615822697116274,0.3055249108598246,20260910
496,L. cornutus,LC,fitted,0.13601913747288305,0.1433608343556425,0.2139246404318279,0.1609769825254328,0.3502495324240331,16.968772775640545,0.1596261237705778,0.0615822697116274,0.3055249108598246,20260910
497,L. cornutus,LC,fitted,0.24073048349004977,0.19367317961474917,0.0910360222892028,0.16190910846414902,0.7217603782149966,16.751624343734356,0.1596261237705778,0.0615822697116274,0.3055249108598246,20260910
498,L. cornutus,LC,fitted,0.13029112868350026,0.1640586637998429,0.18795952338366934,0.15897400561611202,0.2619761922463394,0.5141683077439865,0.1596261237705778,0.0615822697116274,0.3055249108598246,20260910
499,L. cornutus,LC,fitted,0.15324282858880497,0.19654874655384588,0.1633662541393978,0.17008692506875994,0.18278468676937873,23.596786244681525,0.1596261237705778,0.0615822697116274,0.3055249108598246,20260910
0,A. pennsylvanica,AP,fitted,0.16063933531655933,0.2517598122143296,0.16351659597453128,0.18770105515717228,0.3598346709857345,12.038714373652692,0.1864435643921398,0.1801929513142672,0.2184304082801287,20260910
1,A. pennsylvanica,AP,fitted,0.14366496118142894,0.23763527574201612,0.1493974226245832,0.1721346463577654,0.39589916214637955,9.113281565023653,0.1864435643921398,0.1801929513142672,0.2184304082801287,20260910
2,A. pennsylvanica,AP,fitted,0.24954217520591807,0.2713008447344851,0.24962235938420183,0.2566213953383396,0.06812865484607808,21.099102072552885,0.1864435643921398,0.1801929513142672,0.2184304082801287,20260910
3,A. pennsylvanica,AP,fitted,0.20671330971194218,0.12149439376530807,0.21287056373966776,0.17485582169397876,0.44640454740247354,10.990998475598555,0.1864435643921398,0.1801929513142672,0.2184304082801287,20260910
4,A. pennsylvanica,AP,fitted,0.19728553745959876,0.20119715892125717,0.19230133325736132,0.19689429355093105,0.032068886263568255,18.16673696935159,0.1864435643921398,0.1801929513142672,0.2184304082801287,20260910
5,A. pennsylvanica,AP,fitted,0.14612744678134731,0.15863675075506264,0.20098748645806755,0.16701989526377647,0.23405731582705203,2.2275613243784864,0.1864435643921398,0.1801929513142672,0.2184304082801287,20260910
6,A. pennsylvanica,AP,fitted,0.1287517699982159,0.16772860229254022,0.13528746842216188,0.14295717872441105,0.19882392478509758,9.200367419727215,0.1864435643921398,0.1801929513142672,0.2184304082801287,20260910
7,A. pennsylvanica,AP,fitted,0.27834054931079816,0.18306000985349508,0.15522526244203497,0.19924042283102128,0.4257581398448369,21.808800633099427,0.1864435643921398,0.1801929513142672,0.2184304082801287,20260910
8,A. pennsylvanica,AP,fitted,0.24367569521229804,0.1898838731663379,0.14704149241168543,0.18948728177938268,0.3571853709962295,16.987282558661605,0.1864435643921398,0.1801929513142672,0.2184304082801287,20260910
9,A. pennsylvanica,AP,fitted,0.2173049648561656,0.19310508140147248,0.1970290638917256,0.20220778953008062,0.08932870377463709,20.346546489184597,0.1864435643921398,0.1801929513142672,0.2184304082801287,20260910
10,A. pennsylvanica,AP,fitted,0.17036501314536248,0.1859344709591538,0.14407447422530167,0.16587303419444382,0.183302479982367,1.7269325587966051,0.1864435643921398,0.1801929513142672,0.2184304082801287,20260910
11,A. pennsylvanica,AP,fitted,0.17567902183590176,0.21046304051382606,0.24772141435735998,0.2092279815073647,0.24310144753011337,14.348676016751647,0.1864435643921398,0.1801929513142672,0.2184304082801287,20260910
12,A. pennsylvanica,AP,fitted,0.22272589941253884,0.16901540794558384,0.1982484891434385,0.19541998181502593,0.19591963727607534,14.57304358610585,0.1864435643921398,0.1801929513142672,0.2184304082801287,20260910
13,A. pennsylvanica,AP,fitted,0.24533969761719845,0.2023952489030264,0.23192204644432332,0.22582398031416337,0.1399212303982805,12.99197898337923,0.1864435643921398,0.1801929513142672,0.2184304082801287,20260910
14,A. pennsylvanica,AP,fitted,0.13419775588011856,0.18023230452331243,0.20749707791460836,0.1712103275402826,0.3145120694712501,13.613087481476814,0.1864435643921398,0.1801929513142672,0.2184304082801287,20260910
15,A. pennsylvanica,AP,fitted,0.1982014498803617,0.24091388883392093,0.18453644037977904,0.2065460694108321,0.19515855078360012,6.820550697150857,0.1864435643921398,0.1801929513142672,0.2184304082801287,20260910
16,A. pennsylvanica,AP,fitted,0.20085857464865578,0.21442149697244545,0.21242902561928503,0.2091498315242969,0.0499786211289249,18.59837500653862,0.1864435643921398,0.1801929513142672,0.2184304082801287,20260910
17,A. pennsylvanica,AP,fitted,0.33597602883630867,0.22454236830917573,0.22983356652461256,0.25882527411693745,0.3199436842100134,14.283478093315395,0.1864435643921398,0.1801929513142672,0.2184304082801287,20260910
18,A. pennsylvanica,AP,fitted,0.2248512427096261,0.13099006290934326,0.1266021146335262,0.15506895761876616,0.4557147039514511,4.868794917726957,0.1864435643921398,0.1801929513142672,0.2184304082801287,20260910
19,A. pennsylvanica,AP,fitted,0.2872088424494495,0.14615699603575044,0.15537009957983963,0.18683645552810713,0.5283818180858166,18.838355830649313,0.1864435643921398,0.1801929513142672,0.2184304082801287,20260910
20,A. pennsylvanica,AP,fitted,0.17855429946275447,0.12300046420386915,0.1849502669705146,0.1595550943315097,0.31965023941430504,7.802939141692319,0.1864435643921398,0.1801929513142672,0.2184304082801287,20260910
21,A. pennsylvanica,AP,fitted,0.13242829810856394,0.11274909240252001,0.16658355716878231,0.1354904425620808,0.27742282949116387,4.86404355734622,0.1864435643921398,0.1801929513142672,0.2184304082801287,20260910
22,A. pennsylvanica,AP,fitted,0.2274963926562554,0.16647223728058844,0.2633120539760106,0.21524299373982647,0.3312318296503479,2.0435909217469668,0.1864435643921398,0.1801929513142672,0.2184304082801287,20260910
23,A. pennsylvanica,AP,fitted,0.15452136421336307,0.16006511443797294,0.1682361474836748,0.1608427584442612,0.06042198762216376,21.323934993116854,0.1864435643921398,0.1801929513142672,0.2184304082801287,20260910
24,A. pennsylvanica,AP,fitted,0.12810221569329913,0.1963875700863345,0.149763584109986,0.1556057427866181,0.3057332957372956,1.101127568473867,0.1864435643921398,0.1801929513142672,0.2184304082801287,20260910
25,A. pennsylvanica,AP,fitted,0.1576013801420011,0.16373543458218126,0.17068900949853943,0.1639215620074431,0.056426113180214565,3.4590230953826984,0.1864435643921398,0.1801929513142672,0.2184304082801287,20260910
26,A. pennsylvanica,AP,fitted,0.24170653424687666,0.14469573155091395,0.1392401225956166,0.1694999219968437,0.4354762973672413,0.3142637720437724,0.1864435643921398,0.1801929513142672,0.2184304082801287,20260910
27,A. pennsylvanica,AP,fitted,0.21987037061603604,0.12486421250731614,0.16252226744442877,0.16462881592809947,0.4003997888344526,21.72923626039418,0.1864435643921398,0.1801929513142672,0.2184304082801287,20260910
28,A. pennsylvanica,AP,fitted,0.27608587513982613,0.2006078418540599,0.18880833784497117,0.21867766151141493,0.2887039941419956,23.816731993586647,0.1864435643921398,0.1801929513142672,0.2184304082801287,20260910
29,A. pennsylvanica,AP,fitted,0.12163129420888542,0.1673930580461914,0.1017943243208738,0.12749762994938257,0.35640802742811106,18.734864574750862,0.1864435643921398,0.1801929513142672,0.2184304082801287,20260910
30,A. pennsylvanica,AP,fitted,0.1660349918918339,0.24764026669787387,0.1378608779426404,0.17830108094547198,0.4232744338770185,22.23612006534016,0.1864435643921398,0.1801929513142672,0.2184304082801287,20260910
31,A. pennsylvanica,AP,fitted,0.17403070912259716,0.17370115419959928,0.14045196923930164,0.16192682814560874,0.17426060627367515,5.461190749962571,0.1864435643921398,0.1801929513142672,0.2184304082801287,20260910
32,A. pennsylvanica,AP,fitted,0.23024244675088984,0.2516555164305388,0.1712105138228196,0.21486916316433255,0.2852014583931134,11.393949165224264,0.1864435643921398,0.1801929513142672,0.2184304082801287,20260910
33,A. pennsylvanica,AP,fitted,0.14347750793260433,0.20895428251453305,0.14302138375105472,0.16245959226864426,0.3082595761234288,22.229537781368734,0.1864435643921398,0.1801929513142672,0.2184304082801287,20260910
34,A. pennsylvanica,AP,fitted,0.2464221647322354,0.26152427418245155,0.327397508446232,0.2763264014298277,0.2119228614992518,13.234441987371873,0.1864435643921398,0.1801929513142672,0.2184304082801287,20260910
35,A. pennsylvanica,AP,fitted,0.18271212437696155,0.1905242451512321,0.16583392753864815,0.17938949244307864,0.10068223392167319,19.768668763108664,0.1864435643921398,0.1801929513142672,0.2184304082801287,20260910
36,A. pennsylvanica,AP,fitted,0.2346726168179291,0.2618620980772211,0.19629706726426754,0.22934166273434825,0.20571443969810907,6.756697707617557,0.1864435643921398,0.1801929513142672,0.2184304082801287,20260910
37,A. pennsylvanica,AP,fitted,0.1727497377442678,0.17239152266566848,0.3534779575711967,0.2191619788508468,0.5854421882307218,2.7643795685361,0.1864435643921398,0.1801929513142672,0.2184304082801287,20260910
38,A. pennsylvanica,AP,fitted,0.23396396996545407,0.13422951189431404,0.14222095786419822,0.16468480532085056,0.43198908322408697,7.434458864689138,0.1864435643921398,0.1801929513142672,0.2184304082801287,20260910
39,A. pennsylvanica,AP,fitted,0.20850315372624148,0.19995766627577963,0.2997754739018818,0.23206817946986566,0.3149311366219171,10.784855796355771,0.1864435643921398,0.1801929513142672,0.2184304082801287,20260910
40,A. pennsylvanica,AP,fitted,0.21838864862552404,0.18461500390226904,0.2498889889268315,0.215980590819666,0.21450273908889111,14.271249799037593,0.1864435643921398,0.1801929513142672,0.2184304082801287,20260910
41,A. pennsylvanica,AP,fitted,0.25734132705107554,0.22407201772554605,0.25348431920133613,0.2445021898829656,0.1073994327618223,17.482635703581288,0.1864435643921398,0.1801929513142672,0.2184304082801287,20260910
42,A. pennsylvanica,AP,fitted,0.18096394684687994,0.22425039594526613,0.17493091693452695,0.1921899248399809,0.19046767484050908,19.503823225818007,0.1864435643921398,0.1801929513142672,0.2184304082801287,20260910
43,A. pennsylvanica,AP,fitted,0.3016461134301354,0.32273097882028257,0.16504017240311644,0.2523341435582203,0.5221742800088438,3.25439554208085,0.1864435643921398,0.1801929513142672,0.2184304082801287,20260910
44,A. pennsylvanica,AP,fitted,0.15915911921081813,0.2497156307195091,0.2480851586684525,0.2144335223623937,0.3651200973003656,4.438673872707114,0.1864435643921398,0.1801929513142672,0.2184304082801287,20260910
45,A. pennsylvanica,AP,fitted,0.16328305344053196,0.14852902955900973,0.20783940879848864,0.17145893363723266,0.24499753998155702,5.9098866645601875,0.1864435643921398,0.1801929513142672,0.2184304082801287,20260910
46,A. pennsylvanica,AP,fitted,0.1857466515460272,0.1686569528317163,0.2089387429187421,0.18706020537461523,0.15168984253905576,0.4630972973584564,0.1864435643921398,0.1801929513142672,0.2184304082801287,20260910
47,A. pennsylvanica,AP,fitted,0.13585322322442073,0.26808185811848384,0.20445509400786055,0.19527430574849386,0.4839152453372471,4.80363444954072,0.1864435643921398,0.1801929513142672,0.2184304082801287,20260910
48,A. pennsylvanica,AP,fitted,0.20463656804318345,0.21035865324967795,0.24362865464774797,0.21888903037961682,0.13258793012220205,0.8574136037115601,0.1864435643921398,0.1801929513142672,0.2184304082801287,20260910
49,A. pennsylvanica,AP,fitted,0.16579340888401736,0.17188496664858977,0.17589157216404216,0.1711394224594854,0.042145471816232044,3.262802560554084,0.1864435643921398,0.1801929513142672,0.2184304082801287,20260910
50,A. pennsylvanica,AP,fitted,0.19855557090953804,0.25788484374455806,0.20584576151630593,0.21925521985272833,0.20037636599226444,5.74178177108663,0.1864435643921398,0.1801929513142672,0.2184304082801287,20260910
51,A. pennsylvanica,AP,fitted,0.22468266803530448,0.14794813007579585,0.16294770761070357,0.17562072646102017,0.30936103710245966,13.572530778766168,0.1864435643921398,0.1801929513142672,0.2184304082801287,20260910
52,A. pennsylvanica,AP,fitted,0.18837213951099713,0.2208915887772707,0.18707630617236348,0.19818534872065247,0.1329369019867745,16.568864927589566,0.1864435643921398,0.1801929513142672,0.2184304082801287,20260910
53,A. pennsylvanica,AP,fitted,0.20798883380208538,0.1453557606079878,0.11449079464496521,0.15126819074235914,0.4249505265897236,4.117776080677116,0.1864435643921398,0.1801929513142672,0.2184304082801287,20260910
54,A. pennsylvanica,AP,fitted,0.20268230577434015,0.1623084804581365,0.19416563233853568,0.18554238574685064,0.16664004235226051,10.94671845778749,0.1864435643921398,0.1801929513142672,0.2184304082801287,20260910
55,A. pennsylvanica,AP,fitted,0.16695739168341936,0.19471678037662207,0.15828611127136163,0.17264365174669435,0.1521063731366835,20.808038479604335,0.1864435643921398,0.1801929513142672,0.2184304082801287,20260910
56,A. pennsylvanica,AP,fitted,0.24516524792710426,0.2798072979787722,0.1622829591282473,0.2232870940491973,0.40185527514646047,6.793199829191849,0.1864435643921398,0.1801929513142672,0.2184304082801287,20260910
57,A. pennsylvanica,AP,fitted,0.24976567924455584,0.17542511829329377,0.23593506550919072,0.21784069321882626,0.2682621651907098,7.165993390393561,0.1864435643921398,0.1801929513142672,0.2184304082801287,20260910
58,A. pennsylvanica,AP,fitted,0.16502267040307503,0.18611013395445108,0.15156345189693282,0.16696907456280025,0.14590174091603964,3.7896225713489002,0.1864435643921398,0.1801929513142672,0.2184304082801287,20260910
59,A. pennsylvanica,AP,fitted,0.1654145045489455,0.1599788392741814,0.10962838523667141,0.14262195405139635,0.3230967527360449,1.2961154383497204,0.1864435643921398,0.1801929513142672,0.2184304082801287,20260910
60,A. pennsylvanica,AP,fitted,0.15062926967653184,0.16729524099233606,0.1476032144798177,0.15493977619019425,0.09505631291674838,17.597367393568607,0.1864435643921398,0.1801929513142672,0.2184304082801287,20260910
61,A. pennsylvanica,AP,fitted,0.1961126597006139,0.1951950832669332,0.2239268896279884,0.2046571477406494,0.1102566923874656,17.688642669875158,0.1864435643921398,0.1801929513142672,0.2184304082801287,20260910
62,A. pennsylvanica,AP,fitted,0.2648053705887731,0.20444000004243487,0.13008053626448113,0.19167625992704515,0.508804129807539,13.987041150336669,0.1864435643921398,0.1801929513142672,0.2184304082801287,20260910
63,A. pennsylvanica,AP,fitted,0.13466299798696427,0.17977506949206876,0.16528932486602482,0.15875991217525026,0.21018385669957032,1.8867168202383002,0.1864435643921398,0.1801929513142672,0.2184304082801287,20260910
64,A. pennsylvanica,AP,fitted,0.24517601263914665,0.20243310161125166,0.22652937864037914,0.2240240685294761,0.13614131955476838,23.40084153715016,0.1864435643921398,0.1801929513142672,0.2184304082801287,20260910
65,A. pennsylvanica,AP,fitted,0.2136234780385252,0.15587996331023865,0.1809337889540793,0.18196435322722357,0.22293824043044708,20.850999573138846,0.1864435643921398,0.1801929513142672,0.2184304082801287,20260910
66,A. pennsylvanica,AP,fitted,0.15922090044170903,0.1839457192753696,0.20007708005379446,0.18028615115189894,0.16337482692633568,0.7499720843469282,0.1864435643921398,0.1801929513142672,0.2184304082801287,20260910
67,A. pennsylvanica,AP,fitted,0.14663551079680243,0.19479137140041614,0.16240502344085908,0.16677698179028658,0.20342208643370124,14.531070359412523,0.1864435643921398,0.1801929513142672,0.2184304082801287,20260910
68,A. pennsylvanica,AP,fitted,0.22496917383066808,0.2617559974740366,0.30495775408804704,0.2618704201861411,0.21510952666532976,21.735711990082134,0.1864435643921398,0.1801929513142672,0.2184304082801287,20260910
69,A. pennsylvanica,AP,fitted,0.18245522579264914,0.1325200659772297,0.22100623951824494,0.17482927706209558,0.36541529352041036,21.131829632912428,0.1864435643921398,0.1801929513142672,0.2184304082801287,20260910
70,A. pennsylvanica,AP,fitted,0.16403897603903972,0.25223926976119965,0.18715521904521404,0.19784294321271037,0.3117597124342628,22.05632069744471,0.1864435643921398,0.1801929513142672,0.2184304082801287,20260910
71,A. pennsylvanica,AP,fitted,0.14335303456612375,0.1883174246247547,0.2269239121782263,0.18297533588848655,0.32668409315077107,4.481230076760404,0.1864435643921398,0.1801929513142672,0.2184304082801287,20260910
72,A. pennsylvanica,AP,fitted,0.20367118771302,0.1264796862971379,0.20506171425301795,0.1741586246844265,0.39180681843226106,18.82295721165761,0.1864435643921398,0.1801929513142672,0.2184304082801287,20260910
73,A. pennsylvanica,AP,fitted,0.1729790087237576,0.1950457361317357,0.17588250840817704,0.18104401478062762,0.09199214745369837,12.420964974705484,0.1864435643921398,0.1801929513142672,0.2184304082801287,20260910
74,A. pennsylvanica,AP,fitted,0.30026912115202786,0.22401952645500064,0.2889562967205704,0.2688703444032624,0.22515469234233604,13.235170157262093,0.1864435643921398,0.1801929513142672,0.2184304082801287,20260910
75,A. pennsylvanica,AP,fitted,0.21617158853813365,0.21484793735789806,0.23333182649752038,0.22129312806385812,0.06502409328754008,7.03902843470625,0.1864435643921398,0.1801929513142672,0.2184304082801287,20260910
76,A. pennsylvanica,AP,fitted,0.16196948263531777,0.1807509894488167,0.13914167894791796,0.15970690958135206,0.1857992463978492,9.273522364596403,0.1864435643921398,0.1801929513142672,0.2184304082801287,20260910
77,A. pennsylvanica,AP,fitted,0.11634038763091396,0.17073098345133284,0.1651930191256728,0.14859750344837674,0.30062643962550445,18.9071423514505,0.1864435643921398,0.1801929513142672,0.2184304082801287,20260910
78,A. pennsylvanica,AP,fitted,0.1667067457519529,0.19079205072885744,0.2224346410851876,0.19197232488082708,0.20406734393823817,22.25739489416294,0.1864435643921398,0.1801929513142672,0.2184304082801287,20260910
79,A. pennsylvanica,AP,fitted,0.10665044537826868,0.11589263625402871,0.15267079149015625,0.123573351107167,0.2655549922035271,2.3378466383421745,0.1864435643921398,0.1801929513142672,0.2184304082801287,20260910
80,A. pennsylvanica,AP,fitted,0.22771265918811648,0.2528483181643167,0.1760390873170065,0.21641404913768675,0.26350932771649754,9.840915274180919,0.1864435643921398,0.1801929513142672,0.2184304082801287,20260910
81,A. pennsylvanica,AP,fitted,0.14014181827924954,0.24345553401982933,0.15011564731706184,0.17237374640316683,0.4256520157905916,19.320491550987047,0.1864435643921398,0.1801929513142672,0.2184304082801287,20260910
82,A. pennsylvanica,AP,fitted,0.24778045172369023,0.2888088312357271,0.22389884831616008,0.25210209593951816,0.18125001594102355,21.352110089187093,0.1864435643921398,0.1801929513142672,0.2184304082801287,20260910
83,A. pennsylvanica,AP,fitted,0.21325883827948397,0.16084164238404408,0.1695564346565942,0.17983460748983995,0.21208876877075297,7.401568690464076,0.1864435643921398,0.1801929513142672,0.2184304082801287,20260910
84,A. pennsylvanica,AP,fitted,0.1654962490031315,0.19127988974670582,0.16970398922727462,0.17513912394533981,0.10941980852413268,7.507795183698411,0.1864435643921398,0.1801929513142672,0.2184304082801287,20260910
85,A. pennsylvanica,AP,fitted,0.18169227215126887,0.12852771404517319,0.21411476921962916,0.17099888877649738,0.3684515329693227,6.719147107357287,0.1864435643921398,0.1801929513142672,0.2184304082801287,20260910
86,A. pennsylvanica,AP,fitted,0.2863853777094693,0.2725273763813492,0.17540380552057863,0.2392213823144824,0.3816515532426754,22.815248741314882,0.1864435643921398,0.1801929513142672,0.2184304082801287,20260910
87,A. pennsylvanica,AP,fitted,0.2297178476063003,0.21802042811535602,0.17174804728200474,0.2048933727825376,0.21925674146527252,19.564763883663097,0.1864435643921398,0.1801929513142672,0.2184304082801287,20260910
88,A. pennsylvanica,AP,fitted,0.226908126133989,0.24382200762548834,0.3216872412459761,0.261087209281237,0.2606409204396649,10.542179809829257,0.1864435643921398,0.1801929513142672,0.2184304082801287,20260910
89,A. pennsylvanica,AP,fitted,0.1594395228527249,0.15060783938057076,0.13388982309392505,0.1475923034075974,0.12595426216320807,3.1740356932654787,0.1864435643921398,0.1801929513142672,0.2184304082801287,20260910
90,A. pennsylvanica,AP,fitted,0.14523875334401118,0.17572013085102428,0.15316479664737556,0.157526756065544,0.13903423938349307,2.714738493924753,0.1864435643921398,0.1801929513142672,0.2184304082801287,20260910
91,A. pennsylvanica,AP,fitted,0.16909732742069847,0.13081113559391955,0.2464402155700073,0.1759939261529738,0.45052472567000146,15.01398782623787,0.1864435643921398,0.1801929513142672,0.2184304082801287,20260910
92,A. pennsylvanica,AP,fitted,0.24066735127751565,0.2379664167111303,0.16569581181903104,0.21171329280128032,0.30026571062187163,13.487474363975434,0.1864435643921398,0.1801929513142672,0.2184304082801287,20260910
93,A. pennsylvanica,AP,fitted,0.1657792774326271,0.17921382351453108,0.11767354066726403,0.15177265206162088,0.3164933536554276,10.851281866035627,0.1864435643921398,0.1801929513142672,0.2184304082801287,20260910
94,A. pennsylvanica,AP,fitted,0.17470719350935587,0.22670378628037008,0.26972715345213316,0.220240952505328,0.30913227401071786,9.44488088973969,0.1864435643921398,0.1801929513142672,0.2184304082801287,20260910
95,A. pennsylvanica,AP,fitted,0.13467939672758006,0.23393486498644378,0.17616379742790983,0.17705339529667577,0.39047464008614463,8.642258081362588,0.1864435643921398,0.1801929513142672,0.2184304082801287,20260910
96,A. pennsylvanica,AP,fitted,0.15765826693167426,0.2063612831936459,0.15569317488625434,0.17174002203048888,0.22509502278618654,11.36636907974868,0.1864435643921398,0.1801929513142672,0.2184304082801287,20260910
97,A. pennsylvanica,AP,fitted,0.2203259731832067,0.2550364016268157,0.20893529759575294,0.22727930626479487,0.14602973892627913,3.961468506963576,0.1864435643921398,0.1801929513142672,0.2184304082801287,20260910
98,A. pennsylvanica,AP,fitted,0.18210988178228507,0.19364682785987933,0.1913087031253638,0.18895550209352574,0.04600371095787359,19.7468949224155,0.1864435643921398,0.1801929513142672,0.2184304082801287,20260910
99,A. pennsylvanica,AP,fitted,0.20261876502077825,0.2803728948886093,0.18217448301399777,0.2179220012400275,0.31764716286734085,7.090991385761876,0.1864435643921398,0.1801929513142672,0.2184304082801287,20260910
100,A. pennsylvanica,AP,fitted,0.16397728785526886,0.22807107886128133,0.20559343239421018,0.19737298882769014,0.2385881684535765,8.634356471255465,0.1864435643921398,0.1801929513142672,0.2184304082801287,20260910
101,A. pennsylvanica,AP,fitted,0.21589693550217476,0.30322674032621727,0.314385161067223,0.2740471804298589,0.29321619589461256,0.08576925565718163,0.1864435643921398,0.1801929513142672,0.2184304082801287,20260910
102,A. pennsylvanica,AP,fitted,0.15834123363997007,0.13883175093837255,0.1665924567892029,0.1541390646889548,0.13303979622890497,10.553302319707427,0.1864435643921398,0.1801929513142672,0.2184304082801287,20260910
103,A. pennsylvanica,AP,fitted,0.1789353765300815,0.20363956771828753,0.24276438652747562,0.2068145636612782,0.2165452785274168,10.912350666604826,0.1864435643921398,0.1801929513142672,0.2184304082801287,20260910
104,A. pennsylvanica,AP,fitted,0.21237410806767182,0.211098316108193,0.18191564430894816,0.20128842203625424,0.12401216007055224,1.6125091076572593,0.1864435643921398,0.1801929513142672,0.2184304082801287,20260910
105,A. pennsylvanica,AP,fitted,0.17873256112166677,0.24170856650684958,0.20569415422167797,0.2071281964140471,0.21360415002584543,6.307510253291179,0.1864435643921398,0.1801929513142672,0.2184304082801287,20260910
106,A. pennsylvanica,AP,fitted,0.2221571722648904,0.1842958332699607,0.18907900531186972,0.19782130145270316,0.1432465461837852,21.220884046242293,0.1864435643921398,0.1801929513142672,0.2184304082801287,20260910
107,A. pennsylvanica,AP,fitted,0.15051198450490647,0.13267637849616823,0.2133936129832073,0.16212451966130711,0.3481454659295775,16.63617625164099,0.1864435643921398,0.1801929513142672,0.2184304082801287,20260910
108,A. pennsylvanica,AP,fitted,0.21832108035213296,0.191343554157725,0.1995494280884701,0.20276204617687532,0.09529392893433528,19.73164376258351,0.1864435643921398,0.1801929513142672,0.2184304082801287,20260910
109,A. pennsylvanica,AP,fitted,0.17571550782399334,0.15618982044105026,0.1369680901264343,0.1554869958034723,0.17623979975947296,23.599364585761226,0.1864435643921398,0.1801929513142672,0.2184304082801287,20260910
110,A. pennsylvanica,AP,fitted,0.19083484875350856,0.11003050377743626,0.13284234637698605,0.14076751417516045,0.3957838358901843,7.128426028324755,0.1864435643921398,0.1801929513142672,0.2184304082801287,20260910
111,A. pennsylvanica,AP,fitted,0.2524669132129642,0.18907458631657706,0.3140464153305744,0.2465720371022231,0.35995036783566875,4.268944204143646,0.1864435643921398,0.1801929513142672,0.2184304082801287,20260910
112,A. pennsylvanica,AP,fitted,0.19571361110874796,0.20367512884727146,0.2392377598146198,0.21206203222043163,0.15034598141004316,23.609265565496692,0.1864435643921398,0.1801929513142672,0.2184304082801287,20260910
113,A. pennsylvanica,AP,fitted,0.144742833408411,0.10939526323016906,0.133514685907494,0.12834379455881947,0.203808073794408,9.2155034501362,0.1864435643921398,0.1801929513142672,0.2184304082801287,20260910
114,A. pennsylvanica,AP,fitted,0.24506437081001872,0.17381143149370024,0.16488038579585773,0.1915031118441784,0.30433719601723697,5.133073280671929,0.1864435643921398,0.1801929513142672,0.2184304082801287,20260910
115,A. pennsylvanica,AP,fitted,0.13620164563727474,0.15393808657999278,0.1481178353586087,0.14589663158602784,0.08851583385523143,17.04163866518223,0.1864435643921398,0.1801929513142672,0.2184304082801287,20260910
116,A. pennsylvanica,AP,fitted,0.21012976243280837,0.24623008199488244,0.13311258971685783,0.19026077903463467,0.45161462925604506,18.45143425871295,0.1864435643921398,0.1801929513142672,0.2184304082801287,20260910
117,A. pennsylvanica,AP,fitted,0.15266783444655785,0.1780457135747736,0.22739242609453464,0.18352068476774724,0.2841519129021461,14.347392617391662,0.1864435643921398,0.1801929513142672,0.2184304082801287,20260910
118,A. pennsylvanica,AP,fitted,0.2557908727386499,0.2598945898419304,0.17608238099860976,0.2270558669828178,0.3115875168989879,19.636175280850846,0.1864435643921398,0.1801929513142672,0.2184304082801287,20260910
119,A. pennsylvanica,AP,fitted,0.23008945428736347,0.3019710706801634,0.23968793607957845,0.25536972544077663,0.20731441822362498,9.983793461777445,0.1864435643921398,0.1801929513142672,0.2184304082801287,20260910
120,A. pennsylvanica,AP,fitted,0.14750796977490688,0.1366888158921885,0.13081418624805788,0.13816597422631172,0.08594083292363447,20.688946387132724,0.1864435643921398,0.1801929513142672,0.2184304082801287,20260910
121,A. pennsylvanica,AP,fitted,0.3505256805120257,0.22691682493207146,0.21703045553869588,0.25844555893934607,0.37456642669856305,5.110679321563542,0.1864435643921398,0.1801929513142672,0.2184304082801287,20260910
122,A. pennsylvanica,AP,fitted,0.16641251069489965,0.16711538807914297,0.1452704843804698,0.1592672934345159,0.11269936809968562,21.515187956729672,0.1864435643921398,0.1801929513142672,0.2184304082801287,20260910
123,A. pennsylvanica,AP,fitted,0.19216386043791278,0.14231653351843146,0.17522045683395202,0.16859212834403256,0.2175294937003802,16.675815122349753,0.1864435643921398,0.1801929513142672,0.2184304082801287,20260910
124,A. pennsylvanica,AP,fitted,0.32475576202882933,0.29517614682455473,0.24729029534274158,0.2872643499806443,0.19554601228875165,22.328726396139643,0.1864435643921398,0.1801929513142672,0.2184304082801287,20260910
125,A. pennsylvanica,AP,fitted,0.13426239726644237,0.1474135223760689,0.1733144302211609,0.15081416995666633,0.1826805150077377,11.732086335008164,0.1864435643921398,0.1801929513142672,0.2184304082801287,20260910
126,A. pennsylvanica,AP,fitted,0.12834338709674553,0.1666661927451598,0.10872037781143586,0.13248823710285007,0.30458358739973335,20.57688015410244,0.1864435643921398,0.1801929513142672,0.2184304082801287,20260910
127,A. pennsylvanica,AP,fitted,0.1345633857474778,0.16099707708062408,0.2134621057148822,0.1666052038038642,0.32896000258470476,22.583825296682395,0.1864435643921398,0.1801929513142672,0.2184304082801287,20260910
128,A. pennsylvanica,AP,fitted,0.21000289206756445,0.1674966166483156,0.2395922086960628,0.20350168142034722,0.2560400250392359,5.586887830527832,0.1864435643921398,0.1801929513142672,0.2184304082801287,20260910
129,A. pennsylvanica,AP,fitted,0.17551097606227808,0.21142604905967968,0.1804589855427201,0.18848657767582816,0.14202724098185376,22.466797702069,0.1864435643921398,0.1801929513142672,0.2184304082801287,20260910
130,A. pennsylvanica,AP,fitted,0.34973873372201664,0.21732699776079123,0.20143888124392198,0.2483134467214828,0.42288944556106806,2.5016710035973286,0.1864435643921398,0.1801929513142672,0.2184304082801287,20260910
131,A. pennsylvanica,AP,fitted,0.18193370996355385,0.24195016379917342,0.2441488337376632,0.22068081713914128,0.23655411969455387,22.176272936961816,0.1864435643921398,0.1801929513142672,0.2184304082801287,20260910
132,A. pennsylvanica,AP,fitted,0.18608770005651804,0.1506848654630404,0.16763237119014687,0.16751295393132018,0.14922145515259871,15.832755428170117,0.1864435643921398,0.1801929513142672,0.2184304082801287,20260910
133,A. pennsylvanica,AP,fitted,0.20885536915055553,0.25416394154722516,0.19572288979585745,0.2182061902630969,0.19238239953292763,7.842254639320408,0.1864435643921398,0.1801929513142672,0.2184304082801287,20260910
134,A. pennsylvanica,AP,fitted,0.14402945827489777,0.20978612799645116,0.21024291728853975,0.1852037699824174,0.30795225594198505,19.645018578288425,0.1864435643921398,0.1801929513142672,0.2184304082801287,20260910
135,A. pennsylvanica,AP,fitted,0.1950054538366174,0.13145885758951936,0.16093287062299216,0.16038378428742422,0.27886737525050254,21.90204663868046,0.1864435643921398,0.1801929513142672,0.2184304082801287,20260910
136,A. pennsylvanica,AP,fitted,0.15316003902777717,0.16927184936530412,0.22903306810748686,0.18108235452276286,0.29627601057470143,3.4314763207798844,0.1864435643921398,0.1801929513142672,0.2184304082801287,20260910
137,A. pennsylvanica,AP,fitted,0.24980990785545878,0.13538234057071258,0.17244765588872604,0.1800015828977428,0.43634246325588305,16.744683117890318,0.1864435643921398,0.1801929513142672,0.2184304082801287,20260910
138,A. pennsylvanica,AP,fitted,0.12937788736978437,0.22560947457726263,0.19702380565809136,0.17916177822619342,0.4100651330938334,20.819563139554838,0.1864435643921398,0.1801929513142672,0.2184304082801287,20260910
139,A. pennsylvanica,AP,fitted,0.14424468237852214,0.2075345085987411,0.18648890608954913,0.17739758832480806,0.2644183889323725,16.171089409375146,0.1864435643921398,0.1801929513142672,0.2184304082801287,20260910
140,A. pennsylvanica,AP,fitted,0.21482555828562547,0.21748825471665648,0.21560359543048238,0.21596958084568338,0.008954757745864579,9.181045185896942,0.1864435643921398,0.1801929513142672,0.2184304082801287,20260910
141,A. pennsylvanica,AP,fitted,0.2062946586879328,0.1749882048085231,0.12802508757971984,0.166570189682811,0.3427073430571024,22.16153120585986,0.1864435643921398,0.1801929513142672,0.2184304082801287,20260910
142,A. pennsylvanica,AP,fitted,0.23945196548296369,0.2053658226511705,0.12043908504487437,0.18092753834616176,0.5101037529714799,9.963722878444443,0.1864435643921398,0.1801929513142672,0.2184304082801287,20260910
143,A. pennsylvanica,AP,fitted,0.24269299051714144,0.21222703910580537,0.14902015297228993,0.19725786019592098,0.35631242169431904,21.653684844622735,0.1864435643921398,0.1801929513142672,0.2184304082801287,20260910
144,A. pennsylvanica,AP,fitted,0.2077710652766952,0.1746217141809498,0.24466894123009986,0.20705579287867185,0.23853322395097631,11.460845016681699,0.1864435643921398,0.1801929513142672,0.2184304082801287,20260910
145,A. pennsylvanica,AP,fitted,0.24612518680870363,0.22770389161802848,0.2805948043329581,0.2505351768042639,0.14928326125414576,4.094145246107674,0.1864435643921398,0.1801929513142672,0.2184304082801287,20260910
146,A. pennsylvanica,AP,fitted,0.18987754834126375,0.17483734322229788,0.256163682935345,0.20411509535577735,0.2842338375540181,17.1675283830728,0.1864435643921398,0.1801929513142672,0.2184304082801287,20260910
147,A. pennsylvanica,AP,fitted,0.2892753896562233,0.1659973760196364,0.15878528669013808,0.19682230910023055,0.47266679440543835,16.62699555976072,0.1864435643921398,0.1801929513142672,0.2184304082801287,20260910
148,A. pennsylvanica,AP,fitted,0.24537999569176522,0.2458999951766626,0.17852589458616083,0.220851132646346,0.2605751496097534,16.75875895971286,0.1864435643921398,0.1801929513142672,0.2184304082801287,20260910
149,A. pennsylvanica,AP,fitted,0.13378230303774283,0.21310629327493533,0.19148410742597616,0.1760796741894699,0.3448650204532738,16.18532819502251,0.1864435643921398,0.1801929513142672,0.2184304082801287,20260910
150,A. pennsylvanica,AP,fitted,0.23046845837991775,0.18353655847723427,0.2193856024866465,0.21014258383965603,0.16941941824971096,5.810656299074153,0.1864435643921398,0.1801929513142672,0.2184304082801287,20260910
151,A. pennsylvanica,AP,fitted,0.14978470905591443,0.23335602501159694,0.16688987949789455,0.18001367571232826,0.32692852940744416,5.163969619263851,0.1864435643921398,0.1801929513142672,0.2184304082801287,20260910
152,A. pennsylvanica,AP,fitted,0.1813680853006624,0.21442255282205755,0.14641805197996963,0.17857006291279096,0.27042026598761104,11.565553547824795,0.1864435643921398,0.1801929513142672,0.2184304082801287,20260910
153,A. pennsylvanica,AP,fitted,0.22177516823303733,0.1904535479381845,0.1856404730745467,0.19866661120500512,0.13597601203142073,20.337584560504027,0.1864435643921398,0.1801929513142672,0.2184304082801287,20260910
154,A. pennsylvanica,AP,fitted,0.2872120509978475,0.2503461870462365,0.2125548178079909,0.24816366681673097,0.21312388677818928,1.044541544093419,0.1864435643921398,0.1801929513142672,0.2184304082801287,20260910
155,A. pennsylvanica,AP,fitted,0.16473606549400113,0.13587611112932024,0.1328573908399848,0.14380450968005634,0.1671868364489441,5.29058169342849,0.1864435643921398,0.1801929513142672,0.2184304082801287,20260910
156,A. pennsylvanica,AP,fitted,0.19651970517907305,0.22848807239216834,0.17985728186782238,0.2006315466809297,0.171114905955689,10.919465174505364,0.1864435643921398,0.1801929513142672,0.2184304082801287,20260910
157,A. pennsylvanica,AP,fitted,0.2787935327644895,0.15114296485676343,0.25514395189938893,0.2207082853292849,0.4679247686315583,18.60071600163763,0.1864435643921398,0.1801929513142672,0.2184304082801287,20260910
158,A. pennsylvanica,AP,fitted,0.180774360411154,0.178502429287682,0.21399723134051063,0.1904275177587994,0.14319677571063846,5.052338799338201,0.1864435643921398,0.1801929513142672,0.2184304082801287,20260910
159,A. pennsylvanica,AP,fitted,0.19640507255522646,0.16873341932777722,0.17991902052618852,0.1813330481254171,0.10780783821096919,3.7585211217622563,0.1864435643921398,0.1801929513142672,0.2184304082801287,20260910
160,A. pennsylvanica,AP,fitted,0.12552458165358946,0.131570348003411,0.13182570824217307,0.12960715367518713,0.039223609479371944,23.718403754631648,0.1864435643921398,0.1801929513142672,0.2184304082801287,20260910
161,A. pennsylvanica,AP,fitted,0.15003815050283834,0.10404878105864021,0.206130547215007,0.14763648100254625,0.48381726352697507,14.50591881982239,0.1864435643921398,0.1801929513142672,0.2184304082801287,20260910
162,A. pennsylvanica,AP,fitted,0.1667988428917219,0.13208971886810483,0.1366274140562247,0.14438873093791593,0.17831214749695956,18.09546843147653,0.1864435643921398,0.1801929513142672,0.2184304082801287,20260910
163,A. pennsylvanica,AP,fitted,0.16590495872755978,0.12191196322694597,0.20935031815683072,0.16178059898567712,0.3835807100849869,16.51761391014069,0.1864435643921398,0.1801929513142672,0.2184304082801287,20260910
164,A. pennsylvanica,AP,fitted,0.10429425805284216,0.17967577593110437,0.09271562150231578,0.1202174783086906,0.49915050563892416,9.44495305571124,0.1864435643921398,0.1801929513142672,0.2184304082801287,20260910
165,A. pennsylvanica,AP,fitted,0.1541740857485856,0.16447898429949345,0.24052651154028118,0.18270969105112464,0.3398151330921898,21.496037087154836,0.1864435643921398,0.1801929513142672,0.2184304082801287,20260910
166,A. pennsylvanica,AP,fitted,0.16246685044743656,0.16832805158226466,0.1724536897229369,0.16769929989059346,0.042430549706078055,10.703816564209259,0.1864435643921398,0.1801929513142672,0.2184304082801287,20260910
167,A. pennsylvanica,AP,fitted,0.2789613923975776,0.24264146397127176,0.2380796431608374,0.2525866894834609,0.12237840132640453,14.136270396515474,0.1864435643921398,0.1801929513142672,0.2184304082801287,20260910
168,A. pennsylvanica,AP,fitted,0.18210465689547156,0.12525239510805242,0.15775362545816726,0.1532364727651585,0.26701654648348877,4.110095462874467,0.1864435643921398,0.1801929513142672,0.2184304082801287,20260910
169,A. pennsylvanica,AP,fitted,0.22105300726439456,0.22739004462634957,0.1711084232012023,0.2048863793504335,0.22155108546163305,21.550544069701104,0.1864435643921398,0.1801929513142672,0.2184304082801287,20260910
170,A. pennsylvanica,AP,fitted,0.22659509413426077,0.15595921360603746,0.1691382753053482,0.18148238547086024,0.27788568889119364,18.069645453427928,0.1864435643921398,0.1801929513142672,0.2184304082801287,20260910
171,A. pennsylvanica,AP,fitted,0.23890659742929501,0.20007012286220582,0.14337423993413737,0.189944695689329,0.3666188639200501,16.74476707583126,0.1864435643921398,0.1801929513142672,0.2184304082801287,20260910
172,A. pennsylvanica,AP,fitted,0.23401615308558302,0.1920586660188823,0.1601499071575601,0.1930791945201742,0.2682698812183176,11.088904974462903,0.1864435643921398,0.1801929513142672,0.2184304082801287,20260910
173,A. pennsylvanica,AP,fitted,0.28419513022283105,0.25677450056619927,0.21611349454316087,0.2507745560940903,0.19579959816749676,10.409466727486329,0.1864435643921398,0.1801929513142672,0.2184304082801287,20260910
174,A. pennsylvanica,AP,fitted,0.13842576756075434,0.16792431314500825,0.14932814932822222,0.15141099074502617,0.13764772851186197,14.036222871947889,0.1864435643921398,0.1801929513142672,0.2184304082801287,20260910
175,A. pennsylvanica,AP,fitted,0.18696617423733822,0.20396151227154938,0.2231888148924095,0.20417123870916393,0.1252281507001013,13.208794311081757,0.1864435643921398,0.1801929513142672,0.2184304082801287,20260910
176,A. pennsylvanica,AP,fitted,0.14602215437906169,0.21590207389804408,0.1441026743578156,0.16562117783169877,0.324841375374407,9.301792964628067,0.1864435643921398,0.1801929513142672,0.2184304082801287,20260910
177,A. pennsylvanica,AP,fitted,0.16207831775553522,0.19105862651039018,0.22002605278348733,0.1895782717577716,0.21634855518851934,1.84471671244727,0.1864435643921398,0.1801929513142672,0.2184304082801287,20260910
178,A. pennsylvanica,AP,fitted,0.21351740731571506,0.16691305947756513,0.23620525607210802,0.20342502941300755,0.25258767892790995,6.230548334587622,0.1864435643921398,0.1801929513142672,0.2184304082801287,20260910
179,A. pennsylvanica,AP,fitted,0.26651207306701863,0.28364346064520685,0.3492520340041729,0.2977667510352997,0.20023227050556647,22.852348940285687,0.1864435643921398,0.1801929513142672,0.2184304082801287,20260910
180,A. pennsylvanica,AP,fitted,0.1062612527799603,0.1369733328296385,0.07929972704855583,0.10489647217210799,0.3867944715879486,14.14338321923398,0.1864435643921398,0.1801929513142672,0.2184304082801287,20260910
181,A. pennsylvanica,AP,fitted,0.15262359572427942,0.13782593892732883,0.19567352412866867,0.16026114301193595,0.25492399323996273,19.376022317909026,0.1864435643921398,0.1801929513142672,0.2184304082801287,20260910
182,A. pennsylvanica,AP,fitted,0.23765781245814918,0.22865299139337616,0.20635981595385153,0.2238298678088275,0.10320842045126509,10.666285417506469,0.1864435643921398,0.1801929513142672,0.2184304082801287,20260910
183,A. pennsylvanica,AP,fitted,0.13362370526560968,0.13413048703668354,0.16640665446218553,0.14394411050910041,0.17761970793635665,14.249623553074425,0.1864435643921398,0.1801929513142672,0.2184304082801287,20260910
184,A. pennsylvanica,AP,fitted,0.14757577385561277,0.2748863649225985,0.1642339680729893,0.18816712577538344,0.4703314531901416,3.5464106635115336,0.1864435643921398,0.1801929513142672,0.2184304082801287,20260910
185,A. pennsylvanica,AP,fitted,0.2025378197443831,0.13750797409483928,0.21576555341818884,0.18180481256775963,0.34492547713610683,6.532832215794605,0.1864435643921398,0.1801929513142672,0.2184304082801287,20260910
186,A. pennsylvanica,AP,fitted,0.1644811742797656,0.12845304325864038,0.1899402037549117,0.15891290436646904,0.27977974840555303,22.528993511948457,0.1864435643921398,0.1801929513142672,0.2184304082801287,20260910
187,A. pennsylvanica,AP,fitted,0.17993854053342986,0.18864510805508947,0.22373159076847915,0.19656175326325503,0.16205021393956848,11.197460003592802,0.1864435643921398,0.1801929513142672,0.2184304082801287,20260910
188,A. pennsylvanica,AP,fitted,0.1937847586200843,0.36550077363868394,0.2048174641978693,0.24388867481413562,0.4970230914635207,9.274963357900582,0.1864435643921398,0.1801929513142672,0.2184304082801287,20260910
189,A. pennsylvanica,AP,fitted,0.13549887801411972,0.1420397791500329,0.17451595220820995,0.14975923268760738,0.1903126992966735,13.366792931697631,0.1864435643921398,0.1801929513142672,0.2184304082801287,20260910
190,A. pennsylvanica,AP,fitted,0.31374405803678573,0.21169644447972155,0.3945709527990276,0.29703301807377597,0.4453510143183021,7.62588575243562,0.1864435643921398,0.1801929513142672,0.2184304082801287,20260910
191,A. pennsylvanica,AP,fitted,0.15457734039188625,0.18793736757877663,0.12328314499851907,0.15299863574703668,0.2983989202167075,13.175168775727386,0.1864435643921398,0.1801929513142672,0.2184304082801287,20260910
192,A. pennsylvanica,AP,fitted,0.17411362768595412,0.25852932607940987,0.1279654426863023,0.17925795071478384,0.4985491550080807,17.84780578643933,0.1864435643921398,0.1801929513142672,0.2184304082801287,20260910
193,A. pennsylvanica,AP,fitted,0.28428657067571694,0.1359148552294705,0.21563086685183594,0.20272690966392043,0.527257072162166,8.443576071564436,0.1864435643921398,0.1801929513142672,0.2184304082801287,20260910
194,A. pennsylvanica,AP,fitted,0.15007356462393062,0.2027767266625554,0.2812969097413912,0.20456394440752634,0.4443946478025938,22.131490910011394,0.1864435643921398,0.1801929513142672,0.2184304082801287,20260910
195,A. pennsylvanica,AP,fitted,0.23914983095333864,0.23750202936807802,0.24035012116087465,0.23899780710973662,0.008464989604515836,4.491181984686525,0.1864435643921398,0.1801929513142672,0.2184304082801287,20260910
196,A. pennsylvanica,AP,fitted,0.1909148721837844,0.21868624617635582,0.1280734063801817,0.17486654546195693,0.3933133472696275,7.8878387174481075,0.1864435643921398,0.1801929513142672,0.2184304082801287,20260910
197,A. pennsylvanica,AP,fitted,0.1546553694916931,0.16087207778715376,0.20621104170075516,0.17247223716936008,0.22058498650564295,13.732956997401196,0.1864435643921398,0.1801929513142672,0.2184304082801287,20260910
198,A. pennsylvanica,AP,fitted,0.21297142867094213,0.15543108255617993,0.21274504604856262,0.19167827427963038,0.2567270722490566,17.72146819088698,0.1864435643921398,0.1801929513142672,0.2184304082801287,20260910
199,A. pennsylvanica,AP,fitted,0.24577040807422892,0.26213007373883757,0.13215211821774056,0.2041926895979666,0.5348439857809673,5.837858855157191,0.1864435643921398,0.1801929513142672,0.2184304082801287,20260910
200,A. pennsylvanica,AP,fitted,0.21676086007120465,0.4487123282858686,0.3441900419724208,0.32229165175061897,0.5207433727294868,5.6692058618937695,0.1864435643921398,0.1801929513142672,0.2184304082801287,20260910
201,A. pennsylvanica,AP,fitted,0.12578886351847415,0.1307776706022578,0.10627649711948296,0.12046780782688138,0.15595172221086753,4.684858649605243,0.1864435643921398,0.1801929513142672,0.2184304082801287,20260910
202,A. pennsylvanica,AP,fitted,0.11104302422071229,0.1860143139914792,0.10217200501331118,0.12826943665059518,0.4590173970681589,14.966125950004054,0.1864435643921398,0.1801929513142672,0.2184304082801287,20260910
203,A. pennsylvanica,AP,fitted,0.23962052684629756,0.15857048534149615,0.1549159071530484,0.1805569165725029,0.3470075390215063,3.35063236124073,0.1864435643921398,0.1801929513142672,0.2184304082801287,20260910
204,A. pennsylvanica,AP,fitted,0.13077935726296264,0.16008293566718487,0.1368581135034822,0.14203158359373133,0.1500120095731698,4.936627819582188,0.1864435643921398,0.1801929513142672,0.2184304082801287,20260910
205,A. pennsylvanica,AP,fitted,0.15390417192799016,0.1901562197444393,0.17278867122574013,0.17164272371092293,0.14978612299567262,21.242640377065047,0.1864435643921398,0.1801929513142672,0.2184304082801287,20260910
206,A. pennsylvanica,AP,fitted,0.258619430415482,0.26574261476091665,0.30941557441559536,0.277047886627832,0.13668506954537443,5.127799377802838,0.1864435643921398,0.1801929513142672,0.2184304082801287,20260910
207,A. pennsylvanica,AP,fitted,0.2974091933332543,0.24523576161846525,0.21298688890294998,0.24951520747613115,0.23703649026892593,12.624878975506535,0.1864435643921398,0.1801929513142672,0.2184304082801287,20260910
208,A. pennsylvanica,AP,fitted,0.34186098998809156,0.1940962949944944,0.2214494173385874,0.24493289241328103,0.4188605240072712,18.357088583989952,0.1864435643921398,0.1801929513142672,0.2184304082801287,20260910
209,A. pennsylvanica,AP,fitted,0.16673946909169382,0.15996219287501423,0.2173824561155374,0.17964980560807947,0.2353325095274945,22.401842787101565,0.1864435643921398,0.1801929513142672,0.2184304082801287,20260910
210,A. pennsylvanica,AP,fitted,0.2617115544119014,0.2396120441369022,0.2502783784628006,0.2503715384097165,0.06238391742345845,0.3199469450432675,0.1864435643921398,0.1801929513142672,0.2184304082801287,20260910
211,A. pennsylvanica,AP,fitted,0.2402979986961507,0.18800902329905,0.16120408531215893,0.19383623409083395,0.284747806367172,13.265346625054864,0.1864435643921398,0.1801929513142672,0.2184304082801287,20260910
212,A. pennsylvanica,AP,fitted,0.14974480067127538,0.1993739227554241,0.19417411285076627,0.17964031662028698,0.22371487424125105,11.653095877313646,0.1864435643921398,0.1801929513142672,0.2184304082801287,20260910
213,A. pennsylvanica,AP,fitted,0.2140905261493422,0.15436978885927327,0.2647683787627405,0.20606708386231917,0.3843449792364166,14.785459613943935,0.1864435643921398,0.1801929513142672,0.2184304082801287,20260910
214,A. pennsylvanica,AP,fitted,0.19881373245326783,0.23831389760373248,0.24018214110610797,0.22492901776777396,0.15125455533263932,2.2982039341761276,0.1864435643921398,0.1801929513142672,0.2184304082801287,20260910
215,A. pennsylvanica,AP,fitted,0.1764336063824639,0.12558090405103306,0.13022834498597374,0.14236508092118158,0.2640222528761452,12.94387720469022,0.1864435643921398,0.1801929513142672,0.2184304082801287,20260910
216,A. pennsylvanica,AP,fitted,0.14654511477234441,0.2321598140557784,0.24809636374893665,0.20360710576990848,0.40549490324540877,10.405644432644493,0.1864435643921398,0.1801929513142672,0.2184304082801287,20260910
217,A. pennsylvanica,AP,fitted,0.1373558704232252,0.1681620175822734,0.1852112242205012,0.1623357402330871,0.21573628921652854,12.811938301333686,0.1864435643921398,0.1801929513142672,0.2184304082801287,20260910
218,A. pennsylvanica,AP,fitted,0.15702184774026204,0.2468700755878202,0.15092181082822084,0.18018840749521578,0.386638649318131,14.47580909156149,0.1864435643921398,0.1801929513142672,0.2184304082801287,20260910
219,A. pennsylvanica,AP,fitted,0.2155961398327447,0.24223486778030395,0.13868666486970105,0.19348060967134892,0.41602870837783307,15.106444750221106,0.1864435643921398,0.1801929513142672,0.2184304082801287,20260910
220,A. pennsylvanica,AP,fitted,0.14753486295421533,0.19759745516159352,0.15756184589197875,0.16622985328741047,0.21675527761624797,6.646535772096369,0.1864435643921398,0.1801929513142672,0.2184304082801287,20260910
221,A. pennsylvanica,AP,fitted,0.20098000860811419,0.2134114845771701,0.17886206936388938,0.19722545477885317,0.12699797304818514,14.475054352910913,0.1864435643921398,0.1801929513142672,0.2184304082801287,20260910
222,A. pennsylvanica,AP,fitted,0.20993644512747753,0.12205917648259401,0.20783064724901895,0.17463151493470522,0.43872741437987517,3.4786204453645686,0.1864435643921398,0.1801929513142672,0.2184304082801287,20260910
223,A. pennsylvanica,AP,fitted,0.2335093073865399,0.12046258675071121,0.21280950300298618,0.18157210674218727,0.5067979041518685,3.5771959708591314,0.1864435643921398,0.1801929513142672,0.2184304082801287,20260910
224,A. pennsylvanica,AP,fitted,0.19313462785583138,0.1298126990423333,0.25059861719461834,0.1845236340172939,0.46844896942821757,6.723723468610512,0.1864435643921398,0.1801929513142672,0.2184304082801287,20260910
225,A. pennsylvanica,AP,fitted,0.1787125499753117,0.18047812444906067,0.27263943882830605,0.20640621340533843,0.3409223352505791,22.6221532880668,0.1864435643921398,0.1801929513142672,0.2184304082801287,20260910
226,A. pennsylvanica,AP,fitted,0.1739477619063683,0.19791314419553824,0.23966053117629954,0.20206759245365333,0.22802926637078288,21.536075250727254,0.1864435643921398,0.1801929513142672,0.2184304082801287,20260910
227,A. pennsylvanica,AP,fitted,0.20775589187475013,0.128147524285098,0.29402676499911207,0.19855621175752203,0.5898582031228088,15.303639860251879,0.1864435643921398,0.1801929513142672,0.2184304082801287,20260910
228,A. pennsylvanica,AP,fitted,0.24729405921215317,0.1870274044564386,0.25828323580923285,0.22859762619590898,0.24773146050706993,23.157509842101106,0.1864435643921398,0.1801929513142672,0.2184304082801287,20260910
229,A. pennsylvanica,AP,fitted,0.24266751165110687,0.25636639902694913,0.2372146487446072,0.24528523971120422,0.05645213478778296,13.952544750616672,0.1864435643921398,0.1801929513142672,0.2184304082801287,20260910
230,A. pennsylvanica,AP,fitted,0.2085139171899237,0.17575419693488967,0.20931429834914803,0.19721799955317101,0.14114514950928203,5.9171013944876005,0.1864435643921398,0.1801929513142672,0.2184304082801287,20260910
231,A. pennsylvanica,AP,fitted,0.19280780869282688,0.1580524529898074,0.11754486251824134,0.15300648463233182,0.3521778297810062,3.3296640271438065,0.1864435643921398,0.1801929513142672,0.2184304082801287,20260910
232,A. pennsylvanica,AP,fitted,0.22091718530415688,0.1929417155336136,0.38346260815355493,0.2537812621351579,0.5145234708061843,6.916915756712885,0.1864435643921398,0.1801929513142672,0.2184304082801287,20260910
233,A. pennsylvanica,AP,fitted,0.1955811382822218,0.11031617970450563,0.13700676389721653,0.14351679608367937,0.40887896346420477,22.151810667652867,0.1864435643921398,0.1801929513142672,0.2184304082801287,20260910
234,A. pennsylvanica,AP,fitted,0.12929436231076952,0.16669599539513474,0.10258321560237164,0.1302747818417065,0.34342318062264837,15.250662900772117,0.1864435643921398,0.1801929513142672,0.2184304082801287,20260910
235,A. pennsylvanica,AP,fitted,0.11265064310795528,0.12921392766773251,0.1400407462219038,0.12679412757516598,0.15562811373140797,21.379427222606804,0.1864435643921398,0.1801929513142672,0.2184304082801287,20260910
236,A. pennsylvanica,AP,fitted,0.3080490345773781,0.18459361069482302,0.18017304362952088,0.21719114288972846,0.4283682885478539,2.6326383798605075,0.1864435643921398,0.1801929513142672,0.2184304082801287,20260910
237,A. pennsylvanica,AP,fitted,0.12112599132283344,0.22413320198302517,0.24133737934960836,0.1871210780209539,0.5352325154086058,23.19815218984691,0.1864435643921398,0.1801929513142672,0.2184304082801287,20260910
238,A. pennsylvanica,AP,fitted,0.16242240453816612,0.20196407078325426,0.1709818114485268,0.17767377169377851,0.16108635885111933,20.231537294438045,0.1864435643921398,0.1801929513142672,0.2184304082801287,20260910
239,A. pennsylvanica,AP,fitted,0.22908269833200962,0.2123521232438878,0.2209629434886073,0.22069345215634065,0.053645831378026684,14.09738065526112,0.1864435643921398,0.1801929513142672,0.2184304082801287,20260910
240,A. pennsylvanica,AP,fitted,0.2896681037570423,0.23074767148184686,0.14845166049261144,0.21488578524730495,0.48066452796445286,7.951464817563439,0.1864435643921398,0.1801929513142672,0.2184304082801287,20260910
241,A. pennsylvanica,AP,fitted,0.1378254420406601,0.14003488954793397,0.183796969771179,0.15251105713056026,0.22880732793594047,1.4540302922286665,0.1864435643921398,0.1801929513142672,0.2184304082801287,20260910
242,A. pennsylvanica,AP,fitted,0.31521468244831713,0.1898476267473504,0.1911080688183936,0.22530122077289547,0.4113151383124781,6.658223394149826,0.1864435643921398,0.1801929513142672,0.2184304082801287,20260910
243,A. pennsylvanica,AP,fitted,0.1612469296007448,0.1482470377811932,0.202448532014632,0.16914689761267457,0.22799274331442113,23.28614125919854,0.1864435643921398,0.1801929513142672,0.2184304082801287,20260910
244,A. pennsylvanica,AP,fitted,0.1787409860161952,0.17299587072301975,0.19340514908906514,0.18151365678973574,0.08107848413778576,13.466084738157473,0.1864435643921398,0.1801929513142672,0.2184304082801287,20260910
245,A. pennsylvanica,AP,fitted,0.20230846397841185,0.28491602594843013,0.24962365096131667,0.24322351130360634,0.2441948618244727,8.857743687324152,0.1864435643921398,0.1801929513142672,0.2184304082801287,20260910
246,A. pennsylvanica,AP,fitted,0.18120708108491468,0.21311370078009217,0.1831834335565494,0.19196596815741693,0.12822492263639218,1.2072646167518615,0.1864435643921398,0.1801929513142672,0.2184304082801287,20260910
247,A. pennsylvanica,AP,fitted,0.19671562623255592,0.16169510139008897,0.15741269590982837,0.17107707904514624,0.17207934945957806,7.362788738669387,0.1864435643921398,0.1801929513142672,0.2184304082801287,20260910
248,A. pennsylvanica,AP,fitted,0.18708437256996818,0.3132898336494433,0.27478002557708764,0.25253582201606944,0.37893964814149783,3.2183394587967387,0.1864435643921398,0.1801929513142672,0.2184304082801287,20260910
249,A. pennsylvanica,AP,fitted,0.10459422258590838,0.1564883240909115,0.17514293645902507,0.14205638353215863,0.3833019359181253,6.879399186548161,0.1864435643921398,0.1801929513142672,0.2184304082801287,20260910
250,A. pennsylvanica,AP,fitted,0.22030592084155445,0.1929686662189661,0.14484842893704605,0.1832914686664656,0.30313231007159364,7.261039316230837,0.1864435643921398,0.1801929513142672,0.2184304082801287,20260910
251,A. pennsylvanica,AP,fitted,0.24219997464871929,0.20788259558909356,0.23197637673361948,0.22688824455562834,0.11140118135468499,21.31506828143674,0.1864435643921398,0.1801929513142672,0.2184304082801287,20260910
252,A. pennsylvanica,AP,fitted,0.1948340218197385,0.20811675552382858,0.17080586011742252,0.19061549575772926,0.14225336774413702,12.513472909435663,0.1864435643921398,0.1801929513142672,0.2184304082801287,20260910
253,A. pennsylvanica,AP,fitted,0.27383631968532474,0.15993893113660498,0.15887259535849382,0.190911200955099,0.44181792610628207,8.272578813742811,0.1864435643921398,0.1801929513142672,0.2184304082801287,20260910
254,A. pennsylvanica,AP,fitted,0.17635372073957256,0.23509260571458598,0.17801612298977762,0.194697770445204,0.23099771709344738,1.4703432178621236,0.1864435643921398,0.1801929513142672,0.2184304082801287,20260910
255,A. pennsylvanica,AP,fitted,0.2794284249270277,0.26047809518418497,0.31068357208638103,0.2827830406512448,0.1254860222242245,16.053726615027422,0.1864435643921398,0.1801929513142672,0.2184304082801287,20260910
256,A. pennsylvanica,AP,fitted,0.15334582838983768,0.17882440858130175,0.1230195520950073,0.14997687549802272,0.265896728657638,0.3156474580957278,0.1864435643921398,0.1801929513142672,0.2184304082801287,20260910
257,A. pennsylvanica,AP,fitted,0.12237813458713286,0.15688034392990885,0.17513821661668041,0.14981354989800655,0.259679392605293,14.077350416054987,0.1864435643921398,0.1801929513142672,0.2184304082801287,20260910
258,A. pennsylvanica,AP,fitted,0.19335800954734145,0.18738644294451748,0.14963742325926396,0.17567643849862602,0.19773239789833233,8.340834256731263,0.1864435643921398,0.1801929513142672,0.2184304082801287,20260910
259,A. pennsylvanica,AP,fitted,0.2249604374384269,0.13864410004804964,0.1759900089954606,0.17639997454465053,0.3422616820015536,13.939548995244522,0.1864435643921398,0.1801929513142672,0.2184304082801287,20260910
260,A. pennsylvanica,AP,fitted,0.2019115987153487,0.1892006747123489,0.21574132371171456,0.2019942913344851,0.09282459958966664,11.562336358153086,0.1864435643921398,0.1801929513142672,0.2184304082801287,20260910
261,A. pennsylvanica,AP,fitted,0.21297772642820376,0.14089221954731504,0.1162603390491987,0.15166461285634122,0.43745859654530705,20.087670077715106,0.1864435643921398,0.1801929513142672,0.2184304082801287,20260910
262,A. pennsylvanica,AP,fitted,0.12375232943798424,0.13379246433625971,0.11826551576075657,0.12510684018035062,0.08824002145356535,14.220106269081418,0.1864435643921398,0.1801929513142672,0.2184304082801287,20260910
263,A. pennsylvanica,AP,fitted,0.22615068347731637,0.17235458065145642,0.24685739227410758,0.2126941885787074,0.26491091711972337,3.6731986450224756,0.1864435643921398,0.1801929513142672,0.2184304082801287,20260910
264,A. pennsylvanica,AP,fitted,0.19727820236898067,0.1995680543520982,0.12778291000153053,0.17134876020208656,0.35939385796670803,2.148517740229172,0.1864435643921398,0.1801929513142672,0.2184304082801287,20260910
265,A. pennsylvanica,AP,fitted,0.1963963421898048,0.14671784007674896,0.21687727820086816,0.18419455649871608,0.2873005619805982,4.958374830047339,0.1864435643921398,0.1801929513142672,0.2184304082801287,20260910
266,A. pennsylvanica,AP,fitted,0.26671486622137447,0.3077628225270183,0.29775648285532225,0.2902072125323835,0.10599579874258315,8.065130988505473,0.1864435643921398,0.1801929513142672,0.2184304082801287,20260910
267,A. pennsylvanica,AP,fitted,0.0967396577054041,0.08176937440474438,0.12299822395489139,0.09909034807847475,0.29018209507939796,0.4782057928037613,0.1864435643921398,0.1801929513142672,0.2184304082801287,20260910
268,A. pennsylvanica,AP,fitted,0.274928811178792,0.17563731122586432,0.30804572644587663,0.2459333397119241,0.4200679193275899,23.287601210139776,0.1864435643921398,0.1801929513142672,0.2184304082801287,20260910
269,A. pennsylvanica,AP,fitted,0.2107379865242066,0.20904066480395725,0.22076834733047582,0.2134535933418489,0.04166146044532736,17.04033973573671,0.1864435643921398,0.1801929513142672,0.2184304082801287,20260910
270,A. pennsylvanica,AP,fitted,0.2196532981126914,0.24211454175587713,0.19169115568973452,0.21683042762486615,0.1658855698395496,18.139881155760214,0.1864435643921398,0.1801929513142672,0.2184304082801287,20260910
271,A. pennsylvanica,AP,fitted,0.28757393643956364,0.17161255791905375,0.16005659470669828,0.1991547732742284,0.45266046991811265,13.614670644077695,0.1864435643921398,0.1801929513142672,0.2184304082801287,20260910
272,A. pennsylvanica,AP,fitted,0.13549701054566693,0.16129453581442862,0.13869837559712564,0.14472389681621414,0.1337905477410967,8.055108108748119,0.1864435643921398,0.1801929513142672,0.2184304082801287,20260910
273,A. pennsylvanica,AP,fitted,0.21044693116500762,0.258963779182411,0.2619019440895576,0.24257169031598597,0.17417468106548087,8.361893846174215,0.1864435643921398,0.1801929513142672,0.2184304082801287,20260910
274,A. pennsylvanica,AP,fitted,0.2627965460299122,0.24034525703071702,0.1383143741650921,0.20595587030465792,0.4916829375646464,0.07200066164500818,0.1864435643921398,0.1801929513142672,0.2184304082801287,20260910
275,A. pennsylvanica,AP,fitted,0.3124396361299158,0.17076124104971296,0.24348277529300302,0.2350757821203315,0.42935720615330475,1.6204396021047156,0.1864435643921398,0.1801929513142672,0.2184304082801287,20260910
276,A. pennsylvanica,AP,fitted,0.21607766869623263,0.18648518560817948,0.22108920271316945,0.2073037947637033,0.13062907795244713,21.612388812514308,0.1864435643921398,0.1801929513142672,0.2184304082801287,20260910
277,A. pennsylvanica,AP,fitted,0.14008893428027777,0.1584346199031185,0.14023243069410274,0.14600490964241938,0.10006643841208737,23.491291491468687,0.1864435643921398,0.1801929513142672,0.2184304082801287,20260910
278,A. pennsylvanica,AP,fitted,0.18227090389197367,0.14718791760804947,0.0710362573903725,0.12398139734966165,0.6986607915371287,7.608258617921037,0.1864435643921398,0.1801929513142672,0.2184304082801287,20260910
279,A. pennsylvanica,AP,fitted,0.13898850647782354,0.2532352177991858,0.28830574809502474,0.21649710714246448,0.5504834914845914,1.5082005622561914,0.1864435643921398,0.1801929513142672,0.2184304082801287,20260910
280,A. pennsylvanica,AP,fitted,0.208208162990202,0.1296646095252314,0.17447974884497355,0.16763115812349078,0.33844869679413053,23.512866422950715,0.1864435643921398,0.1801929513142672,0.2184304082801287,20260910
281,A. pennsylvanica,AP,fitted,0.14706902711466238,0.21598745452206908,0.24043289883928073,0.19693120853898832,0.3655167135042205,10.967158963265891,0.1864435643921398,0.1801929513142672,0.2184304082801287,20260910
282,A. pennsylvanica,AP,fitted,0.11929689832489598,0.18935791937631052,0.21346691718208774,0.1689459302590145,0.4345100055944865,5.654532499917279,0.1864435643921398,0.1801929513142672,0.2184304082801287,20260910
283,A. pennsylvanica,AP,fitted,0.14845166508480245,0.1670254428099167,0.19466388844726923,0.16899909011756556,0.19217585876425244,20.120289801657382,0.1864435643921398,0.1801929513142672,0.2184304082801287,20260910
284,A. pennsylvanica,AP,fitted,0.31392476563580046,0.3365934713270223,0.19964258739426188,0.27630886494889256,0.4010722646045726,22.87589072941111,0.1864435643921398,0.1801929513142672,0.2184304082801287,20260910
285,A. pennsylvanica,AP,fitted,0.14985096515174445,0.29672721038835015,0.17995411560779112,0.2000136186759924,0.5001154964489843,10.289272852280366,0.1864435643921398,0.1801929513142672,0.2184304082801287,20260910
286,A. pennsylvanica,AP,fitted,0.17300903997475733,0.14545151410014664,0.20966337488260403,0.1740884151607356,0.258673178489281,8.79650158075485,0.1864435643921398,0.1801929513142672,0.2184304082801287,20260910
287,A. pennsylvanica,AP,fitted,0.19113207843804433,0.12211091455316116,0.16206121103626622,0.15580774740326,0.32045347788817813,23.66632298819421,0.1864435643921398,0.1801929513142672,0.2184304082801287,20260910
288,A. pennsylvanica,AP,fitted,0.15460642117923254,0.20370503176567087,0.26423128354245956,0.20264590844521913,0.37902208530058507,4.727139617103537,0.1864435643921398,0.1801929513142672,0.2184304082801287,20260910
289,A. pennsylvanica,AP,fitted,0.2039729896397535,0.3267059541560326,0.20208574669189633,0.23791498570726766,0.3884799382774488,5.322284371856956,0.1864435643921398,0.1801929513142672,0.2184304082801287,20260910
290,A. pennsylvanica,AP,fitted,0.18470974840587545,0.19438658063630745,0.2903070362875505,0.21844287631698128,0.3502016436708594,11.917141512280022,0.1864435643921398,0.1801929513142672,0.2184304082801287,20260910
291,A. pennsylvanica,AP,fitted,0.2495058517827152,0.21779102704059033,0.18191797162047904,0.21461765300324293,0.22411589722518396,18.822216443673028,0.1864435643921398,0.1801929513142672,0.2184304082801287,20260910
292,A. pennsylvanica,AP,fitted,0.14784974354696118,0.16235832964497018,0.12183830798782051,0.14300778161584363,0.20707351361600052,15.494674511161843,0.1864435643921398,0.1801929513142672,0.2184304082801287,20260910
293,A. pennsylvanica,AP,fitted,0.13999804046935566,0.1727167461806015,0.15662562295765256,0.15587378167479707,0.1486266462538962,6.612379578041989,0.1864435643921398,0.1801929513142672,0.2184304082801287,20260910
294,A. pennsylvanica,AP,fitted,0.20423217255813123,0.20395982346659322,0.1466023953999752,0.1827833434190199,0.27015269543789416,7.130157306202305,0.1864435643921398,0.1801929513142672,0.2184304082801287,20260910
295,A. pennsylvanica,AP,fitted,0.1518695688565803,0.1274331877588628,0.18281172766831677,0.15237689514073255,0.2552024959056842,1.0935034687656255,0.1864435643921398,0.1801929513142672,0.2184304082801287,20260910
296,A. pennsylvanica,AP,fitted,0.1802179365010837,0.2040743713719622,0.14675115956735166,0.17541066992535856,0.23550531279007733,1.2737260191721065,0.1864435643921398,0.1801929513142672,0.2184304082801287,20260910
297,A. pennsylvanica,AP,fitted,0.14645834378089395,0.13210001179139397,0.24399314321845947,0.16775090259808886,0.4646271326235595,19.464727714941283,0.1864435643921398,0.1801929513142672,0.2184304082801287,20260910
298,A. pennsylvanica,AP,fitted,0.17711763600036487,0.2538532300727005,0.20395800634869818,0.20931246214214874,0.25648875265201104,15.143429166976155,0.1864435643921398,0.1801929513142672,0.2184304082801287,20260910
299,A. pennsylvanica,AP,fitted,0.1238700472953495,0.15356475703778366,0.2503518981219128,0.16824270783536444,0.509951237921381,3.7913189351091487,0.1864435643921398,0.1801929513142672,0.2184304082801287,20260910
300,A. pennsylvanica,AP,fitted,0.17576656188363415,0.1188882721420047,0.125142095083587,0.13777155646139969,0.3004932215304518,4.782713767752365,0.1864435643921398,0.1801929513142672,0.2184304082801287,20260910
301,A. pennsylvanica,AP,fitted,0.20578880331468238,0.19300886016971386,0.2382389536314494,0.21151309176965982,0.15261809362835432,12.566205108515963,0.1864435643921398,0.1801929513142672,0.2184304082801287,20260910
302,A. pennsylvanica,AP,fitted,0.10491532807614391,0.17537952193190812,0.19833321288432718,0.1539587669055097,0.4777115193839445,21.706541447686245,0.1864435643921398,0.1801929513142672,0.2184304082801287,20260910
303,A. pennsylvanica,AP,fitted,0.1126146060272972,0.20582299181968425,0.14310725725561582,0.14913631992881174,0.4294019983595459,12.14043271314301,0.1864435643921398,0.1801929513142672,0.2184304082801287,20260910
304,A. pennsylvanica,AP,fitted,0.1497425005173259,0.1624792075701459,0.14264890383366852,0.1514039145584486,0.09302640786710951,16.282356959882,0.1864435643921398,0.1801929513142672,0.2184304082801287,20260910
305,A. pennsylvanica,AP,fitted,0.24504757105090255,0.12354113287610657,0.18025062026578823,0.17605414309739448,0.4851406460868333,16.49639695003889,0.1864435643921398,0.1801929513142672,0.2184304082801287,20260910
306,A. pennsylvanica,AP,fitted,0.15805002896961104,0.19126588813971823,0.15954471864267075,0.16895517994933135,0.1520521590640222,7.5725891847811155,0.1864435643921398,0.1801929513142672,0.2184304082801287,20260910
307,A. pennsylvanica,AP,fitted,0.1594660202931691,0.17384516602219435,0.19804232428038998,0.17641259831194095,0.1542432710061214,14.392241956006279,0.1864435643921398,0.1801929513142672,0.2184304082801287,20260910
308,A. pennsylvanica,AP,fitted,0.25491132632102403,0.19882845195499668,0.16725661880313175,0.20389989037156353,0.2995577358460023,10.496971124659126,0.1864435643921398,0.1801929513142672,0.2184304082801287,20260910
309,A. pennsylvanica,AP,fitted,0.17357000862774058,0.22761737249152827,0.24828891880312506,0.2140650710642897,0.26408080001409334,22.146248939266712,0.1864435643921398,0.1801929513142672,0.2184304082801287,20260910
310,A. pennsylvanica,AP,fitted,0.17880251765309776,0.2533700508300023,0.17793654685111532,0.2005078385807576,0.2866080808000923,3.521665896370692,0.1864435643921398,0.1801929513142672,0.2184304082801287,20260910
311,A. pennsylvanica,AP,fitted,0.1598618155995668,0.17606175401912788,0.23913637871064494,0.1888071649982562,0.2973560323668451,11.129743552425099,0.1864435643921398,0.1801929513142672,0.2184304082801287,20260910
312,A. pennsylvanica,AP,fitted,0.16595309040449216,0.19600675750453603,0.18795630604687927,0.1828539851728424,0.12242530236283576,22.032296784988343,0.1864435643921398,0.1801929513142672,0.2184304082801287,20260910
313,A. pennsylvanica,AP,fitted,0.15754080776580925,0.19504215940547892,0.16217013529302143,0.17080378137398491,0.16380917208686377,7.479676590424874,0.1864435643921398,0.1801929513142672,0.2184304082801287,20260910
314,A. pennsylvanica,AP,fitted,0.19851186254913686,0.1507207616474269,0.17126710094220965,0.17240287223593803,0.19491951873620586,7.561002057306528,0.1864435643921398,0.1801929513142672,0.2184304082801287,20260910
315,A. pennsylvanica,AP,fitted,0.14825299351456542,0.12673011727051722,0.1384792386714888,0.13753798532392564,0.11123118762783771,7.591853081925814,0.1864435643921398,0.1801929513142672,0.2184304082801287,20260910
316,A. pennsylvanica,AP,fitted,0.21569165823496483,0.20103533535864349,0.2754934583637741,0.22859795782608708,0.23389041969850802,3.4378822951654966,0.1864435643921398,0.1801929513142672,0.2184304082801287,20260910
317,A. pennsylvanica,AP,fitted,0.177842335515575,0.2473101696635773,0.16315807308208066,0.1928835684082747,0.3104575041461358,9.531089752040545,0.1864435643921398,0.1801929513142672,0.2184304082801287,20260910
318,A. pennsylvanica,AP,fitted,0.18660353825468054,0.14892911369839723,0.16563220920589738,0.16634691763920503,0.159550926642111,17.69485418139583,0.1864435643921398,0.1801929513142672,0.2184304082801287,20260910
319,A. pennsylvanica,AP,fitted,0.18434011757840016,0.16440152716041934,0.1994124400954511,0.18214866187842285,0.1373000024634046,6.664387591439353,0.1864435643921398,0.1801929513142672,0.2184304082801287,20260910
320,A. pennsylvanica,AP,fitted,0.2241164769534985,0.19956358118345535,0.1819677127849685,0.20114834824403463,0.14763442658713183,3.5172764609218463,0.1864435643921398,0.1801929513142672,0.2184304082801287,20260910
321,A. pennsylvanica,AP,fitted,0.20506387146470728,0.23928450839728443,0.21683335493175615,0.21994289718852403,0.11051363120052815,22.168393136400688,0.1864435643921398,0.1801929513142672,0.2184304082801287,20260910
322,A. pennsylvanica,AP,fitted,0.19742705035702157,0.21930215948178777,0.2055473702022833,0.20723057402922193,0.07497209110289693,12.478899349339688,0.1864435643921398,0.1801929513142672,0.2184304082801287,20260910
323,A. pennsylvanica,AP,fitted,0.25813430672564197,0.22874024999843645,0.25993197937235196,0.24851313281369636,0.10166040769305688,22.791312350140082,0.1864435643921398,0.1801929513142672,0.2184304082801287,20260910
324,A. pennsylvanica,AP,fitted,0.09900846190816458,0.13273103700895586,0.15571725452355406,0.1269581288734675,0.3248022679884122,6.263134573508528,0.1864435643921398,0.1801929513142672,0.2184304082801287,20260910
325,A. pennsylvanica,AP,fitted,0.1637317767094469,0.24477018572182063,0.1845493238988235,0.19483545203695007,0.2919777249033985,1.1505724610393386,0.1864435643921398,0.1801929513142672,0.2184304082801287,20260910
326,A. pennsylvanica,AP,fitted,0.13362061508704068,0.1794347915416084,0.24774572981748183,0.1811043017731348,0.43671390887851214,8.581464918683814,0.1864435643921398,0.1801929513142672,0.2184304082801287,20260910
327,A. pennsylvanica,AP,fitted,0.23774174754515082,0.23350436293130045,0.2477242025270907,0.23958316422513334,0.0428556180188527,0.05107319765996898,0.1864435643921398,0.1801929513142672,0.2184304082801287,20260910
328,A. pennsylvanica,AP,fitted,0.28850996229168946,0.16875139760920504,0.252834772727804,0.23089524986775237,0.3951832570045728,6.708121842539729,0.1864435643921398,0.1801929513142672,0.2184304082801287,20260910
329,A. pennsylvanica,AP,fitted,0.1461068637486747,0.2533293084830997,0.17586843819467934,0.18671590801458138,0.39600131453177856,15.573078187350887,0.1864435643921398,0.1801929513142672,0.2184304082801287,20260910
330,A. pennsylvanica,AP,fitted,0.2357594559496805,0.26999322273699966,0.27684972692427073,0.2602288011506548,0.12223569450453235,23.617700054021064,0.1864435643921398,0.1801929513142672,0.2184304082801287,20260910
331,A. pennsylvanica,AP,fitted,0.21749597156322517,0.2124412609482854,0.10910464509265438,0.17146590510089219,0.5539285684834979,10.252029020923668,0.1864435643921398,0.1801929513142672,0.2184304082801287,20260910
332,A. pennsylvanica,AP,fitted,0.3002418623085079,0.1734470321124266,0.1765986525361554,0.20951180635036953,0.44085724940824617,13.633544957607342,0.1864435643921398,0.1801929513142672,0.2184304082801287,20260910
333,A. pennsylvanica,AP,fitted,0.2207591005543302,0.13124430411369764,0.2757891290168377,0.1999211499677536,0.538939129487704,3.866754278220606,0.1864435643921398,0.1801929513142672,0.2184304082801287,20260910
334,A. pennsylvanica,AP,fitted,0.21105537722296772,0.21194525100277556,0.2330048504235164,0.21843808359305575,0.07912140082523887,1.4969844933352974,0.1864435643921398,0.1801929513142672,0.2184304082801287,20260910
335,A. pennsylvanica,AP,fitted,0.15610573300851174,0.23465437613542756,0.18025689982629942,0.18760589010545436,0.2923286376141731,19.873556590527077,0.1864435643921398,0.1801929513142672,0.2184304082801287,20260910
336,A. pennsylvanica,AP,fitted,0.1542042226284684,0.13404529990515887,0.24424110048090952,0.17154926764948708,0.4438804151195155,20.369754597432003,0.1864435643921398,0.1801929513142672,0.2184304082801287,20260910
337,A. pennsylvanica,AP,fitted,0.2290340033601715,0.15025706360030874,0.15337455684772747,0.1741122766191117,0.33610226686239386,3.082624935865133,0.1864435643921398,0.1801929513142672,0.2184304082801287,20260910
338,A. pennsylvanica,AP,fitted,0.25714783167950844,0.20570379841636904,0.263046232717261,0.240520679098823,0.19218211887868367,3.9867784311957672,0.1864435643921398,0.1801929513142672,0.2184304082801287,20260910
339,A. pennsylvanica,AP,fitted,0.12304886426598716,0.12224258087498585,0.1441051430467353,0.12941755785077605,0.13174105308072176,19.412595656041773,0.1864435643921398,0.1801929513142672,0.2184304082801287,20260910
340,A. pennsylvanica,AP,fitted,0.17134434559914613,0.20757832055876949,0.2397191555661077,0.20429206739655184,0.23824439654172014,1.2259002434093356,0.1864435643921398,0.1801929513142672,0.2184304082801287,20260910
341,A. pennsylvanica,AP,fitted,0.1650209529637926,0.20555605981068414,0.18960369819797232,0.1859682166252043,0.1571129850271175,15.520442068514644,0.1864435643921398,0.1801929513142672,0.2184304082801287,20260910
342,A. pennsylvanica,AP,fitted,0.14274278154298503,0.1894704599980036,0.1943575981929002,0.17387309954515556,0.2422895464830677,15.514174012673365,0.1864435643921398,0.1801929513142672,0.2184304082801287,20260910
343,A. pennsylvanica,AP,fitted,0.15910208186970426,0.2250696314213533,0.2566185122531627,0.20945637433495684,0.3493086067136495,20.898536264866774,0.1864435643921398,0.1801929513142672,0.2184304082801287,20260910
344,A. pennsylvanica,AP,fitted,0.12905741602354723,0.15274725307166484,0.22228293574165545,0.16363925718870262,0.3935962757908597,21.91160937134781,0.1864435643921398,0.1801929513142672,0.2184304082801287,20260910
345,A. pennsylvanica,AP,fitted,0.2856223601707251,0.27524680041545935,0.23035841194527304,0.26260693218687414,0.16258756126271365,15.715488366124355,0.1864435643921398,0.1801929513142672,0.2184304082801287,20260910
346,A. pennsylvanica,AP,fitted,0.19688208706300547,0.1323945149076697,0.3024966097623656,0.19903627550055783,0.5844229075008494,13.905545268701218,0.1864435643921398,0.1801929513142672,0.2184304082801287,20260910
347,A. pennsylvanica,AP,fitted,0.2080510538113126,0.15362452260191034,0.2365086429819813,0.196257303486806,0.3133574601092844,11.74779381872825,0.1864435643921398,0.1801929513142672,0.2184304082801287,20260910
348,A. pennsylvanica,AP,fitted,0.22053058266446027,0.20044922983371558,0.2368449027196695,0.2187656274272403,0.11838664367690951,20.85797615420574,0.1864435643921398,0.1801929513142672,0.2184304082801287,20260910
349,A. pennsylvanica,AP,fitted,0.13789339212998333,0.13035070885040814,0.214404115671938,0.156782164791012,0.38540966168236024,17.447575028680617,0.1864435643921398,0.1801929513142672,0.2184304082801287,20260910
350,A. pennsylvanica,AP,fitted,0.09407294151312812,0.16242513438296743,0.13488687991049705,0.12726116342477234,0.39270616627630583,18.941102607657385,0.1864435643921398,0.1801929513142672,0.2184304082801287,20260910
351,A. pennsylvanica,AP,fitted,0.129694693522746,0.18791978484742927,0.12326967867325475,0.14429468216093957,0.3255143707972835,22.447925169980763,0.1864435643921398,0.1801929513142672,0.2184304082801287,20260910
352,A. pennsylvanica,AP,fitted,0.1338804391499332,0.16528706442861454,0.2712473111771336,0.18173579655089409,0.5126185023529191,22.316771615519635,0.1864435643921398,0.1801929513142672,0.2184304082801287,20260910
353,A. pennsylvanica,AP,fitted,0.1951046452804694,0.24747732454419258,0.4281021982950841,0.2744417373541639,0.5699164140292589,16.02953019108871,0.1864435643921398,0.1801929513142672,0.2184304082801287,20260910
354,A. pennsylvanica,AP,fitted,0.15835055906235196,0.1314787718139452,0.1851593208460864,0.15679791120365938,0.24239362807743223,13.338455479023596,0.1864435643921398,0.1801929513142672,0.2184304082801287,20260910
355,A. pennsylvanica,AP,fitted,0.2078114111594076,0.17532959229687253,0.20105003813611844,0.19421208828343675,0.1274356038634152,4.202136245609052,0.1864435643921398,0.1801929513142672,0.2184304082801287,20260910
356,A. pennsylvanica,AP,fitted,0.1769002799407846,0.20644246484133036,0.240836530303589,0.20641914391163255,0.21816527040903638,13.9646266345371,0.1864435643921398,0.1801929513142672,0.2184304082801287,20260910
357,A. pennsylvanica,AP,fitted,0.16989616936529195,0.22023043630394598,0.18807088575238906,0.19162882295659128,0.18491510635908467,7.135347258934228,0.1864435643921398,0.1801929513142672,0.2184304082801287,20260910
358,A. pennsylvanica,AP,fitted,0.17154003566241602,0.19172617653405877,0.17067880310599137,0.177722398362393,0.09295944100724826,21.78416863862892,0.1864435643921398,0.1801929513142672,0.2184304082801287,20260910
359,A. pennsylvanica,AP,fitted,0.1917389318620332,0.22741244904573824,0.20842405779525677,0.20868478933490997,0.12066377522624695,16.86416757263009,0.1864435643921398,0.1801929513142672,0.2184304082801287,20260910
360,A. pennsylvanica,AP,fitted,0.10708005179834713,0.20212829543968006,0.1429983776185932,0.14573222605996577,0.44984159442309235,10.177920489805961,0.1864435643921398,0.1801929513142672,0.2184304082801287,20260910
361,A. pennsylvanica,AP,fitted,0.12345724141897714,0.17466228497452205,0.12920072854509612,0.1407106241877252,0.2666727362271804,6.466388128429406,0.1864435643921398,0.1801929513142672,0.2184304082801287,20260910
362,A. pennsylvanica,AP,fitted,0.3343445955869858,0.2962070922165835,0.26517018677836807,0.2972383338986952,0.1639628593744117,10.64426873223594,0.1864435643921398,0.1801929513142672,0.2184304082801287,20260910
363,A. pennsylvanica,AP,fitted,0.25606231351356157,0.17259596337715688,0.22611869197197623,0.21539597717000133,0.2852062219094813,7.095095372906408,0.1864435643921398,0.1801929513142672,0.2184304082801287,20260910
364,A. pennsylvanica,AP,fitted,0.19954443630009233,0.2151867024238288,0.2566583985838057,0.2225376570150472,0.1826778262648663,6.310518619505147,0.1864435643921398,0.1801929513142672,0.2184304082801287,20260910
365,A. pennsylvanica,AP,fitted,0.1383194051598548,0.1411083117296211,0.16244038748605083,0.14690725426618717,0.12390529416690721,19.550462820561123,0.1864435643921398,0.1801929513142672,0.2184304082801287,20260910
366,A. pennsylvanica,AP,fitted,0.13995632995156074,0.15875723051968532,0.1296895386868674,0.14230178081772804,0.14444154036363388,19.3644999450484,0.1864435643921398,0.1801929513142672,0.2184304082801287,20260910
367,A. pennsylvanica,AP,fitted,0.12605030240606277,0.12912200712795205,0.16008383565431175,0.1376038379995555,0.1861073013605219,12.271413224449256,0.1864435643921398,0.1801929513142672,0.2184304082801287,20260910
368,A. pennsylvanica,AP,fitted,0.2552150752958233,0.20904018265642474,0.22692181471798564,0.22961704104395747,0.14186343416366803,17.006720664855223,0.1864435643921398,0.1801929513142672,0.2184304082801287,20260910
369,A. pennsylvanica,AP,fitted,0.13958566991132057,0.15821722065933733,0.16333856463665414,0.15336553492505936,0.11748411033458019,12.704482722107908,0.1864435643921398,0.1801929513142672,0.2184304082801287,20260910
370,A. pennsylvanica,AP,fitted,0.15561505252408508,0.11885945723270461,0.1727587187736805,0.1472906256636174,0.27286384066598957,22.34806720741256,0.1864435643921398,0.1801929513142672,0.2184304082801287,20260910
371,A. pennsylvanica,AP,fitted,0.1938351164135664,0.17503987610695312,0.22774011515431158,0.19769832853352548,0.18766727284576293,11.620528630716105,0.1864435643921398,0.1801929513142672,0.2184304082801287,20260910
372,A. pennsylvanica,AP,fitted,0.14263576452843862,0.18731415825797942,0.12787911584729883,0.15061430475556786,0.2780139219463797,16.293843638595384,0.1864435643921398,0.1801929513142672,0.2184304082801287,20260910
373,A. pennsylvanica,AP,fitted,0.1615385631475834,0.2316941168965523,0.19606851283964544,0.1943269460737393,0.25526912428232,16.915979460885094,0.1864435643921398,0.1801929513142672,0.2184304082801287,20260910
374,A. pennsylvanica,AP,fitted,0.22609490921697925,0.3599060958221438,0.1946046079245218,0.25111791794886124,0.453389386027924,19.67657313080474,0.1864435643921398,0.1801929513142672,0.2184304082801287,20260910
375,A. pennsylvanica,AP,fitted,0.13575105394169165,0.14204074494309074,0.18178387619246755,0.15190445248126555,0.22224307283546724,7.882065016324701,0.1864435643921398,0.1801929513142672,0.2184304082801287,20260910
376,A. pennsylvanica,AP,fitted,0.19528281698799901,0.1615608410157583,0.24490555524042135,0.19769677781384326,0.2945345435422179,11.821949849148329,0.1864435643921398,0.1801929513142672,0.2184304082801287,20260910
377,A. pennsylvanica,AP,fitted,0.22197216665791775,0.13013223042003988,0.17856121895074237,0.17277869079992422,0.37974211239180566,18.186810995108413,0.1864435643921398,0.1801929513142672,0.2184304082801287,20260910
378,A. pennsylvanica,AP,fitted,0.3261348331996816,0.19571115365438335,0.2608999925103812,0.255365531301772,0.3620525326299251,16.505689673404028,0.1864435643921398,0.1801929513142672,0.2184304082801287,20260910
379,A. pennsylvanica,AP,fitted,0.20115918654317136,0.18041261516674528,0.24710261961153124,0.20775973086849464,0.22591294764956057,17.644441677560675,0.1864435643921398,0.1801929513142672,0.2184304082801287,20260910
380,A. pennsylvanica,AP,fitted,0.21843237748858085,0.16037691275040952,0.16429445244126484,0.1792093179909456,0.24300387055901213,13.239743294531552,0.1864435643921398,0.1801929513142672,0.2184304082801287,20260910
381,A. pennsylvanica,AP,fitted,0.16553938526696926,0.2057932402075191,0.2677376147096784,0.2089363215394184,0.3404822066744441,4.390329413744172,0.1864435643921398,0.1801929513142672,0.2184304082801287,20260910
382,A. pennsylvanica,AP,fitted,0.18279281013770288,0.13687034120517322,0.392373176008507,0.21411935332384993,0.7694964678743991,17.0967581517045,0.1864435643921398,0.1801929513142672,0.2184304082801287,20260910
383,A. pennsylvanica,AP,fitted,0.21276437379515065,0.1795820278276985,0.16812559435307972,0.18589392807939958,0.17179627308362547,17.56759543842085,0.1864435643921398,0.1801929513142672,0.2184304082801287,20260910
384,A. pennsylvanica,AP,fitted,0.18377692555767627,0.19966951716244227,0.2782675541866528,0.21694772824734335,0.31046143559940287,12.690280505707008,0.1864435643921398,0.1801929513142672,0.2184304082801287,20260910
385,A. pennsylvanica,AP,fitted,0.24253855123615362,0.16148225414111333,0.16166835909988636,0.1850021905792847,0.33165334527875984,7.525150938788019,0.1864435643921398,0.1801929513142672,0.2184304082801287,20260910
386,A. pennsylvanica,AP,fitted,0.26172494722734563,0.18798003077281938,0.1915869963248449,0.21123909035430705,0.2628109798082526,12.285055963600037,0.1864435643921398,0.1801929513142672,0.2184304082801287,20260910
387,A. pennsylvanica,AP,fitted,0.10096779225321213,0.12626290694163866,0.1726544679453066,0.13008048729213714,0.3811063571621492,1.611616523293577,0.1864435643921398,0.1801929513142672,0.2184304082801287,20260910
388,A. pennsylvanica,AP,fitted,0.1496758239521876,0.20656724656522818,0.14108449092303352,0.1633920034211316,0.2901966309966832,6.999526387551308,0.1864435643921398,0.1801929513142672,0.2184304082801287,20260910
389,A. pennsylvanica,AP,fitted,0.23508064951109472,0.26404431316371885,0.24076490247081125,0.24631770305491651,0.08677386886150071,16.280302261691734,0.1864435643921398,0.1801929513142672,0.2184304082801287,20260910
390,A. pennsylvanica,AP,fitted,0.19259244919670684,0.2549877686754538,0.15557407812603655,0.19695421534192023,0.35045189891479234,17.596602867834378,0.1864435643921398,0.1801929513142672,0.2184304082801287,20260910
391,A. pennsylvanica,AP,fitted,0.21656408030349797,0.18206765173500816,0.14164728215089734,0.17742268776500877,0.30186365034551044,0.10750682205692019,0.1864435643921398,0.1801929513142672,0.2184304082801287,20260910
392,A. pennsylvanica,AP,fitted,0.1896097158094427,0.19639362580147465,0.2109744501605636,0.19879522399516827,0.07695078374538872,6.655345182056409,0.1864435643921398,0.1801929513142672,0.2184304082801287,20260910
393,A. pennsylvanica,AP,fitted,0.25704229979183724,0.19674772381369326,0.16742363934397386,0.2038185453342647,0.306214805552205,0.9152940490082511,0.1864435643921398,0.1801929513142672,0.2184304082801287,20260910
394,A. pennsylvanica,AP,fitted,0.25418533824257167,0.18974484216746093,0.19016265649758463,0.20932217421470617,0.2378372027743275,10.663074006260407,0.1864435643921398,0.1801929513142672,0.2184304082801287,20260910
395,A. pennsylvanica,AP,fitted,0.2148994169841487,0.20842948848336013,0.15002202667427736,0.18870488491987691,0.2817894652379402,5.208986041543575,0.1864435643921398,0.1801929513142672,0.2184304082801287,20260910
396,A. pennsylvanica,AP,fitted,0.17289768862026106,0.21427854351883674,0.1818209114040517,0.18885880376712103,0.15869789751791916,13.350430671069539,0.1864435643921398,0.1801929513142672,0.2184304082801287,20260910
397,A. pennsylvanica,AP,fitted,0.14588626940338964,0.19881452929833032,0.20126678072395116,0.18005763686446874,0.2578928682929801,0.6505177452841551,0.1864435643921398,0.1801929513142672,0.2184304082801287,20260910
398,A. pennsylvanica,AP,fitted,0.1388942355896355,0.17064817280272396,0.17192277675890072,0.15972507244479517,0.17122829889447627,18.115723388677633,0.1864435643921398,0.1801929513142672,0.2184304082801287,20260910
399,A. pennsylvanica,AP,fitted,0.1789200241523727,0.29346818517928347,0.13976013838694065,0.19432757544339752,0.534228583291876,11.77052322840145,0.1864435643921398,0.1801929513142672,0.2184304082801287,20260910
400,A. pennsylvanica,AP,fitted,0.18952903391845324,0.1671441697043814,0.18349026767753215,0.17980151155560123,0.09228786565222243,18.652252217731846,0.1864435643921398,0.1801929513142672,0.2184304082801287,20260910
401,A. pennsylvanica,AP,fitted,0.18692743415379148,0.2210793995804321,0.1549662093646315,0.18570322402639686,0.2513743657005617,8.262324199210571,0.1864435643921398,0.1801929513142672,0.2184304082801287,20260910
402,A. pennsylvanica,AP,fitted,0.16764661658389265,0.22730890780043736,0.1438575106677674,0.17632528577288153,0.3293450618469337,0.23043171360565218,0.1864435643921398,0.1801929513142672,0.2184304082801287,20260910
403,A. pennsylvanica,AP,fitted,0.17224894757086562,0.12564414017840306,0.16957619803376783,0.15424860199688872,0.2514531014386608,1.7660366005207981,0.1864435643921398,0.1801929513142672,0.2184304082801287,20260910
404,A. pennsylvanica,AP,fitted,0.18389452160053638,0.23353394168445016,0.15897509939007992,0.18970668512478253,0.2745964476970782,8.080479400561309,0.1864435643921398,0.1801929513142672,0.2184304082801287,20260910
405,A. pennsylvanica,AP,fitted,0.14995808415975884,0.2184215768618516,0.17622616895158,0.17938189480785113,0.26680950230147976,6.531215759320824,0.1864435643921398,0.1801929513142672,0.2184304082801287,20260910
406,A. pennsylvanica,AP,fitted,0.12065049002316769,0.20773774708367226,0.15449477612462348,0.15703125525206355,0.38474398287052497,15.202299979466192,0.1864435643921398,0.1801929513142672,0.2184304082801287,20260910
407,A. pennsylvanica,AP,fitted,0.13530633559228178,0.17076255555360972,0.2093152351965739,0.169110486675945,0.30874040722213036,2.9742153330631966,0.1864435643921398,0.1801929513142672,0.2184304082801287,20260910
408,A. pennsylvanica,AP,fitted,0.23931060444246846,0.23611240735056288,0.23073554378469746,0.23535951000947422,0.026097200979681268,19.648030108600715,0.1864435643921398,0.1801929513142672,0.2184304082801287,20260910
409,A. pennsylvanica,AP,fitted,0.19723966135828946,0.2704257905407399,0.25979073294751204,0.24019022950377705,0.2429511607173748,21.391906822627934,0.1864435643921398,0.1801929513142672,0.2184304082801287,20260910
410,A. pennsylvanica,AP,fitted,0.27387116035119663,0.35652091159122906,0.17946185477472515,0.25973739909434823,0.489698480875591,5.32518614487026,0.1864435643921398,0.1801929513142672,0.2184304082801287,20260910
411,A. pennsylvanica,AP,fitted,0.1655746520503173,0.20580354305089316,0.19735521497189634,0.18875498712473668,0.1631896929800091,19.508118459365203,0.1864435643921398,0.1801929513142672,0.2184304082801287,20260910
412,A. pennsylvanica,AP,fitted,0.18072022331243143,0.22382257338944836,0.20136532647972677,0.2012017605795632,0.15125592298278712,19.542031907157064,0.1864435643921398,0.1801929513142672,0.2184304082801287,20260910
413,A. pennsylvanica,AP,fitted,0.2244104739125404,0.23910775887594837,0.225590777553111,0.22960748644716078,0.04979325246680268,10.589526699863757,0.1864435643921398,0.1801929513142672,0.2184304082801287,20260910
414,A. pennsylvanica,AP,fitted,0.3292125871357446,0.2526102460781062,0.16497224895321846,0.23939372519897775,0.4929719634093795,4.471221892597669,0.1864435643921398,0.1801929513142672,0.2184304082801287,20260910
415,A. pennsylvanica,AP,fitted,0.1349666908509274,0.10526810716714623,0.16340335978760598,0.1324122398139941,0.3118022764395764,21.014721637451537,0.1864435643921398,0.1801929513142672,0.2184304082801287,20260910
416,A. pennsylvanica,AP,fitted,0.18749309974956022,0.15970201757132477,0.1481478349567212,0.16430987565623567,0.17015036201952566,9.655353535274287,0.1864435643921398,0.1801929513142672,0.2184304082801287,20260910
417,A. pennsylvanica,AP,fitted,0.13341774527974937,0.13382005877192163,0.10913364116463023,0.12490058893913501,0.16528683002482944,10.877962264907305,0.1864435643921398,0.1801929513142672,0.2184304082801287,20260910
418,A. pennsylvanica,AP,fitted,0.17500657814126436,0.16139798980362863,0.1987095510394716,0.17771486073430262,0.14825551451275046,14.572379177801807,0.1864435643921398,0.1801929513142672,0.2184304082801287,20260910
419,A. pennsylvanica,AP,fitted,0.21909175724668875,0.2384800137283358,0.1714776942448881,0.20769620152394377,0.24222776305062413,14.583730607683563,0.1864435643921398,0.1801929513142672,0.2184304082801287,20260910
420,A. pennsylvanica,AP,fitted,0.16276925167455691,0.21926728364660836,0.18400362745442864,0.18726539430032096,0.21178428319862133,5.798683676080246,0.1864435643921398,0.1801929513142672,0.2184304082801287,20260910
421,A. pennsylvanica,AP,fitted,0.2505973189900118,0.2334265955173748,0.2152822832567757,0.23265462071612578,0.10748416021557651,9.226121621368158,0.1864435643921398,0.1801929513142672,0.2184304082801287,20260910
422,A. pennsylvanica,AP,fitted,0.24235009168106625,0.18603943802649253,0.22325202658718302,0.21591420014093735,0.191404188222867,6.476697791536681,0.1864435643921398,0.1801929513142672,0.2184304082801287,20260910
423,A. pennsylvanica,AP,fitted,0.2507053786771191,0.1883227498200915,0.2074818104996596,0.21396799764762192,0.20580098245104955,0.9828165693932691,0.1864435643921398,0.1801929513142672,0.2184304082801287,20260910
424,A. pennsylvanica,AP,fitted,0.21700996348084092,0.12043956579402534,0.14237466890027195,0.15496270689121983,0.4290765673645014,20.387275142494946,0.1864435643921398,0.1801929513142672,0.2184304082801287,20260910
425,A. pennsylvanica,AP,fitted,0.1244979758024588,0.16337872826464866,0.13308843382505808,0.13936895338062227,0.2003045898489984,1.430089938195291,0.1864435643921398,0.1801929513142672,0.2184304082801287,20260910
426,A. pennsylvanica,AP,fitted,0.17704054878769188,0.20897533653157727,0.18173700338040732,0.1887427945908347,0.12608362323063255,15.14437513979541,0.1864435643921398,0.1801929513142672,0.2184304082801287,20260910
427,A. pennsylvanica,AP,fitted,0.15914834049614096,0.1180767997643845,0.15312805871580037,0.14223522203418837,0.22960735047825195,11.958017032947136,0.1864435643921398,0.1801929513142672,0.2184304082801287,20260910
428,A. pennsylvanica,AP,fitted,0.1461081219084047,0.25231172382807365,0.1714781653345362,0.1849014026880597,0.3971802264850928,1.6879113282982114,0.1864435643921398,0.1801929513142672,0.2184304082801287,20260910
429,A. pennsylvanica,AP,fitted,0.12054379003222747,0.17531967982191957,0.125286532264245,0.13834388471808784,0.2913840537452674,15.448293641159577,0.1864435643921398,0.1801929513142672,0.2184304082801287,20260910
430,A. pennsylvanica,AP,fitted,0.1906387097822532,0.2226505305366794,0.14468454876541625,0.18312697696679997,0.3087476279707073,12.997699064152377,0.1864435643921398,0.1801929513142672,0.2184304082801287,20260910
431,A. pennsylvanica,AP,fitted,0.2355428094948708,0.1825170700236955,0.13066162974407397,0.17776263122797903,0.4179371448760726,14.597864485586271,0.1864435643921398,0.1801929513142672,0.2184304082801287,20260910
432,A. pennsylvanica,AP,fitted,0.27526292086174864,0.22529250623185884,0.15225446374646406,0.21135936625526855,0.42596712501130035,14.37642696957822,0.1864435643921398,0.1801929513142672,0.2184304082801287,20260910
433,A. pennsylvanica,AP,fitted,0.21392047040699327,0.1947299929794985,0.1429216365525944,0.18124292309373194,0.29842290265667476,22.003550187645626,0.1864435643921398,0.1801929513142672,0.2184304082801287,20260910
434,A. pennsylvanica,AP,fitted,0.19577613751296896,0.1940427307040011,0.1588204047141656,0.182048795861827,0.16729680000721225,12.476736685235343,0.1864435643921398,0.1801929513142672,0.2184304082801287,20260910
435,A. pennsylvanica,AP,fitted,0.17174785364178174,0.17118445414718236,0.20493519416227776,0.1819662015098984,0.1456074381752499,18.922733877316237,0.1864435643921398,0.1801929513142672,0.2184304082801287,20260910
436,A. pennsylvanica,AP,fitted,0.1639350849843986,0.3287873768875217,0.2641269549973971,0.2423631509145971,0.5032483130746538,0.23954893324996895,0.1864435643921398,0.1801929513142672,0.2184304082801287,20260910
437,A. pennsylvanica,AP,fitted,0.16981514924659624,0.11237597943619776,0.15077596908588978,0.14223091911918442,0.3005539743515834,22.698272551347422,0.1864435643921398,0.1801929513142672,0.2184304082801287,20260910
438,A. pennsylvanica,AP,fitted,0.25878446349299766,0.19137879930706647,0.22947914129794075,0.224832150057881,0.21482913481329122,15.949469616809473,0.1864435643921398,0.1801929513142672,0.2184304082801287,20260910
439,A. pennsylvanica,AP,fitted,0.21010798379769596,0.227299891810361,0.24082305556925324,0.22572514927871062,0.09685324464291963,8.953435034851239,0.1864435643921398,0.1801929513142672,0.2184304082801287,20260910
440,A. pennsylvanica,AP,fitted,0.16828788483436852,0.24882760057826295,0.21730473708512904,0.20877261568041286,0.28085587034297743,0.4340477116746113,0.1864435643921398,0.1801929513142672,0.2184304082801287,20260910
441,A. pennsylvanica,AP,fitted,0.12775529780566677,0.20118161690406836,0.1473980857452562,0.15589051272287757,0.3283387420392286,16.772535813814475,0.1864435643921398,0.1801929513142672,0.2184304082801287,20260910
442,A. pennsylvanica,AP,fitted,0.23475931526297486,0.21491264168765994,0.18382422081552785,0.21010151150333745,0.17515364439313813,0.8117907164435909,0.1864435643921398,0.1801929513142672,0.2184304082801287,20260910
443,A. pennsylvanica,AP,fitted,0.1382431032787559,0.21246282624748422,0.20460509796573972,0.18180854575628225,0.33656371096047466,13.778379583477093,0.1864435643921398,0.1801929513142672,0.2184304082801287,20260910
444,A. pennsylvanica,AP,fitted,0.18157594536858107,0.215306678082681,0.14897266591957983,0.17991780111439534,0.260670099052647,16.029604189872092,0.1864435643921398,0.1801929513142672,0.2184304082801287,20260910
445,A. pennsylvanica,AP,fitted,0.1992991923715105,0.1302686791288203,0.16026525975583636,0.16084033910039122,0.30069952883556245,17.484476261403564,0.1864435643921398,0.1801929513142672,0.2184304082801287,20260910
446,A. pennsylvanica,AP,fitted,0.15998345897099955,0.16076603727514946,0.12291289173607638,0.1467649244027359,0.21724355597830142,9.304728769659448,0.1864435643921398,0.1801929513142672,0.2184304082801287,20260910
447,A. pennsylvanica,AP,fitted,0.11574618209490234,0.14280145975204905,0.17317593040196036,0.14198494048069013,0.28498574564233686,9.459178822292602,0.1864435643921398,0.1801929513142672,0.2184304082801287,20260910
448,A. pennsylvanica,AP,fitted,0.13244846918414702,0.12995356211404474,0.13275389355831832,0.13171264352349257,0.016547574761774597,8.463052079031158,0.1864435643921398,0.1801929513142672,0.2184304082801287,20260910
449,A. pennsylvanica,AP,fitted,0.15997830578595543,0.21643097294457264,0.1415809923134243,0.16987461505824208,0.3089685991782401,8.181185467661086,0.1864435643921398,0.1801929513142672,0.2184304082801287,20260910
450,A. pennsylvanica,AP,fitted,0.192224062774769,0.14533366422217744,0.17322758935668764,0.1691467583466048,0.19987196289591294,5.568382181679106,0.1864435643921398,0.1801929513142672,0.2184304082801287,20260910
451,A. pennsylvanica,AP,fitted,0.1769620115177435,0.24422647309308573,0.24726211965254558,0.2202639673197826,0.2682286207124396,12.319809764339247,0.1864435643921398,0.1801929513142672,0.2184304082801287,20260910
452,A. pennsylvanica,AP,fitted,0.14896382438743927,0.1223342234143656,0.18467889112259156,0.1498587182450355,0.29132261287857913,13.471545767033787,0.1864435643921398,0.1801929513142672,0.2184304082801287,20260910
453,A. pennsylvanica,AP,fitted,0.1619165999275163,0.11695912422463209,0.1753988889019768,0.14920525081428365,0.30353862133392473,13.007676253580122,0.1864435643921398,0.1801929513142672,0.2184304082801287,20260910
454,A. pennsylvanica,AP,fitted,0.3548591690519125,0.19430995134617238,0.12323446657624477,0.20406150622298416,0.7502596886748617,9.642425777603187,0.1864435643921398,0.1801929513142672,0.2184304082801287,20260910
455,A. pennsylvanica,AP,fitted,0.14724420484714815,0.16662338586496495,0.25282404584732143,0.183737377950097,0.4005792610437968,19.805839706713595,0.1864435643921398,0.1801929513142672,0.2184304082801287,20260910
456,A. pennsylvanica,AP,fitted,0.20676606056925798,0.17063039474757535,0.1977288723191629,0.19107413966752204,0.1421514036355669,8.099185883666006,0.1864435643921398,0.1801929513142672,0.2184304082801287,20260910
457,A. pennsylvanica,AP,fitted,0.28539867600205,0.20699702492305697,0.2575546735919737,0.247796497896741,0.23198467054466826,11.894551491337603,0.1864435643921398,0.1801929513142672,0.2184304082801287,20260910
458,A. pennsylvanica,AP,fitted,0.1310880404270946,0.144006768515332,0.19404256546555726,0.15415146676798977,0.28959470170094503,18.638157203532934,0.1864435643921398,0.1801929513142672,0.2184304082801287,20260910
459,A. pennsylvanica,AP,fitted,0.2922565309629015,0.21851982717845467,0.27356604163265386,0.2594811136997376,0.21554680409220633,14.580095844130204,0.1864435643921398,0.1801929513142672,0.2184304082801287,20260910
460,A. pennsylvanica,AP,fitted,0.15880935949143676,0.12626916212431918,0.2228578756897884,0.1647152436774088,0.4042018504002688,13.025898936484879,0.1864435643921398,0.1801929513142672,0.2184304082801287,20260910
461,A. pennsylvanica,AP,fitted,0.14636113172716855,0.1661266326797822,0.1524317342079269,0.1547557534131769,0.0914685220741141,19.528367315920107,0.1864435643921398,0.1801929513142672,0.2184304082801287,20260910
462,A. pennsylvanica,AP,fitted,0.1554329854768831,0.19210868802984288,0.18229116378776458,0.1759078703569803,0.15602988222338954,18.911469350234803,0.1864435643921398,0.1801929513142672,0.2184304082801287,20260910
463,A. pennsylvanica,AP,fitted,0.2668689059680506,0.1884951852556263,0.17451949201881348,0.20629121114565563,0.3200039010568457,22.484139304226133,0.1864435643921398,0.1801929513142672,0.2184304082801287,20260910
464,A. pennsylvanica,AP,fitted,0.29798048080431616,0.16038307361340992,0.19213063194555438,0.20940207778541342,0.4505351533993589,0.7712238774051521,0.1864435643921398,0.1801929513142672,0.2184304082801287,20260910
465,A. pennsylvanica,AP,fitted,0.24963693525463768,0.23771972019158988,0.2195762456100459,0.23531690943715963,0.09157671003899087,0.7469190211549801,0.1864435643921398,0.1801929513142672,0.2184304082801287,20260910
466,A. pennsylvanica,AP,fitted,0.1565968988726167,0.2612383485270378,0.19475089021465386,0.19972534476216028,0.36318377576926225,6.133741868758955,0.1864435643921398,0.1801929513142672,0.2184304082801287,20260910
467,A. pennsylvanica,AP,fitted,0.21029096123535282,0.14244694529028132,0.22373362875307454,0.18853920480716563,0.3461249471856961,15.668454256574758,0.1864435643921398,0.1801929513142672,0.2184304082801287,20260910
468,A. pennsylvanica,AP,fitted,0.13506880088344628,0.09858274502837286,0.20186474980286245,0.13903969710354608,0.5080255760033959,3.1162456329115393,0.1864435643921398,0.1801929513142672,0.2184304082801287,20260910
469,A. pennsylvanica,AP,fitted,0.15938017655732672,0.1245421895039445,0.0889276337688479,0.12085441269989573,0.4142143437383207,20.36156315587007,0.1864435643921398,0.1801929513142672,0.2184304082801287,20260910
470,A. pennsylvanica,AP,fitted,0.12440908122412904,0.17151877960162565,0.15091694773434636,0.1476728277862809,0.22861883436325706,15.718169651390543,0.1864435643921398,0.1801929513142672,0.2184304082801287,20260910
471,A. pennsylvanica,AP,fitted,0.2242046821757023,0.13759285591928125,0.1405262055043233,0.16305443936977815,0.3903360618518862,14.668097388625803,0.1864435643921398,0.1801929513142672,0.2184304082801287,20260910
472,A. pennsylvanica,AP,fitted,0.19220146874421618,0.18175327211466058,0.23154476770990795,0.20073570946922137,0.17928470982328595,5.856256899791469,0.1864435643921398,0.1801929513142672,0.2184304082801287,20260910
473,A. pennsylvanica,AP,fitted,0.12670788317722934,0.1707010756933998,0.15510124784540263,0.14969882622520628,0.2151654396399112,4.973622595736968,0.1864435643921398,0.1801929513142672,0.2184304082801287,20260910
474,A. pennsylvanica,AP,fitted,0.1758872904036999,0.3476601696742417,0.12185468538743609,0.19531872307020914,0.7523553309505889,14.54289885830156,0.1864435643921398,0.1801929513142672,0.2184304082801287,20260910
475,A. pennsylvanica,AP,fitted,0.21696632176991262,0.19258105818218776,0.1100763646064042,0.166302964538517,0.5123583432823167,4.250853456791226,0.1864435643921398,0.1801929513142672,0.2184304082801287,20260910
476,A. pennsylvanica,AP,fitted,0.13043932285653323,0.22277414891382263,0.1594201128421231,0.1667012336038668,0.38241110903530406,1.7391259238942043,0.1864435643921398,0.1801929513142672,0.2184304082801287,20260910
477,A. pennsylvanica,AP,fitted,0.19424605139097365,0.1394089437541583,0.24616184768803756,0.18820068206010296,0.4039055178200348,3.6347216146253496,0.1864435643921398,0.1801929513142672,0.2184304082801287,20260910
478,A. pennsylvanica,AP,fitted,0.17497789775825387,0.2918208078129167,0.20436705333920113,0.21852616504699302,0.37086000526400853,9.112558430870436,0.1864435643921398,0.1801929513142672,0.2184304082801287,20260910
479,A. pennsylvanica,AP,fitted,0.288679613634024,0.1741699869810648,0.16469808049300755,0.20231402519251035,0.43718409600503233,11.76547311032271,0.1864435643921398,0.1801929513142672,0.2184304082801287,20260910
480,A. pennsylvanica,AP,fitted,0.22377050337187293,0.178677363613013,0.14698657579788127,0.18046099563208237,0.2974315361946775,21.66796692182379,0.1864435643921398,0.1801929513142672,0.2184304082801287,20260910
481,A. pennsylvanica,AP,fitted,0.1955318554055656,0.260998893363687,0.1991085477522081,0.21659513486725548,0.22875750921238808,19.860544840134715,0.1864435643921398,0.1801929513142672,0.2184304082801287,20260910
482,A. pennsylvanica,AP,fitted,0.14569115521535886,0.14636448948904193,0.13101806099567273,0.1408423811976984,0.0886166705624037,17.92229040518194,0.1864435643921398,0.1801929513142672,0.2184304082801287,20260910
483,A. pennsylvanica,AP,fitted,0.19505381199948266,0.1370635489376019,0.2903568744765828,0.19800196909159923,0.5311189658192979,11.444009473290578,0.1864435643921398,0.1801929513142672,0.2184304082801287,20260910
484,A. pennsylvanica,AP,fitted,0.163404699079963,0.1905647107872866,0.15642487417179982,0.1695134951798231,0.14665317491557567,2.1129194865846683,0.1864435643921398,0.1801929513142672,0.2184304082801287,20260910
485,A. pennsylvanica,AP,fitted,0.18713033277698812,0.19142484298148835,0.16751624828650008,0.18171877861115945,0.10095278718776309,15.587176016071407,0.1864435643921398,0.1801929513142672,0.2184304082801287,20260910
486,A. pennsylvanica,AP,fitted,0.13096206573325891,0.12669347318939722,0.17471554764331584,0.14258607171646195,0.24998510269007837,11.580475343394085,0.1864435643921398,0.1801929513142672,0.2184304082801287,20260910
487,A. pennsylvanica,AP,fitted,0.16384206508527016,0.13232683711655469,0.17902309896313348,0.15715473549000306,0.21972558010558127,9.24200362003463,0.1864435643921398,0.1801929513142672,0.2184304082801287,20260910
488,A. pennsylvanica,AP,fitted,0.19716896967517464,0.1714763648973773,0.33389568260948876,0.22432854850720016,0.4970053995368224,19.10633317539522,0.1864435643921398,0.1801929513142672,0.2184304082801287,20260910
489,A. pennsylvanica,AP,fitted,0.1462556640169451,0.12439802687784851,0.25215892385289473,0.1661626881024636,0.523497625075891,1.5521068902640929,0.1864435643921398,0.1801929513142672,0.2184304082801287,20260910
490,A. pennsylvanica,AP,fitted,0.2382146912511996,0.18961391524158822,0.14102277415928086,0.1853713732174967,0.3717359432175409,7.939875535838273,0.1864435643921398,0.1801929513142672,0.2184304082801287,20260910
491,A. pennsylvanica,AP,fitted,0.17910284367076298,0.1524991170320784,0.1777046707430838,0.16931270612595772,0.12821408612962976,6.576076634134148,0.1864435643921398,0.1801929513142672,0.2184304082801287,20260910
492,A. pennsylvanica,AP,fitted,0.3020599421635881,0.3131335631446962,0.2774541201097251,0.29716978110581777,0.08784638151377372,1.75081308429053,0.1864435643921398,0.1801929513142672,0.2184304082801287,20260910
493,A. pennsylvanica,AP,fitted,0.19321675632139848,0.13256565433709572,0.16980941273111866,0.16323471385998423,0.2707459894737357,18.805242085656467,0.1864435643921398,0.1801929513142672,0.2184304082801287,20260910
494,A. pennsylvanica,AP,fitted,0.13649437997701971,0.14569410954603548,0.17204112214492906,0.1506825669655815,0.16877406437542194,20.74086980641743,0.1864435643921398,0.1801929513142672,0.2184304082801287,20260910
495,A. pennsylvanica,AP,fitted,0.17567660383084074,0.17286238283162778,0.1712575059794788,0.17325589187398613,0.018228605845294118,7.520602633890036,0.1864435643921398,0.1801929513142672,0.2184304082801287,20260910
496,A. pennsylvanica,AP,fitted,0.1694138376208254,0.1759021723753154,0.23417931805439063,0.1910980285780615,0.25040559917684235,16.968772775640545,0.1864435643921398,0.1801929513142672,0.2184304082801287,20260910
497,A. pennsylvanica,AP,fitted,0.25807611987271717,0.2209092627180028,0.1287710077354056,0.1943539092055988,0.5160116523730989,16.751624343734356,0.1864435643921398,0.1801929513142672,0.2184304082801287,20260910
498,A. pennsylvanica,AP,fitted,0.15979636045781456,0.18841724753561648,0.20765787260023136,0.1842236204718549,0.1872959113906613,0.5141683077439865,0.1864435643921398,0.1801929513142672,0.2184304082801287,20260910
499,A. pennsylvanica,AP,fitted,0.20836742455490592,0.24894718364676433,0.21811838875367853,0.2244966031276702,0.1306791437923333,23.596786244681525,0.1864435643921398,0.1801929513142672,0.2184304082801287,20260910
0,S. grossa,SG,fitted,0.1267662400747883,0.3166377222615299,0.13143514935158265,0.17408416216315672,0.7331124026747845,12.038714373652692,0.173149710138644,0.1442802337341764,0.4450211565016972,20260910
1,S. grossa,SG,fitted,0.11237923305975997,0.31330790110973583,0.12170414445113521,0.16242551767805605,0.8065887180437172,9.113281565023653,0.173149710138644,0.1442802337341764,0.4450211565016972,20260910
2,S. grossa,SG,fitted,0.21123378375500262,0.25045756712766454,0.2113720919906991,0.2236222745889229,0.1388025275840901,21.099102072552885,0.173149710138644,0.1442802337341764,0.4450211565016972,20260910
3,S. grossa,SG,fitted,0.23131335803317124,0.07833455806091359,0.2455677178869677,0.16447824438985706,0.9094863188548925,10.990998475598555,0.173149710138644,0.1442802337341764,0.4450211565016972,20260910
4,S. grossa,SG,fitted,0.18161150102047185,0.18902318726671746,0.1723861105657817,0.18087848020252414,0.06533583380218791,18.16673696935159,0.173149710138644,0.1442802337341764,0.4450211565016972,20260910
5,S. grossa,SG,fitted,0.12076025942557343,0.14275808951456437,0.23119069903863093,0.15854955992441694,0.47685877711429203,2.2275613243784864,0.173149710138644,0.1442802337341764,0.4450211565016972,20260910
6,S. grossa,SG,fitted,0.11310048431197156,0.1938488062616664,0.12510554805573648,0.13998066588589658,0.40507571104567663,9.200367419727215,0.173149710138644,0.1442802337341764,0.4450211565016972,20260910
7,S. grossa,SG,fitted,0.3608514824579783,0.15366104954009208,0.10980587399691685,0.18260217829962042,0.8674221747586116,21.808800633099427,0.173149710138644,0.1442802337341764,0.4450211565016972,20260910
8,S. grossa,SG,fitted,0.29281809802333075,0.17615816217754232,0.10463037051740567,0.17540938119159374,0.727714827517861,16.987282558661605,0.173149710138644,0.1442802337341764,0.4450211565016972,20260910
9,S. grossa,SG,fitted,0.21397281330782697,0.16822521238955163,0.17526316873574105,0.1847765187083588,0.1819946379059302,20.346546489184597,0.173149710138644,0.1442802337341764,0.4450211565016972,20260910
10,S. grossa,SG,fitted,0.1664990643898321,0.1989709511115529,0.11833291829358727,0.15767724245159487,0.3734529559033158,1.7269325587966051,0.173149710138644,0.1442802337341764,0.4450211565016972,20260910
11,S. grossa,SG,fitted,0.13300849444361332,0.19218623704560464,0.2678812164296478,0.18989548595437827,0.4952849201670868,14.348676016751647,0.173149710138644,0.1442802337341764,0.4450211565016972,20260910
12,S. grossa,SG,fitted,0.2346923065959182,0.13376199567337793,0.1851348937430436,0.17979321209345506,0.39915863477294006,14.57304358610585,0.173149710138644,0.1442802337341764,0.4450211565016972,20260910
13,S. grossa,SG,fitted,0.23900027906554683,0.16148842009491426,0.21312495409336896,0.2018636083921431,0.2850697769658838,12.99197898337923,0.173149710138644,0.1442802337341764,0.4450211565016972,20260910
14,S. grossa,SG,fitted,0.0984601606379383,0.17956451643429105,0.2392570908409752,0.1617267872926587,0.6407739929247337,13.613087481476814,0.173149710138644,0.1442802337341764,0.4450211565016972,20260910
15,S. grossa,SG,fitted,0.17279817208576567,0.2571671712372852,0.14939316108302378,0.1879439987905534,0.39760802836357617,6.820550697150857,0.173149710138644,0.1442802337341764,0.4450211565016972,20260910
16,S. grossa,SG,fitted,0.1748212233240022,0.1997147867048505,0.1959520524748021,0.1898386911026765,0.10182439317986527,18.59837500653862,0.173149710138644,0.1442802337341764,0.4450211565016972,20260910
17,S. grossa,SG,fitted,0.38311112644041895,0.1685646801986547,0.17675625360275155,0.22515868902989328,0.6518401420554726,14.283478093315395,0.173149710138644,0.1442802337341764,0.4450211565016972,20260910
18,S. grossa,SG,fitted,0.31850579003263696,0.10593437334957602,0.09883011582750821,0.14939905346569587,0.9284544500196906,4.868794917726957,0.173149710138644,0.1442802337341764,0.4450211565016972,20260910
19,S. grossa,SG,fitted,0.416487944677914,0.10516851093402897,0.11911684904027985,0.17344180539867893,1.0765034484459692,18.838355830649313,0.173149710138644,0.1442802337341764,0.4450211565016972,20260910
20,S. grossa,SG,fitted,0.19222495372169526,0.0899571281075661,0.20651427876192927,0.15284989474709482,0.6512422896621919,7.802939141692319,0.173149710138644,0.1442802337341764,0.4450211565016972,20260910
21,S. grossa,SG,fitted,0.12799332253643148,0.09222350804343124,0.20427388752444384,0.13409541695577834,0.5652098963336615,4.86404355734622,0.173149710138644,0.1442802337341764,0.4450211565016972,20260910
22,S. grossa,SG,fitted,0.2174502660077729,0.11508731171204092,0.29290349296610335,0.19425430245170056,0.6748381466747498,2.0435909217469668,0.173149710138644,0.1442802337341764,0.4450211565016972,20260910
23,S. grossa,SG,fitted,0.14176981198856758,0.15232527546025262,0.1685873647521039,0.15383680535177546,0.12310127981476988,21.323934993116854,0.173149710138644,0.1442802337341764,0.4450211565016972,20260910
24,S. grossa,SG,fitted,0.10079891608759271,0.24071480834935463,0.138576574292273,0.14981299870816728,0.6228884793164775,1.101127568473867,0.173149710138644,0.1442802337341764,0.4450211565016972,20260910
25,S. grossa,SG,fitted,0.1441662434488111,0.15582904697145594,0.16960903701988686,0.15619015709316247,0.11496024908835532,3.4590230953826984,0.173149710138644,0.1442802337341764,0.4450211565016972,20260910
26,S. grossa,SG,fitted,0.33058721395485985,0.11622402342345199,0.1074706038281776,0.1604318343010546,0.8872215503754884,0.3142637720437724,0.173149710138644,0.1442802337341764,0.4450211565016972,20260910
27,S. grossa,SG,fitted,0.2825966798149521,0.08923380778339192,0.1526707618204871,0.15672951311989242,0.815758110297657,21.72923626039418,0.173149710138644,0.1442802337341764,0.4450211565016972,20260910
28,S. grossa,SG,fitted,0.3163279138085033,0.16503018972998573,0.1458567005219432,0.19673234426676522,0.5881936785786719,23.816731993586647,0.173149710138644,0.1442802337341764,0.4450211565016972,20260910
29,S. grossa,SG,fitted,0.11603591642340713,0.22241192314957994,0.08073470183345423,0.1277233347864187,0.7261310996092468,18.734864574750862,0.173149710138644,0.1442802337341764,0.4450211565016972,20260910
30,S. grossa,SG,fitted,0.14448686229750002,0.32625559254393366,0.09892228277725298,0.16706808126953554,0.8623619740708428,22.23612006534016,0.173149710138644,0.1442802337341764,0.4450211565016972,20260910
31,S. grossa,SG,fitted,0.17913476991269897,0.17844433522887998,0.11574592937790801,0.1546664535634959,0.3550314131956543,5.461190749962571,0.173149710138644,0.1442802337341764,0.4450211565016972,20260910
32,S. grossa,SG,fitted,0.22331092202878508,0.2676670637032894,0.12212191973234206,0.19398411779002578,0.5810577558748279,11.393949165224264,0.173149710138644,0.1442802337341764,0.4450211565016972,20260910
33,S. grossa,SG,fitted,0.12039247624173571,0.25896063891373655,0.1196139925797423,0.15507377672099007,0.628035419378242,22.229537781368734,0.173149710138644,0.1442802337341764,0.4450211565016972,20260910
34,S. grossa,SG,fitted,0.18788735825430705,0.21209337386223454,0.3351959007347622,0.23726906556269625,0.43176294754985234,13.234441987371873,0.173149710138644,0.1442802337341764,0.4450211565016972,20260910
35,S. grossa,SG,fitted,0.17428027963692702,0.1897987322603229,0.1430499459742927,0.16788417125499056,0.205125854645365,19.768668763108664,0.173149710138644,0.1442802337341764,0.4450211565016972,20260910
36,S. grossa,SG,fitted,0.21417303043260272,0.26777122532620967,0.14885740167042158,0.20437748029817895,0.41911416356529096,6.756697707617557,0.173149710138644,0.1442802337341764,0.4450211565016972,20260910
37,S. grossa,SG,fitted,0.12136360515780073,0.12085143395498546,0.5219091836758714,0.19708114278170533,1.192755906664767,2.7643795685361,0.173149710138644,0.1442802337341764,0.4450211565016972,20260910
38,S. grossa,SG,fitted,0.32059519384666135,0.10335709734621687,0.11628127203708187,0.15677219121324604,0.8801168432828507,7.434458864689138,0.173149710138644,0.1442802337341764,0.4450211565016972,20260910
39,S. grossa,SG,fitted,0.16588209007531712,0.15232506684700864,0.347582045014733,0.20632066871043658,0.6416277831525233,10.784855796355771,0.173149710138644,0.1442802337341764,0.4450211565016972,20260910
40,S. grossa,SG,fitted,0.19923737603512748,0.14148775398139668,0.2621748750198964,0.19478712392970746,0.4370190843561422,14.271249799037593,0.173149710138644,0.1442802337341764,0.4450211565016972,20260910
41,S. grossa,SG,fitted,0.23876806133004835,0.18008863927969782,0.23153376897580435,0.21512570028840658,0.21881120010542274,17.482635703581288,0.173149710138644,0.1442802337341764,0.4450211565016972,20260910
42,S. grossa,SG,fitted,0.15693648786438663,0.24293266062402302,0.14646128007538423,0.1774097785480088,0.38805103007914693,19.503823225818007,0.173149710138644,0.1442802337341764,0.4450211565016972,20260910
43,S. grossa,SG,fitted,0.31739204523118103,0.36423200301723835,0.09289563028990126,0.22062589029478016,1.0638564649247921,3.25439554208085,0.173149710138644,0.1442802337341764,0.4450211565016972,20260910
44,S. grossa,SG,fitted,0.10551193433632232,0.26414228784947846,0.260640418333572,0.19366914178099504,0.7438807135050471,4.438673872707114,0.173149710138644,0.1442802337341764,0.4450211565016972,20260910
45,S. grossa,SG,fitted,0.14657361420821882,0.12085362752535801,0.23963160458610397,0.16191479255507069,0.4991479411732712,5.9098866645601875,0.173149710138644,0.1442802337341764,0.4450211565016972,20260910
46,S. grossa,SG,fitted,0.1711334153306758,0.14058382730732627,0.21749023114026858,0.17360809770023392,0.3090466647378057,0.4630972973584564,0.173149710138644,0.1442802337341764,0.4450211565016972,20260910
47,S. grossa,SG,fitted,0.08579793040715378,0.3426889088292855,0.19731725090534535,0.1796858888379868,0.9859090765998242,4.80363444954072,0.173149710138644,0.1442802337341764,0.4450211565016972,20260910
48,S. grossa,SG,fitted,0.17164762891505092,0.18156809564858742,0.24488253745508864,0.19688458805770104,0.27012921170516524,0.8574136037115601,0.173149710138644,0.1442802337341764,0.4450211565016972,20260910
49,S. grossa,SG,fitted,0.15155051047395574,0.16311132238819379,0.17095123330480938,0.1616731562399283,0.08586545598960696,3.262802560554084,0.173149710138644,0.1442802337341764,0.4450211565016972,20260910
50,S. grossa,SG,fitted,0.16108247057905797,0.27439591774875216,0.17336164649358315,0.19714827599259657,0.40823859109911803,5.74178177108663,0.173149710138644,0.1442802337341764,0.4450211565016972,20260910
51,S. grossa,SG,fitted,0.2726535213710446,0.11638895291621729,0.14169551392226104,0.16505410283821118,0.6302794908085403,13.572530778766168,0.173149710138644,0.1442802337341764,0.4450211565016972,20260910
52,S. grossa,SG,fitted,0.1639554729489279,0.2267956794255259,0.1616657985246623,0.18182752012732406,0.2708401926715123,16.568864927589566,0.173149710138644,0.1442802337341764,0.4450211565016972,20260910
53,S. grossa,SG,fitted,0.28020107243883674,0.13503330582505224,0.08303187544975145,0.1464598259012563,0.865776776631004,4.117776080677116,0.173149710138644,0.1442802337341764,0.4450211565016972,20260910
54,S. grossa,SG,fitted,0.2064980026988941,0.13132953658304447,0.18920491080846877,0.1724792640815055,0.33950558876394865,10.94671845778749,0.173149710138644,0.1442802337341764,0.4450211565016972,20260910
55,S. grossa,SG,fitted,0.15207145567356603,0.2080360773488783,0.13641328876310524,0.1628099762478968,0.3098952870964514,20.808038479604335,0.173149710138644,0.1442802337341764,0.4450211565016972,20260910
56,S. grossa,SG,fitted,0.2420118490495624,0.3167971732579992,0.10441681451064415,0.2000458083414408,0.8187234584235984,6.793199829191849,0.173149710138644,0.1442802337341764,0.4450211565016972,20260910
57,S. grossa,SG,fitted,0.2591484806721912,0.12616366621061087,0.23075114131414382,0.19612920826278704,0.5465463345456724,7.165993390393561,0.173149710138644,0.1442802337341764,0.4450211565016972,20260910
58,S. grossa,SG,fitted,0.15476904688719076,0.19773705258363675,0.1301384053052892,0.15851093037045305,0.2972542238477965,3.7896225713489002,0.173149710138644,0.1442802337341764,0.4450211565016972,20260910
59,S. grossa,SG,fitted,0.18898682422618648,0.17654983457349038,0.08174405534068738,0.13971777915388897,0.658264074570327,1.2961154383497204,0.173149710138644,0.1442802337341764,0.4450211565016972,20260910
60,S. grossa,SG,fitted,0.14095911045002546,0.17455978166992647,0.135249844719508,0.1492993917949524,0.19366383389600123,17.597367393568607,0.173149710138644,0.1442802337341764,0.4450211565016972,20260910
61,S. grossa,SG,fitted,0.17104057584023283,0.1694140979558667,0.22410538237188354,0.18656649889106555,0.22463246369706832,17.688642669875158,0.173149710138644,0.1442802337341764,0.4450211565016972,20260910
62,S. grossa,SG,fitted,0.34198533641987633,0.20187752012359508,0.08036099083247729,0.17703001641906024,1.0366166691837364,13.987041150336669,0.173149710138644,0.1442802337341764,0.4450211565016972,20260910
63,S. grossa,SG,fitted,0.10886085365861481,0.19612003366557781,0.16526831907138986,0.15223964698392087,0.42821997048356514,1.8867168202383002,0.173149710138644,0.1442802337341764,0.4450211565016972,20260910
64,S. grossa,SG,fitted,0.24104922849449995,0.16315662513526838,0.20517075084203168,0.20057430792062908,0.2773687416187549,23.40084153715016,0.173149710138644,0.1442802337341764,0.4450211565016972,20260910
65,S. grossa,SG,fitted,0.2354471198158132,0.12389766056997792,0.16785724722891765,0.16981088614063397,0.45420522886893605,20.850999573138846,0.173149710138644,0.1442802337341764,0.4450211565016972,20260910
66,S. grossa,SG,fitted,0.1308588190504509,0.17559988899673332,0.2084027456839997,0.16855574393114203,0.33285317275413784,0.7499720843469282,0.173149710138644,0.1442802337341764,0.4450211565016972,20260910
67,S. grossa,SG,fitted,0.12183631654976157,0.21729282374251402,0.1500218860728424,0.15836489668409598,0.41444381702851707,14.531070359412523,0.173149710138644,0.1442802337341764,0.4450211565016972,20260910
68,S. grossa,SG,fitted,0.16678803001765782,0.22707502525341708,0.30998020338807813,0.22727730434104457,0.4382553284814165,21.735711990082134,0.173149710138644,0.1442802337341764,0.4450211565016972,20260910
69,S. grossa,SG,fitted,0.1794042280130342,0.09351798265293514,0.265117991111102,0.16445825126485297,0.744482134178449,21.131829632912428,0.173149710138644,0.1442802337341764,0.4450211565016972,20260910
70,S. grossa,SG,fitted,0.12395705359376301,0.29784043578124425,0.16215114335629477,0.181575942123029,0.6351664535654022,22.05632069744471,0.173149710138644,0.1442802337341764,0.4450211565016972,20260910
71,S. grossa,SG,fitted,0.10374360968946096,0.1808652006122718,0.2644601390900046,0.17056589487149793,0.6655727748227175,4.481230076760404,0.173149710138644,0.1442802337341764,0.4450211565016972,20260910
72,S. grossa,SG,fitted,0.22554241032851688,0.08544382463361576,0.22869074429796557,0.16395292223019,0.7982511447781678,18.82295721165761,0.173149710138644,0.1442802337341764,0.4450211565016972,20260910
73,S. grossa,SG,fitted,0.15412794009881842,0.19684097140488901,0.15944464767304128,0.1691228439147055,0.18742102883595538,12.420964974705484,0.173149710138644,0.1442802337341764,0.4450211565016972,20260910
74,S. grossa,SG,fitted,0.290707881030471,0.1600494622655891,0.26882935682236475,0.23212891384474232,0.45872093710262773,13.235170157262093,0.173149710138644,0.1442802337341764,0.4450211565016972,20260910
75,S. grossa,SG,fitted,0.18936147880743004,0.18700668575243903,0.22124923012560122,0.1986141469785067,0.13247742117564787,7.03902843470625,0.173149710138644,0.1442802337341764,0.4450211565016972,20260910
76,S. grossa,SG,fitted,0.1574139002779335,0.19684215843834776,0.11551180584518504,0.1529663335526113,0.37853976541157586,9.273522364596403,0.173149710138644,0.1442802337341764,0.4450211565016972,20260910
77,S. grossa,SG,fitted,0.08769839910346022,0.19159257134470453,0.1791440375677499,0.14438571570100264,0.6124839800947279,18.9071423514505,0.173149710138644,0.1442802337341764,0.4450211565016972,20260910
78,S. grossa,SG,fitted,0.13296065692181658,0.1750357899551119,0.23927693513385745,0.17724892753359592,0.41575843820773567,22.25739489416294,0.173149710138644,0.1442802337341764,0.4450211565016972,20260910
79,S. grossa,SG,fitted,0.09227521628115314,0.10929991228735603,0.19164254042026585,0.12456583249403598,0.5410308513165188,2.3378466383421745,0.173149710138644,0.1442802337341764,0.4450211565016972,20260910
80,S. grossa,SG,fitted,0.21641461211385907,0.2678743872967321,0.1281015932666414,0.19510007403780683,0.5368630983786364,9.840915274180919,0.173149710138644,0.1442802337341764,0.4450211565016972,20260910
81,S. grossa,SG,fitted,0.10665261271712309,0.3285760697169983,0.12268837168373022,0.16260614131401685,0.8672059619623953,19.320491550987047,0.173149710138644,0.1442802337341764,0.4450211565016972,20260910
82,S. grossa,SG,fitted,0.21283211931146148,0.29081045932656074,0.17312605998648917,0.22046342282313475,0.36927134983230836,21.352110089187093,0.173149710138644,0.1442802337341764,0.4450211565016972,20260910
83,S. grossa,SG,fitted,0.23807011492131497,0.13400191538015022,0.14921025408768093,0.16821763357954517,0.4321009602213335,7.401568690464076,0.173149710138644,0.1442802337341764,0.4450211565016972,20260910
84,S. grossa,SG,fitted,0.14674473652225256,0.19709428217755146,0.15444636253932598,0.16469158687552102,0.22292743083259461,7.507795183698411,0.173149710138644,0.1442802337341764,0.4450211565016972,20260910
85,S. grossa,SG,fitted,0.18281959327557631,0.09030813103690073,0.2554507326885044,0.16156684654547537,0.7506680439224723,6.719147107357287,0.173149710138644,0.1442802337341764,0.4450211565016972,20260910
86,S. grossa,SG,fitted,0.3050147154271294,0.2756986528586781,0.1123422102580409,0.21139731494304762,0.777561223924955,22.815248741314882,0.173149710138644,0.1442802337341764,0.4450211565016972,20260910
87,S. grossa,SG,fitted,0.2357349433804287,0.2119243721983655,0.1303465534894136,0.18673890465640153,0.44670469384708744,19.564763883663097,0.173149710138644,0.1442802337341764,0.4450211565016972,20260910
88,S. grossa,SG,fitted,0.17035971214176054,0.19723276318985383,0.34689455977546524,0.22673286818211985,0.5310191230195973,10.542179809829257,0.173149710138644,0.1442802337341764,0.4450211565016972,20260910
89,S. grossa,SG,fitted,0.1680665215467829,0.1496441764132191,0.11774724503635761,0.14360313757506027,0.25661404863696385,3.1740356932654787,0.173149710138644,0.1442802337341764,0.4450211565016972,20260910
90,S. grossa,SG,fitted,0.12821972243101634,0.18902702065331936,0.1428794722730185,0.15129207744702983,0.2832626578458156,2.714738493924753,0.173149710138644,0.1442802337341764,0.4450211565016972,20260910
91,S. grossa,SG,fitted,0.15240318290522273,0.09033265020612358,0.3282877678659514,0.16533488464995216,0.9178806010981274,15.01398782623787,0.173149710138644,0.1442802337341764,0.4450211565016972,20260910
92,S. grossa,SG,fitted,0.2489079427220543,0.24324987486400965,0.11635133147316003,0.19169947027044654,0.6117490456153926,13.487474363975434,0.173149710138644,0.1442802337341764,0.4450211565016972,20260910
93,S. grossa,SG,fitted,0.17578503991412514,0.20602917039904084,0.08744160695419503,0.146850778093767,0.6448105800736731,10.851281866035627,0.173149710138644,0.1442802337341764,0.4450211565016972,20260910
94,S. grossa,SG,fitted,0.12342991619534234,0.20986668442207795,0.2990161341239232,0.19785765275848344,0.6298134182664732,9.44488088973969,0.173149710138644,0.1442802337341764,0.4450211565016972,20260910
95,S. grossa,SG,fitted,0.09514961229649456,0.29305764676270596,0.16443515152173618,0.16613134504857502,0.7955370192453577,8.642258081362588,0.173149710138644,0.1442802337341764,0.4450211565016972,20260910
96,S. grossa,SG,fitted,0.13619417859726515,0.23569435577098974,0.1327579987453902,0.16212729672306136,0.4585993687958399,11.36636907974868,0.173149710138644,0.1442802337341764,0.4450211565016972,20260910
97,S. grossa,SG,fitted,0.19045804630966623,0.25659366738580675,0.17093472326487177,0.20290458029911396,0.29751500174495465,3.961468506963576,0.173149710138644,0.1442802337341764,0.4450211565016972,20260910
98,S. grossa,SG,fitted,0.1623397111395677,0.1839819169190854,0.1794844080735365,0.1750151099438799,0.09372607419928153,19.7468949224155,0.173149710138644,0.1442802337341764,0.4450211565016972,20260910
99,S. grossa,SG,fitted,0.16914060108653808,0.32781612841628655,0.13618771781324676,0.19618782066809992,0.6471613036469654,7.090991385761876,0.173149710138644,0.1442802337341764,0.4450211565016972,20260910
100,S. grossa,SG,fitted,0.124226920968938,0.24329982520360932,0.19694112052657814,0.18123050789032863,0.4860897504557364,8.634356471255465,0.173149710138644,0.1442802337341764,0.4450211565016972,20260910
101,S. grossa,SG,fitted,0.1449885312163589,0.28965893248397195,0.3117901147803347,0.23570075445834443,0.5973866533944466,0.08576925565718163,0.173149710138644,0.1442802337341764,0.4450211565016972,20260910
102,S. grossa,SG,fitted,0.15705628273117855,0.12014659691003632,0.17418153753796176,0.14868128391557567,0.271049825180973,10.553302319707427,0.173149710138644,0.1442802337341764,0.4450211565016972,20260910
103,S. grossa,SG,fitted,0.14007514278558428,0.18230193869319947,0.2607883880309194,0.18813959450036297,0.4411804704483538,10.912350666604826,0.173149710138644,0.1442802337341764,0.4450211565016972,20260910
104,S. grossa,SG,fitted,0.20535131823468308,0.20284585439875732,0.14980377424463803,0.18410353559895307,0.25265728947452315,1.6125091076572593,0.173149710138644,0.1442802337341764,0.4450211565016972,20260910
105,S. grossa,SG,fitted,0.13949021844305706,0.2579988747811472,0.18572051402436618,0.1883680091416668,0.43518833584816186,6.307510253291179,0.173149710138644,0.1442802337341764,0.4450211565016972,20260910
106,S. grossa,SG,fitted,0.22997321246043975,0.15716510179523535,0.16558745312001769,0.18156003820635266,0.29184463898372526,21.220884046242293,0.173149710138644,0.1442802337341764,0.4450211565016972,20260910
107,S. grossa,SG,fitted,0.13306361323680507,0.10291008437140159,0.2709842131228911,0.15481762911946817,0.709297295640762,16.63617625164099,0.173149710138644,0.1442802337341764,0.4450211565016972,20260910
108,S. grossa,SG,fitted,0.2152862093165464,0.16455555552341217,0.1792532974749609,0.18518194353133724,0.1941479430261469,19.73164376258351,0.173149710138644,0.1442802337341764,0.4450211565016972,20260910
109,S. grossa,SG,fitted,0.19208808482618983,0.15110349380633772,0.11563176304493844,0.14972145077689406,0.3590637408414497,23.599364585761226,0.173149710138644,0.1442802337341764,0.4450211565016972,20260910
110,S. grossa,SG,fitted,0.25700893649090834,0.08369988408576033,0.1228651091091238,0.1382612727984091,0.8063537570586093,7.128426028324755,0.173149710138644,0.1442802337341764,0.4450211565016972,20260910
111,S. grossa,SG,fitted,0.2272627888775998,0.12609402026195807,0.3545261773365888,0.21658267355455424,0.733348118692379,4.268944204143646,0.173149710138644,0.1442802337341764,0.4450211565016972,20260910
112,S. grossa,SG,fitted,0.16300758388806902,0.17680261898460564,0.24540490178343702,0.1919522670967547,0.30630873718220686,23.609265565496692,0.173149710138644,0.1442802337341764,0.4450211565016972,20260910
113,S. grossa,SG,fitted,0.16404606770834443,0.09273120870478342,0.13916167750912253,0.12840160926499355,0.4152302118487678,9.2155034501362,0.173149710138644,0.1442802337341764,0.4450211565016972,20260910
114,S. grossa,SG,fitted,0.29237661374785384,0.14519943426140064,0.1304038373604836,0.17690195909695686,0.620044122997666,5.133073280671929,0.173149710138644,0.1442802337341764,0.4450211565016972,20260910
115,S. grossa,SG,fitted,0.12368134463817938,0.15871493654579613,0.1467286773457951,0.14228059310257604,0.18033853006605738,17.04163866518223,0.173149710138644,0.1442802337341764,0.4450211565016972,20260910
116,S. grossa,SG,fitted,0.2154555160489438,0.297602788756669,0.08499896446237085,0.17598247294081074,0.9201011259698956,18.45143425871295,0.173149710138644,0.1442802337341764,0.4450211565016972,20260910
117,S. grossa,SG,fitted,0.1175075412996913,0.16074174398060445,0.26459815267891457,0.17097281976156706,0.5789194549309759,14.347392617391662,0.173149710138644,0.1442802337341764,0.4450211565016972,20260910
118,S. grossa,SG,fitted,0.2584567411763921,0.2669749337120592,0.12077890983119786,0.20274484419696,0.6348156294431756,19.636175280850846,0.173149710138644,0.1442802337341764,0.4450211565016972,20260910
119,S. grossa,SG,fitted,0.18012669560286654,0.31341967534033377,0.19576728030798912,0.22274851391680314,0.42237389420174076,9.983793461777445,0.173149710138644,0.1442802337341764,0.4450211565016972,20260910
120,S. grossa,SG,fitted,0.155633870394509,0.13326103445503185,0.12185242189427885,0.13621151431974,0.1750923287628825,20.688946387132724,0.173149710138644,0.1442802337341764,0.4450211565016972,20260910
121,S. grossa,SG,fitted,0.4184313396694383,0.17252917908622442,0.1575606543600396,0.22489416048177632,0.7631262776487107,5.110679321563542,0.173149710138644,0.1442802337341764,0.4450211565016972,20260910
122,S. grossa,SG,fitted,0.1669045289199134,0.16834392301970627,0.12654542342546193,0.15262909744456157,0.22960907102463723,21.515187956729672,0.173149710138644,0.1442802337341764,0.4450211565016972,20260910
123,S. grossa,SG,fitted,0.2085524384607285,0.11311243000609654,0.17280004555206965,0.15974348409612968,0.44318567008135074,16.675815122349753,0.173149710138644,0.1442802337341764,0.4450211565016972,20260910
124,S. grossa,SG,fitted,0.3142540972136417,0.2586903626380289,0.18036818516773306,0.24475996247350404,0.3983974265452675,22.328726396139643,0.173149710138644,0.1442802337341764,0.4450211565016972,20260910
125,S. grossa,SG,fitted,0.11529528756514744,0.1394740932552045,0.1939610770320243,0.14610774237317972,0.3721857899693579,11.732086335008164,0.173149710138644,0.1442802337341764,0.4450211565016972,20260910
126,S. grossa,SG,fitted,0.12345216726027561,0.21022580776114314,0.08804028654409592,0.13171100551357845,0.6205461106964207,20.57688015410244,0.173149710138644,0.1442802337341764,0.4450211565016972,20260910
127,S. grossa,SG,fitted,0.10240278692088661,0.147571971685566,0.26217184873098665,0.15823427840737914,0.6702096193736069,22.583825296682395,0.173149710138644,0.1442802337341764,0.4450211565016972,20260910
128,S. grossa,SG,fitted,0.19801112048008376,0.12490555000149407,0.259013927891087,0.1857226243227874,0.5216454474028929,5.586887830527832,0.173149710138644,0.1442802337341764,0.4450211565016972,20260910
129,S. grossa,SG,fitted,0.1510434746639752,0.22071458115719378,0.15984590293074386,0.1746672572399508,0.2893604765662098,22.466797702069,0.173149710138644,0.1442802337341764,0.4450211565016972,20260910
130,S. grossa,SG,fitted,0.4376378489631427,0.16601039339264448,0.1422206892458525,0.217806570834133,0.8615776146634099,2.5016710035973286,0.173149710138644,0.1442802337341764,0.4450211565016972,20260910
131,S. grossa,SG,fitted,0.13372458037442148,0.23903541655147398,0.24348179424533337,0.19817399448884995,0.4819456629257611,22.176272936961816,0.173149710138644,0.1442802337341764,0.4450211565016972,20260910
132,S. grossa,SG,fitted,0.19689504529442284,0.1280898869229476,0.15915512640105073,0.15892421950452043,0.30401767349952286,15.832755428170117,0.173149710138644,0.1442802337341764,0.4450211565016972,20260910
133,S. grossa,SG,fitted,0.17962706042918966,0.26797475667716314,0.15736568583523827,0.19639264940648013,0.3919520116490284,7.842254639320408,0.173149710138644,0.1442802337341764,0.4450211565016972,20260910
134,S. grossa,SG,fitted,0.10318703851848134,0.22201264061364268,0.22299863542197138,0.17222717792407502,0.6274092978430618,19.645018578288425,0.173149710138644,0.1442802337341764,0.4450211565016972,20260910
135,S. grossa,SG,fitted,0.2285653588545532,0.1023525381184303,0.154557682016508,0.15348521282902103,0.5681529546262417,21.90204663868046,0.173149710138644,0.1442802337341764,0.4450211565016972,20260910
136,S. grossa,SG,fitted,0.12025341895751089,0.1474343982692089,0.27298039854853856,0.1691515204819955,0.6036205943477029,3.4314763207798844,0.173149710138644,0.1442802337341764,0.4450211565016972,20260910
137,S. grossa,SG,fitted,0.3282300530417535,0.0942201495276679,0.1542625823094002,0.16834268240863728,0.8889862412375379,16.744683117890318,0.173149710138644,0.1442802337341764,0.4450211565016972,20260910
138,S. grossa,SG,fitted,0.08640033483681873,0.2682452734464572,0.2035432315182225,0.16771351315933963,0.8354498863381999,20.819563139554838,0.173149710138644,0.1442802337341764,0.4450211565016972,20260910
139,S. grossa,SG,fitted,0.10916275951515245,0.22906455391685893,0.18422492986237793,0.16638988898364,0.5387151824213523,16.171089409375146,0.173149710138644,0.1442802337341764,0.4450211565016972,20260910
140,S. grossa,SG,fitted,0.19268285468279295,0.19757985185943605,0.1941072814056297,0.19477917327197475,0.01824405621742236,9.181045185896942,0.173149710138644,0.1442802337341764,0.4450211565016972,20260910
141,S. grossa,SG,fitted,0.24461280688591597,0.17492439658903433,0.09254498071409671,0.1582076507247322,0.6982178871052821,22.16153120585986,0.173149710138644,0.1442802337341764,0.4450211565016972,20260910
142,S. grossa,SG,fitted,0.2991941142453584,0.21881701626334593,0.07377365519137709,0.16903571685521243,1.0392644681233953,9.963722878444443,0.173149710138644,0.1442802337341764,0.4450211565016972,20260910
143,S. grossa,SG,fitted,0.2763359618616806,0.21025579077718526,0.10230570650521413,0.1811458590093669,0.7259363164077902,21.653684844622735,0.173149710138644,0.1442802337341764,0.4450211565016972,20260910
144,S. grossa,SG,fitted,0.18964302981381556,0.13308929822269847,0.2645919904581425,0.18831528471501977,0.4859778087792863,11.460845016681699,0.173149710138644,0.1442802337341764,0.4450211565016972,20260910
145,S. grossa,SG,fitted,0.2115704525680331,0.18056002552546535,0.27633045668981404,0.2193655670535199,0.3041435947162888,4.094145246107674,0.173149710138644,0.1442802337341764,0.4450211565016972,20260910
146,S. grossa,SG,fitted,0.16067017868897257,0.1358055497582915,0.29572052831222306,0.18617073900344172,0.5790863648571584,17.1675283830728,0.173149710138644,0.1442802337341764,0.4450211565016972,20260910
147,S. grossa,SG,fitted,0.3962615054116126,0.12780562965019457,0.11674743889443968,0.18082552881693548,0.9629919439444368,16.62699555976072,0.173149710138644,0.1442802337341764,0.4450211565016972,20260910
148,S. grossa,SG,fitted,0.24575522779180128,0.24681743977401668,0.1285482586450416,0.19829644819087158,0.5308851242278461,16.75875895971286,0.173149710138644,0.1442802337341764,0.4450211565016972,20260910
149,S. grossa,SG,fitted,0.09450514292119384,0.2440082759217187,0.1962192649765649,0.16539938156723735,0.7026138505508586,16.18532819502251,0.173149710138644,0.1442802337341764,0.4450211565016972,20260910
150,S. grossa,SG,fitted,0.229998108209343,0.1446278892343291,0.20802613855865118,0.19055985184467622,0.34516817524160653,5.810656299074153,0.173149710138644,0.1442802337341764,0.4450211565016972,20260910
151,S. grossa,SG,fitted,0.11576010087642485,0.28566399431619244,0.1442907234281141,0.16835173788797952,0.666070779228295,5.163969619263851,0.173149710138644,0.1442802337341764,0.4450211565016972,20260910
152,S. grossa,SG,fitted,0.17265309650677604,0.24283423670226043,0.11162687303463939,0.1672698558530427,0.5509431606105331,11.565553547824795,0.173149710138644,0.1442802337341764,0.4450211565016972,20260910
153,S. grossa,SG,fitted,0.2279630202418358,0.1671653962438504,0.158671264406166,0.18218097511430215,0.2770319508495674,20.337584560504027,0.173149710138644,0.1442802337341764,0.4450211565016972,20260910
154,S. grossa,SG,fitted,0.29319803256528765,0.22161992180978263,0.15878652221831988,0.21770136993824557,0.4342098672018775,1.044541544093419,0.173149710138644,0.1442802337341764,0.4450211565016972,20260910
155,S. grossa,SG,fitted,0.18550696909789766,0.12529800432475843,0.11969192418879177,0.14064460493764588,0.3406196046337646,5.29058169342849,0.173149710138644,0.1442802337341764,0.4450211565016972,20260910
156,S. grossa,SG,fitted,0.17603672070903953,0.23931149129288296,0.14696354224148758,0.1836223232842177,0.34862249236571824,10.919465174505364,0.173149710138644,0.1442802337341764,0.4450211565016972,20260910
157,S. grossa,SG,fitted,0.31901320143415757,0.09164010526360196,0.2663027164155732,0.19819374488345717,0.9533307350922947,18.60071600163763,0.173149710138644,0.1442802337341764,0.4450211565016972,20260910
158,S. grossa,SG,fitted,0.15839601022506986,0.15436670382367756,0.22336968031134846,0.17610595041657132,0.2917432386627087,5.052338799338201,0.173149710138644,0.1442802337341764,0.4450211565016972,20260910
159,S. grossa,SG,fitted,0.19925256280790177,0.14623012311439773,0.1666595501468256,0.16933899928755308,0.21964326861974726,3.7585211217622563,0.173149710138644,0.1442802337341764,0.4450211565016972,20260910
160,S. grossa,SG,fitted,0.12124310183886468,0.1334377578865874,0.13396593373425253,0.12941264592124924,0.07991257348333679,23.718403754631648,0.173149710138644,0.1442802337341764,0.4450211565016972,20260910
161,S. grossa,SG,fitted,0.14843825685338183,0.07041702517134787,0.28351789634347146,0.1436375534150043,0.9857094524775845,14.50591881982239,0.173149710138644,0.1442802337341764,0.4450211565016972,20260910
162,S. grossa,SG,fitted,0.18931861359338822,0.11769551587832812,0.12607982431687317,0.1411019262013334,0.36328585713959466,18.09546843147653,0.173149710138644,0.1442802337341764,0.4450211565016972,20260910
163,S. grossa,SG,fitted,0.16268827571230687,0.0868422470336774,0.2613115246787676,0.15455460782615735,0.7814916089651991,16.51761391014069,0.173149710138644,0.1442802337341764,0.4450211565016972,20260910
164,S. grossa,SG,fitted,0.09122314997184683,0.2763049129124504,0.0717762509544546,0.12184979811929876,1.016948771175506,9.44495305571124,0.173149710138644,0.1442802337341764,0.4450211565016972,20260910
165,S. grossa,SG,fitted,0.12054004361558425,0.13752421139617668,0.29829806347341853,0.17036759020882655,0.6923254171256424,21.496037087154836,0.173149710138644,0.1442802337341764,0.4450211565016972,20260910
166,S. grossa,SG,fitted,0.14911777953771227,0.1602831680873053,0.16838863383101918,0.1590657606103104,0.08644626199199118,10.703816564209259,0.173149710138644,0.1442802337341764,0.4450211565016972,20260910
167,S. grossa,SG,fitted,0.2703230281913253,0.2034518771855342,0.19573489217188775,0.2208026757623307,0.24932873640588196,14.136270396515474,0.173149710138644,0.1442802337341764,0.4450211565016972,20260910
168,S. grossa,SG,fitted,0.21034503367169852,0.09812735505965775,0.15700729564448962,0.1479837617584717,0.544008562071536,4.110095462874467,0.173149710138644,0.1442802337341764,0.4450211565016972,20260910
169,S. grossa,SG,fitted,0.21798260658320612,0.23090347161141664,0.1293649155785601,0.186733801160453,0.45137909621950645,21.550544069701104,0.173149710138644,0.1442802337341764,0.4450211565016972,20260910
170,S. grossa,SG,fitted,0.26636509024871907,0.12443348658229259,0.1467963244918437,0.1694506552351732,0.5661529070944836,18.069645453427928,0.173149710138644,0.1442802337341764,0.4450211565016972,20260910
171,S. grossa,SG,fitted,0.2804233473360336,0.19536375919502555,0.09908673578155044,0.17574833988292618,0.7469342391550234,16.74476707583126,0.173149710138644,0.1442802337341764,0.4450211565016972,20260910
172,S. grossa,SG,fitted,0.26346529823732756,0.1761544904264387,0.12165539990293038,0.17806675459619326,0.546562054863904,11.088904974462903,0.173149710138644,0.1442802337341764,0.4450211565016972,20260910
173,S. grossa,SG,fitted,0.28326747445317246,0.23036739900250117,0.16213767321966716,0.21953337557959735,0.3989140720156496,10.409466727486329,0.173149710138644,0.1442802337341764,0.4450211565016972,20260910
174,S. grossa,SG,fitted,0.12209866980589498,0.18098330179705274,0.14249199031574025,0.14657052072517585,0.28043783745357365,14.036222871947889,0.173149710138644,0.1442802337341764,0.4450211565016972,20260910
175,S. grossa,SG,fitted,0.1556380289502713,0.18582224484122226,0.22325836946753583,0.18621173975178631,0.25513469891818974,13.208794311081757,0.173149710138644,0.1442802337341764,0.4450211565016972,20260910
176,S. grossa,SG,fitted,0.12184366544334338,0.27028631620450855,0.11860277281848386,0.15748551648343342,0.6618184971907675,9.301792964628067,0.173149710138644,0.1442802337341764,0.4450211565016972,20260910
177,S. grossa,SG,fitted,0.1275115983113043,0.17827980174570476,0.23768810047868422,0.175476820727529,0.4407796743848554,1.84471671244727,0.173149710138644,0.1442802337341764,0.4450211565016972,20260910
178,S. grossa,SG,fitted,0.2049166390115168,0.12407834822991226,0.2517260669388873,0.18566660914941943,0.5146117790084445,6.230548334587622,0.173149710138644,0.1442802337341764,0.4450211565016972,20260910
179,S. grossa,SG,fitted,0.2009597278598663,0.22815584046509216,0.3486100610276547,0.2518992341571121,0.40794501686354384,22.852348940285687,0.173149710138644,0.1442802337341764,0.4450211565016972,20260910
180,S. grossa,SG,fitted,0.11216462382563654,0.18814701396481615,0.061787550242364944,0.10924915091100389,0.7880391948623718,14.14338321923398,0.173149710138644,0.1442802337341764,0.4450211565016972,20260910
181,S. grossa,SG,fitted,0.1388657573333923,0.11281297902197196,0.23038137279000392,0.15339123078554498,0.5193716899809488,19.376022317909026,0.173149710138644,0.1442802337341764,0.4450211565016972,20260910
182,S. grossa,SG,fitted,0.2264719637704606,0.20933282068287004,0.16985150740027252,0.20043507625271628,0.21027260348766103,10.666285417506469,0.173149710138644,0.1442802337341764,0.4450211565016972,20260910
183,S. grossa,SG,fitted,0.12095745030314667,0.12189391450545269,0.18913278385733215,0.14075391637616455,0.3618751091741747,14.249623553074425,0.173149710138644,0.1442802337341764,0.4450211565016972,20260910
184,S. grossa,SG,fitted,0.10632168106433385,0.377563654414185,0.13220653276794478,0.17443018594156728,0.9582340155193586,3.5464106635115336,0.173149710138644,0.1442802337341764,0.4450211565016972,20260910
185,S. grossa,SG,fitted,0.2114531618757248,0.09606710863777478,0.2405429431085141,0.16969166381533532,0.7027370225172733,6.532832215794605,0.173149710138644,0.1442802337341764,0.4450211565016972,20260910
186,S. grossa,SG,fitted,0.16343142136038924,0.09875990317461401,0.21911490675097048,0.1523571052350867,0.5700117862780187,22.528993511948457,0.173149710138644,0.1442802337341764,0.4450211565016972,20260910
187,S. grossa,SG,fitted,0.15087448675211543,0.16612124247296453,0.23515613668523863,0.18063383302261615,0.33015446057422776,11.197460003592802,0.173149710138644,0.1442802337341764,0.4450211565016972,20260910
188,S. grossa,SG,fitted,0.13438273826509614,0.4895260674256109,0.1504307459072755,0.21469337314182824,1.0126144647748974,9.274963357900582,0.173149710138644,0.1442802337341764,0.4450211565016972,20260910
189,S. grossa,SG,fitted,0.1184930584154728,0.1304386773898331,0.19842551012485507,0.14528884359038813,0.38773528926132667,13.366792931697631,0.173149710138644,0.1442802337341764,0.4450211565016972,20260910
190,S. grossa,SG,fitted,0.2810596717169101,0.12609312654364757,0.44834962363527076,0.25140211048202565,0.9073398937521684,7.62588575243562,0.173149710138644,0.1442802337341764,0.4450211565016972,20260910
191,S. grossa,SG,fitted,0.15092355354789563,0.22473059254314798,0.09519245859979623,0.14779982538747968,0.6079457233966885,13.175168775727386,0.173149710138644,0.1442802337341764,0.4450211565016972,20260910
192,S. grossa,SG,fitted,0.15812149587909738,0.3538007063310409,0.08443342348491394,0.1677855939195222,1.0157236040602309,17.84780578643933,0.173149710138644,0.1442802337341764,0.4450211565016972,20260910
193,S. grossa,SG,fitted,0.3687348972513979,0.08199025631533075,0.20996100063658235,0.1851562486172455,1.0742119372243648,8.443576071564436,0.173149710138644,0.1442802337341764,0.4450211565016972,20260910
194,S. grossa,SG,fitted,0.09922012385413007,0.18319386463587622,0.35687415210000745,0.18649846474480397,0.9053914318314537,22.131490910011394,0.173149710138644,0.1442802337341764,0.4450211565016972,20260910
195,S. grossa,SG,fitted,0.21151294923918873,0.20855436037331326,0.21368140158755922,0.2112391054250039,0.017246222690502504,4.491181984686525,0.173149710138644,0.1442802337341764,0.4450211565016972,20260910
196,S. grossa,SG,fitted,0.19670729231579373,0.2594103950667686,0.08721306058425511,0.16448632124248774,0.8013204848521385,7.8878387174481075,0.173149710138644,0.1442802337341764,0.4450211565016972,20260910
197,S. grossa,SG,fitted,0.130274101188064,0.14116558947555666,0.23410991254484004,0.1626805297889024,0.4494108058240666,13.732956997401196,0.173149710138644,0.1442802337341764,0.4450211565016972,20260910
198,S. grossa,SG,fitted,0.2194100858501602,0.11549935255931765,0.2189351812433435,0.1770315060636278,0.5230452092139569,17.72146819088698,0.173149710138644,0.1442802337341764,0.4450211565016972,20260910
199,S. grossa,SG,fitted,0.2716623136623435,0.30977722792153184,0.07674531743741606,0.18622740445884184,1.0896692039094473,5.837858855157191,0.173149710138644,0.1442802337341764,0.4450211565016972,20260910
200,S. grossa,SG,fitted,0.11961261739742063,0.5266914004073897,0.3068415743028006,0.2683793774835393,1.0609411931120438,5.6692058618937695,0.173149710138644,0.1442802337341764,0.4450211565016972,20260910
201,S. grossa,SG,fitted,0.13328823105600027,0.14427984208862385,0.0945468397650528,0.12205291604386281,0.31772964361128,4.684858649605243,0.173149710138644,0.1442802337341764,0.4450211565016972,20260910
202,S. grossa,SG,fitted,0.09566768465039234,0.2736817908269246,0.08074128475122765,0.12834204073636207,0.9351832215398288,14.966125950004054,0.173149710138644,0.1442802337341764,0.4450211565016972,20260910
203,S. grossa,SG,fitted,0.30038413386329893,0.12953142215474356,0.12352195081023537,0.16875840879665263,0.7069789300220208,3.35063236124073,0.173149710138644,0.1442802337341764,0.4450211565016972,20260910
204,S. grossa,SG,fitted,0.11770058766662249,0.17769313586208804,0.1291155280884737,0.13925450470122397,0.30562831665717727,4.936627819582188,0.173149710138644,0.1442802337341764,0.4450211565016972,20260910
205,S. grossa,SG,fitted,0.12975950606616013,0.19966009401446694,0.16426565634239937,0.1620537465787556,0.30516810460727317,21.242640377065047,0.173149710138644,0.1442802337341764,0.4450211565016972,20260910
206,S. grossa,SG,fitted,0.20665394463811912,0.21841609776677326,0.29779355507602934,0.2377649749258492,0.2784765555516802,5.127799377802838,0.173149710138644,0.1442802337341764,0.4450211565016972,20260910
207,S. grossa,SG,fitted,0.3126896482615607,0.21107789013413888,0.1583774531895222,0.21865019439083394,0.48292842495307986,12.624878975506535,0.173149710138644,0.1442802337341764,0.4450211565016972,20260910
208,S. grossa,SG,fitted,0.42493143512764936,0.13411279450814065,0.17543808570847255,0.21542907530759486,0.853369255106503,18.357088583989952,0.173149710138644,0.1442802337341764,0.4450211565016972,20260910
209,S. grossa,SG,fitted,0.144386743462967,0.13268197944922336,0.247857868805076,0.16807920742167975,0.4794568044668152,22.401842787101565,0.173149710138644,0.1442802337341764,0.4450211565016972,20260910
210,S. grossa,SG,fitted,0.2399583380891103,0.2004822639805661,0.21908465928963047,0.21925083565986073,0.12709843513770275,0.3199469450432675,0.173149710138644,0.1442802337341764,0.4450211565016972,20260910
211,S. grossa,SG,fitted,0.27673249628395213,0.16785560094719074,0.12269725829526314,0.17862556634723248,0.5801335038404002,13.265346625054864,0.173149710138644,0.1442802337341764,0.4450211565016972,20260910
212,S. grossa,SG,fitted,0.11599471410168925,0.2078335928299112,0.19693954345292933,0.16807209891374617,0.45578751074710316,11.653095877313646,0.173149710138644,0.1442802337341764,0.4450211565016972,20260910
213,S. grossa,SG,fitted,0.20277691016900046,0.1041458413504726,0.3126100233748527,0.18759493610863373,0.7830486995934032,14.785459613943935,0.173149710138644,0.1442802337341764,0.4450211565016972,20260910
214,S. grossa,SG,fitted,0.15648638057645503,0.22637204383584028,0.23000229739515218,0.20122279197993864,0.30815982843357914,2.2982039341761276,0.173149710138644,0.1442802337341764,0.4450211565016972,20260910
215,S. grossa,SG,fitted,0.21600385325653393,0.108051236968121,0.1163544966657148,0.13951625319146152,0.5379081110650226,12.94387720469022,0.173149710138644,0.1442802337341764,0.4450211565016972,20260910
216,S. grossa,SG,fitted,0.09507494239405304,0.24275176036481366,0.2779113452744152,0.18579965866220027,0.8261386874596255,10.405644432644493,0.173149710138644,0.1442802337341764,0.4450211565016972,20260910
217,S. grossa,SG,fitted,0.11026261660585196,0.16652245158140483,0.20273017516767045,0.15497910981256896,0.43953226880113944,12.811938301333686,0.173149710138644,0.1442802337341764,0.4450211565016972,20260910
218,S. grossa,SG,fitted,0.1272883400829171,0.319997592188184,0.11741662538494166,0.16848256900742323,0.7877217289597581,14.47580909156149,0.173149710138644,0.1442802337341764,0.4450211565016972,20260910
219,S. grossa,SG,fitted,0.2223658649775348,0.2819354426585982,0.09051016365352944,0.17836311505232635,0.8475998300693262,15.106444750221106,0.173149710138644,0.1442802337341764,0.4450211565016972,20260910
220,S. grossa,SG,fitted,0.12386590890373506,0.22462884886444218,0.14162223280095557,0.15794877214142328,0.44160831398035916,6.646535772096369,0.173149710138644,0.1442802337341764,0.4450211565016972,20260910
221,S. grossa,SG,fitted,0.18821621445025308,0.2126966484517961,0.14842127480354675,0.1811220309947999,0.25874046239383525,14.475054352910913,0.173149710138644,0.1442802337341764,0.4450211565016972,20260910
222,S. grossa,SG,fitted,0.23910020434408705,0.0792038782394385,0.2342393653140163,0.16430927995230069,0.8938452428562039,3.4786204453645686,0.173149710138644,0.1442802337341764,0.4450211565016972,20260910
223,S. grossa,SG,fitted,0.2830133423853856,0.0734791241618585,0.23424724631318342,0.16951772886950878,1.0325292673035698,3.5771959708591314,0.173149710138644,0.1442802337341764,0.4450211565016972,20260910
224,S. grossa,SG,fitted,0.1884423965213662,0.08387772694471274,0.3203624888927141,0.17172056556749743,0.9543987202991405,6.723723468610512,0.173149710138644,0.1442802337341764,0.4450211565016972,20260910
225,S. grossa,SG,fitted,0.1400619040912957,0.14289550444365828,0.3311617559389806,0.18784209484537437,0.6945811853993329,22.6221532880668,0.173149710138644,0.1442802337341764,0.4450211565016972,20260910
226,S. grossa,SG,fitted,0.1360876494971742,0.17702087665254362,0.26144093926152134,0.1846739329890568,0.4645774763485215,21.536075250727254,0.173149710138644,0.1442802337341764,0.4450211565016972,20260910
227,S. grossa,SG,fitted,0.1997028750296198,0.07462056482699382,0.40521576996716335,0.18209990922873368,1.2017529143152994,15.303639860251879,0.173149710138644,0.1442802337341764,0.4450211565016972,20260910
228,S. grossa,SG,fitted,0.2392558172347786,0.13542962375592052,0.26141650801472643,0.20384640763279394,0.5047179187401637,23.157509842101106,0.173149710138644,0.1442802337341764,0.4450211565016972,20260910
229,S. grossa,SG,fitted,0.21101365291286076,0.23599373870032805,0.2014659021877838,0.21567717999219857,0.11501326444452895,13.952544750616672,0.173149710138644,0.1442802337341764,0.4450211565016972,20260910
230,S. grossa,SG,fitted,0.20287979063752776,0.14322108831194008,0.20446955222652463,0.1811165489853132,0.2875633395725329,5.9171013944876005,0.173149710138644,0.1442802337341764,0.4450211565016972,20260910
231,S. grossa,SG,fitted,0.23674058576598542,0.15790686336608614,0.08637768377825751,0.14780589640048916,0.7175126683937034,3.3296640271438065,0.173149710138644,0.1442802337341764,0.4450211565016972,20260910
232,S. grossa,SG,fitted,0.16708397533987573,0.12680349798018603,0.5138887111064924,0.22163841566778925,1.0482690199973677,6.916915756712885,0.173149710138644,0.1442802337341764,0.4450211565016972,20260910
233,S. grossa,SG,fitted,0.26381354008928004,0.08215440341025061,0.12774738573921943,0.14041925022532017,0.8330332329768806,22.151810667652867,0.173149710138644,0.1442802337341764,0.4450211565016972,20260910
234,S. grossa,SG,fitted,0.12796148822578846,0.21473005651334484,0.07985792491779298,0.1299461391393211,0.6996763052064748,15.250662900772117,0.173149710138644,0.1442802337341764,0.4450211565016972,20260910
235,S. grossa,SG,fitted,0.09993009545278862,0.13215186403148485,0.15569296294608223,0.12715873331880834,0.317070336965668,21.379427222606804,0.173149710138644,0.1442802337341764,0.4450211565016972,20260910
236,S. grossa,SG,fitted,0.3987765353094689,0.14047998826311306,0.1337111088333575,0.19566081106333352,0.8727399846899484,2.6326383798605075,0.173149710138644,0.1442802337341764,0.4450211565016972,20260910
237,S. grossa,SG,fitted,0.07159057004813002,0.25082938752551515,0.2916185340931904,0.17365333177493625,1.0904607782400924,23.19815218984691,0.173149710138644,0.1442802337341764,0.4450211565016972,20260910
238,S. grossa,SG,fitted,0.13875765895185838,0.2162960247792165,0.15406293766463772,0.16659727450914127,0.3281907417424999,20.231537294438045,0.173149710138644,0.1442802337341764,0.4450211565016972,20260910
239,S. grossa,SG,fitted,0.21383440277768978,0.1832212195918555,0.19867644008721855,0.1981830794793656,0.1092958169575345,14.09738065526112,0.173149710138644,0.1442802337341764,0.4450211565016972,20260910
240,S. grossa,SG,fitted,0.35647103767133964,0.22428893708904726,0.09131605020900241,0.19399613332794557,0.9792861983289296,7.951464817563439,0.173149710138644,0.1442802337341764,0.4450211565016972,20260910
241,S. grossa,SG,fitted,0.11994367441812484,0.12389366509335709,0.2156082941192165,0.14742256767728681,0.46616266707485976,1.4540302922286665,0.173149710138644,0.1442802337341764,0.4450211565016972,20260910
242,S. grossa,SG,fitted,0.3993801255401433,0.14215345512473035,0.14408291522906622,0.201489360600751,0.8379965957108301,6.658223394149826,0.173149710138644,0.1442802337341764,0.4450211565016972,20260910
243,S. grossa,SG,fitted,0.1452928808911692,0.12242487521358404,0.2309843872650461,0.16016423498980867,0.46450306577121653,23.28614125919854,0.173149710138644,0.1442802337341764,0.4450211565016972,20260910
244,S. grossa,SG,fitted,0.16424157536559317,0.15366544305190222,0.19286356257239315,0.16947403373036543,0.1651859787403254,13.466084738157473,0.173149710138644,0.1442802337341764,0.4450211565016972,20260910
245,S. grossa,SG,fitted,0.14719652002850928,0.2957049408909185,0.22586592514246126,0.21422440579343252,0.4975125976120112,8.857743687324152,0.173149710138644,0.1442802337341764,0.4450211565016972,20260910
246,S. grossa,SG,fitted,0.1575934399413209,0.21930168732451452,0.16111508154779858,0.17724422806471063,0.26124019917047003,1.2072646167518615,0.173149710138644,0.1442802337341764,0.4450211565016972,20260910
247,S. grossa,SG,fitted,0.2148181619814792,0.14408082403833655,0.13641322415195908,0.16162599738576064,0.3505874100109338,7.362788738669387,0.173149710138644,0.1442802337341764,0.4450211565016972,20260910
248,S. grossa,SG,fitted,0.11981080939906333,0.3425142065965122,0.2621973474100806,0.22076707070074011,0.7720360996808016,3.2183394587967387,0.173149710138644,0.1442802337341764,0.4450211565016972,20260910
249,S. grossa,SG,fitted,0.07464433576639991,0.1696220101252887,0.21336876045615205,0.1392739733768264,0.780923645909522,6.879399186548161,0.173149710138644,0.1442802337341764,0.4450211565016972,20260910
250,S. grossa,SG,fitted,0.2484532591623332,0.18967772705553157,0.1057344237854084,0.17080181417810678,0.6175893377816115,7.261039316230837,0.173149710138644,0.1442802337341764,0.4450211565016972,20260910
251,S. grossa,SG,fitted,0.23146044533747792,0.16954534376611657,0.21199048724199449,0.20262499083739097,0.22696419858602304,21.31506828143674,0.173149710138644,0.1442802337341764,0.4450211565016972,20260910
252,S. grossa,SG,fitted,0.18428308281224806,0.2107851528584348,0.14093728318402032,0.176245130687855,0.2898211779587477,12.513472909435663,0.173149710138644,0.1442802337341764,0.4450211565016972,20260910
253,S. grossa,SG,fitted,0.3679832818725897,0.1230352813201487,0.12136982708570379,0.1764640176125441,0.9001417247128134,8.272578813742811,0.173149710138644,0.1442802337341764,0.4450211565016972,20260910
254,S. grossa,SG,fitted,0.14653032740772987,0.2632089410101321,0.14935823399760717,0.17926098395550918,0.4706252761215471,1.4703432178621236,0.173149710138644,0.1442802337341764,0.4450211565016972,20260910
255,S. grossa,SG,fitted,0.23589228221390152,0.20444455826860713,0.29277193440598553,0.24169791828501486,0.2556600757867208,16.053726615027422,0.173149710138644,0.1442802337341764,0.4450211565016972,20260910
256,S. grossa,SG,fitted,0.1521924189085342,0.2081596628304866,0.09714539005182014,0.14545788346500038,0.5417270911542991,0.3156474580957278,0.173149710138644,0.1442802337341764,0.4450211565016972,20260910
257,S. grossa,SG,fitted,0.09624583634407623,0.15963976323725937,0.19978003201310668,0.1453310355272313,0.5290601456398911,14.077350416054987,0.173149710138644,0.1442802337341764,0.4450211565016972,20260910
258,S. grossa,SG,fitted,0.20071963938022835,0.18829244302117729,0.1190658182848956,0.16509602608492174,0.40285187892758617,8.340834256731263,0.173149710138644,0.1442802337341764,0.4450211565016972,20260910
259,S. grossa,SG,fitted,0.271848236795602,0.10140607495540896,0.16485689117130284,0.16564024586953197,0.6973099155462411,13.939548995244522,0.173149710138644,0.1442802337341764,0.4450211565016972,20260910
260,S. grossa,SG,fitted,0.18446634010801463,0.16157902855837136,0.21112330215902764,0.18462029107365951,0.18911703268083127,11.562336358153086,0.173149710138644,0.1442802337341764,0.4450211565016972,20260910
261,S. grossa,SG,fitted,0.2931143348571785,0.1263102926007123,0.08539060276206244,0.1467670706724086,0.8912602054313534,20.087670077715106,0.173149710138644,0.1442802337341764,0.4450211565016972,20260910
262,S. grossa,SG,fitted,0.12304265530107482,0.14423740287501993,0.11218360582082329,0.1258020335066257,0.1797766011893346,14.220106269081418,0.173149710138644,0.1442802337341764,0.4450211565016972,20260910
263,S. grossa,SG,fitted,0.21802595776277375,0.12535758705839806,0.2606310245197102,0.19241029823068723,0.5397186391528137,3.6731986450224756,0.173149710138644,0.1442802337341764,0.4450211565016972,20260910
264,S. grossa,SG,fitted,0.21564807356206947,0.22077844283654888,0.08901983498016999,0.1618314819758717,0.7322143083065471,2.148517740229172,0.173149710138644,0.1442802337341764,0.4450211565016972,20260910
265,S. grossa,SG,fitted,0.19541392341477173,0.10787555180429008,0.23918077729570567,0.17147531230518007,0.5853343834445633,4.958374830047339,0.173149710138644,0.1442802337341764,0.4450211565016972,20260910
266,S. grossa,SG,fitted,0.2077748947299711,0.27813363121900614,0.2600203624142739,0.24676561588744994,0.21595149371442499,8.065130988505473,0.173149710138644,0.1442802337341764,0.4450211565016972,20260910
267,S. grossa,SG,fitted,0.09939717072234945,0.07056974618266008,0.16212834165436546,0.10437997123988783,0.5912051008150185,0.4782057928037613,0.173149710138644,0.1442802337341764,0.4450211565016972,20260910
268,S. grossa,SG,fitted,0.27122877719127503,0.10885756814470693,0.3419565910573107,0.2161333530146179,0.8558291528196176,23.287601210139776,0.173149710138644,0.1442802337341764,0.4450211565016972,20260910
269,S. grossa,SG,fitted,0.187991686123449,0.18491976792139167,0.20667170881397845,0.19296016910674407,0.08487935107071794,17.04033973573671,0.173149710138644,0.1442802337341764,0.4450211565016972,20260910
270,S. grossa,SG,fitted,0.20061837418835182,0.24463390859698583,0.15201629809094477,0.19540057515784576,0.3379684574057325,18.139881155760214,0.173149710138644,0.1442802337341764,0.4450211565016972,20260910
271,S. grossa,SG,fitted,0.38586465259954356,0.1347901566468057,0.11694351208088387,0.1825393230920318,0.9222318788472739,13.614670644077695,0.173149710138644,0.1442802337341764,0.4450211565016972,20260910
272,S. grossa,SG,fitted,0.123608767289786,0.1763018454325489,0.12963177868472095,0.14136412343325655,0.272579375525321,8.055108108748119,0.173149710138644,0.1442802337341764,0.4450211565016972,20260910
273,S. grossa,SG,fitted,0.16004267041434797,0.24422749528378268,0.24990618172452525,0.21376459743485896,0.3548563527000742,8.361893846174215,0.173149710138644,0.1442802337341764,0.4450211565016972,20260910
274,S. grossa,SG,fitted,0.3080907242944263,0.2568393102419777,0.0833220685032842,0.1875138656519515,1.0017346542087497,0.07200066164500818,0.173149710138644,0.1442802337341764,0.4450211565016972,20260910
275,S. grossa,SG,fitted,0.3721799361814725,0.10869190029274595,0.22392949329334344,0.20845891775185096,0.8747547648660592,1.6204396021047156,0.173149710138644,0.1442802337341764,0.4450211565016972,20260910
276,S. grossa,SG,fitted,0.2051066091209746,0.15193536363866883,0.21491511402222194,0.18849586502406834,0.266138326622525,21.612388812514308,0.173149710138644,0.1442802337341764,0.4450211565016972,20260910
277,S. grossa,SG,fitted,0.13085950940811097,0.16814908009540536,0.1311327471860797,0.14236513612725724,0.2038712581264912,23.491291491468687,0.173149710138644,0.1442802337341764,0.4450211565016972,20260910
278,S. grossa,SG,fitted,0.273854177058839,0.1771578473090894,0.040156525336930086,0.12489507037024983,1.4234228462069378,7.608258617921037,0.173149710138644,0.1442802337341764,0.4450211565016972,20260910
279,S. grossa,SG,fitted,0.07911409126649203,0.26858266661280206,0.3498168935499534,0.19516002634608573,1.1215324914898828,1.5082005622561914,0.173149710138644,0.1442802337341764,0.4450211565016972,20260910
280,S. grossa,SG,fitted,0.2473081802020256,0.09423278590513685,0.17253039924152708,0.1590140064251575,0.6895414958463835,23.512866422950715,0.173149710138644,0.1442802337341764,0.4450211565016972,20260910
281,S. grossa,SG,fitted,0.09979954615904274,0.2183628070427302,0.2716746001647075,0.1809056331780596,0.7446887630944635,10.967158963265891,0.173149710138644,0.1442802337341764,0.4450211565016972,20260910
282,S. grossa,SG,fitted,0.07875340479950971,0.2018711344499511,0.25769907601978886,0.16001184813685207,0.8852528671430792,5.654532499917279,0.173149710138644,0.1442802337341764,0.4450211565016972,20260910
283,S. grossa,SG,fitted,0.1229022039444655,0.15626707295831663,0.2134801397834653,0.16005216100017663,0.3915312139566911,20.120289801657382,0.173149710138644,0.1442802337341764,0.4450211565016972,20260910
284,S. grossa,SG,fitted,0.30771694189040344,0.3546850315612425,0.12236659726568794,0.2372570087373082,0.817128184855016,22.87589072941111,0.173149710138644,0.1442802337341764,0.4450211565016972,20260910
285,S. grossa,SG,fitted,0.1017110072175029,0.40911739500239314,0.1476870979676809,0.1831693562363104,1.018914803879871,10.289272852280366,0.173149710138644,0.1442802337341764,0.4450211565016972,20260910
286,S. grossa,SG,fitted,0.1618362800857577,0.11364746873907725,0.23938734508938725,0.16389999773917432,0.527010126262453,8.79650158075485,0.173149710138644,0.1442802337341764,0.4450211565016972,20260910
287,S. grossa,SG,fitted,0.22740766905099502,0.09128042015784846,0.16248720247090714,0.14996870209266347,0.6528787747899002,23.66632298819421,0.173149710138644,0.1442802337341764,0.4450211565016972,20260910
288,S. grossa,SG,fitted,0.1066568399288834,0.18707330355123664,0.3178320451390069,0.18509701000728349,0.7722040537681676,4.727139617103537,0.173149710138644,0.1442802337341764,0.4450211565016972,20260910
289,S. grossa,SG,fitted,0.15381530742284855,0.4016163645272089,0.15092972624234527,0.21047244567623816,0.7914730955784504,5.322284371856956,0.173149710138644,0.1442802337341764,0.4450211565016972,20260910
290,S. grossa,SG,fitted,0.1396640217217008,0.15497654021742213,0.350877997298562,0.1965631998859425,0.7134864678517338,11.917141512280022,0.173149710138644,0.1442802337341764,0.4450211565016972,20260910
291,S. grossa,SG,fitted,0.2634106538797177,0.19968531495074796,0.1383876165020991,0.19380228703826055,0.4566045385295387,18.822216443673028,0.173149710138644,0.1442802337341764,0.4450211565016972,20260910
292,S. grossa,SG,fitted,0.14984876905239078,0.18133430423671318,0.10102764277019168,0.14002033852950174,0.4218830850331101,15.494674511161843,0.173149710138644,0.1442802337341764,0.4450211565016972,20260910
293,S. grossa,SG,fitted,0.12053215218964043,0.18489939898694172,0.1514975219930245,0.15001959200172885,0.30280583424105006,6.612379578041989,0.173149710138644,0.1442802337341764,0.4450211565016972,20260910
294,S. grossa,SG,fitted,0.21364977912603692,0.21306972129594545,0.10873195668636314,0.1704225776748287,0.5503980233449922,7.130157306202305,0.173149710138644,0.1442802337341764,0.4450211565016972,20260910
295,S. grossa,SG,fitted,0.1463211499661331,0.10234917943362154,0.21349235814273526,0.14731871941066846,0.5199390998913365,1.0935034687656255,0.173149710138644,0.1442802337341764,0.4450211565016972,20260910
296,S. grossa,SG,fitted,0.17423396987589074,0.22445576805200135,0.11464809748106346,0.1648960116812676,0.4798088667477375,1.2737260191721065,0.173149710138644,0.1442802337341764,0.4450211565016972,20260910
297,S. grossa,SG,fitted,0.12066459463141042,0.09778747453179543,0.34134063314968216,0.15910495046642406,0.9466122667180599,19.464727714941283,0.173149710138644,0.1442802337341764,0.4450211565016972,20260910
298,S. grossa,SG,fitted,0.13516949511051504,0.28142356223732223,0.18018802029732398,0.1899568767993723,0.5225596666398743,15.143429166976155,0.173149710138644,0.1442802337341764,0.4450211565016972,20260910
299,S. grossa,SG,fitted,0.08546615624058544,0.1324131804166048,0.3584096338378893,0.159478333229385,1.038953740214615,3.7913189351091487,0.173149710138644,0.1442802337341764,0.4450211565016972,20260910
300,S. grossa,SG,fitted,0.22321574193743893,0.10064376629398573,0.11172425535964582,0.1359000832832646,0.6122125670108352,4.782713767752365,0.173149710138644,0.1442802337341764,0.4450211565016972,20260910
301,S. grossa,SG,fitted,0.1811405791440906,0.15895951102657196,0.24410322167444942,0.19155430956379693,0.31093784544170217,12.566205108515963,0.173149710138644,0.1442802337341764,0.4450211565016972,20260910
302,S. grossa,SG,fitted,0.06799792041121247,0.19369204828060385,0.24885164251303396,0.1485420151735445,0.9732698597430863,21.706541447686245,0.173149710138644,0.1442802337341764,0.4450211565016972,20260910
303,S. grossa,SG,fitted,0.08170489563302666,0.2791455431915927,0.13312811670906127,0.14480476575351323,0.8748460226702299,12.14043271314301,0.173149710138644,0.1442802337341764,0.4450211565016972,20260910
304,S. grossa,SG,fitted,0.14330696805259127,0.16923773636585246,0.1298155210920051,0.14656503594070477,0.18952818858960047,16.282356959882,0.173149710138644,0.1442802337341764,0.4450211565016972,20260910
305,S. grossa,SG,fitted,0.32438194045248253,0.08036501083922673,0.17351087280727517,0.1653801785548756,0.9884056578361671,16.49639695003889,0.173149710138644,0.1442802337341764,0.4450211565016972,20260910
306,S. grossa,SG,fitted,0.13968017403420602,0.20602293964429746,0.142384656181714,0.16001886266187462,0.3097848335680056,7.5725891847811155,0.173149710138644,0.1442802337341764,0.4450211565016972,20260910
307,S. grossa,SG,fitted,0.13484326212208506,0.16077515321997923,0.20966409810158015,0.16564973709455696,0.3142489151863815,14.392241956006279,0.173149710138644,0.1442802337341764,0.4450211565016972,20260910
308,S. grossa,SG,fitted,0.293164688950726,0.17670914478635036,0.12424047610909673,0.18601355682314083,0.6103066468394521,10.496971124659126,0.173149710138644,0.1442802337341764,0.4450211565016972,20260910
309,S. grossa,SG,fitted,0.12615888328986904,0.2191682190533919,0.2616325751720039,0.19340264541877075,0.5380273926029947,22.146248939266712,0.173149710138644,0.1442802337341764,0.4450211565016972,20260910
310,S. grossa,SG,fitted,0.14532376745344966,0.29563470275304066,0.1438934199867464,0.18353166236388313,0.5839235506844598,3.521665896370692,0.173149710138644,0.1442802337341764,0.4450211565016972,20260910
311,S. grossa,SG,fitted,0.12461057956537093,0.15169161731070802,0.2830680493379078,0.17490509066454077,0.6058209864578089,11.129743552425099,0.173149710138644,0.1442802337341764,0.4450211565016972,20260910
312,S. grossa,SG,fitted,0.13991033599088135,0.1963910628046541,0.18030715964196767,0.17047531332451643,0.24942429065420338,22.032296784988343,0.173149710138644,0.1442802337341764,0.4450211565016972,20260910
313,S. grossa,SG,fitted,0.13690993509039048,0.21152919861377742,0.1452313857005766,0.16141922452495447,0.3337380897727025,7.479676590424874,0.173149710138644,0.1442802337341764,0.4450211565016972,20260910
314,S. grossa,SG,fitted,0.21675422368019245,0.12367222242954272,0.16045282001301106,0.1626281404640419,0.39712103427236917,7.561002057306528,0.173149710138644,0.1442802337341764,0.4450211565016972,20260910
315,S. grossa,SG,fitted,0.15812789702226138,0.11487253247398159,0.137614551232266,0.13571557248531332,0.22661786033799583,7.591853081925814,0.173149710138644,0.1442802337341764,0.4450211565016972,20260910
316,S. grossa,SG,fitted,0.18108507998926163,0.15689859038481024,0.2981322716825645,0.2038466444178916,0.4765187497860226,3.4378822951654966,0.173149710138644,0.1442802337341764,0.4450211565016972,20260910
317,S. grossa,SG,fitted,0.15079706885453165,0.29522736279685696,0.12651485131057622,0.17792228146305147,0.6325133877997365,9.531089752040545,0.173149710138644,0.1442802337341764,0.4450211565016972,20260910
318,S. grossa,SG,fitted,0.19972650132635045,0.12615260006000695,0.15665752828884516,0.15803782963452534,0.3250625151244068,17.69485418139583,0.173149710138644,0.1442802337341764,0.4450211565016972,20260910
319,S. grossa,SG,fitted,0.1741403275599096,0.13791581374838086,0.20438041835606827,0.16994859128028464,0.27972939466189134,6.664387591439353,0.173149710138644,0.1442802337341764,0.4450211565016972,20260910
320,S. grossa,SG,fitted,0.22934483737873476,0.18105951777988036,0.15002023667880812,0.18400094693295252,0.30078432658062887,3.5172764609218463,0.173149710138644,0.1442802337341764,0.4450211565016972,20260910
321,S. grossa,SG,fitted,0.17135779505690427,0.23467062425532173,0.1919920328708398,0.19764322584998428,0.2251559402983327,22.168393136400688,0.173149710138644,0.1442802337341764,0.4450211565016972,20260910
322,S. grossa,SG,fitted,0.17072547736428903,0.21148314608382857,0.18533730784657446,0.18844255449616445,0.15274506398016488,12.478899349339688,0.173149710138644,0.1442802337341764,0.4450211565016972,20260910
323,S. grossa,SG,fitted,0.23548300028775493,0.1840737350172582,0.23883618936793663,0.21794680466664823,0.20711874577452746,22.791312350140082,0.173149710138644,0.1442802337341764,0.4450211565016972,20260910
324,S. grossa,SG,fitted,0.07669816171146886,0.13936095331747506,0.1929571998120644,0.12729040956158696,0.6617388214062456,6.263134573508528,0.173149710138644,0.1442802337341764,0.4450211565016972,20260910
325,S. grossa,SG,fitted,0.1258460720721446,0.28550556961097334,0.16059814842511627,0.1793624776631895,0.5948634433837916,1.1505724610393386,0.173149710138644,0.1442802337341764,0.4450211565016972,20260910
326,S. grossa,SG,fitted,0.09104875198728692,0.16600591544530563,0.3202997408639753,0.16916793558774554,0.8897430093169525,8.581464918683814,0.173149710138644,0.1442802337341764,0.4450211565016972,20260910
327,S. grossa,SG,fitted,0.20835219987758677,0.20085627189894834,0.22656426426620013,0.2116532618834308,0.08731227874136521,0.05107319765996898,0.173149710138644,0.1442802337341764,0.4450211565016972,20260910
328,S. grossa,SG,fitted,0.32350923252011105,0.10848217822392886,0.24722767792345438,0.20548528259742288,0.8051301622654221,6.708121842539729,0.173149710138644,0.1442802337341764,0.4450211565016972,20260910
329,S. grossa,SG,fitted,0.105178945736327,0.3227660179996347,0.15345160482508804,0.17335219727355125,0.806796839124695,15.573078187350887,0.173149710138644,0.1442802337341764,0.4450211565016972,20260910
330,S. grossa,SG,fitted,0.1849245741581144,0.24375972366701568,0.25653776563377595,0.22613578587743666,0.24903799137907787,23.617700054021064,0.173149710138644,0.1442802337341764,0.4450211565016972,20260910
331,S. grossa,SG,fitted,0.2628486436850323,0.25055295180234555,0.06446095499055186,0.1619200638541342,1.1285513500927775,10.252029020923668,0.173149710138644,0.1442802337341764,0.4450211565016972,20260910
332,S. grossa,SG,fitted,0.3956847820985275,0.1293712552576327,0.13420570682241884,0.19010171775848447,0.8981844814033751,13.633544957607342,0.173149710138644,0.1442802337341764,0.4450211565016972,20260910
333,S. grossa,SG,fitted,0.22408894960636475,0.07767961282130556,0.3526537941777101,0.18310154883628665,1.0980124817651358,3.866754278220606,0.173149710138644,0.1442802337341764,0.4450211565016972,20260910
334,S. grossa,SG,fitted,0.18326218882279363,0.18483987708610766,0.22418947049064614,0.19655974672572887,0.16119869745482399,1.4969844933352974,0.173149710138644,0.1442802337341764,0.4450211565016972,20260910
335,S. grossa,SG,fitted,0.11965900844602924,0.27452248260065937,0.1604077765458078,0.17401348794379018,0.5955783785506013,19.873556590527077,0.173149710138644,0.1442802337341764,0.4450211565016972,20260910
336,S. grossa,SG,fitted,0.13036320780733254,0.0979924444700687,0.33270661265845447,0.16198309306582748,0.9043437552504485,20.369754597432003,0.173149710138644,0.1442802337341764,0.4450211565016972,20260910
337,S. grossa,SG,fitted,0.28656035331461327,0.12140787106492662,0.12659509354329837,0.16391798517123635,0.6847609757251536,3.082624935865133,0.173149710138644,0.1442802337341764,0.4450211565016972,20260910
338,S. grossa,SG,fitted,0.24329237019526626,0.1543923498198282,0.254797337608626,0.2123161599550545,0.3915439680571204,3.9867784311957672,0.173149710138644,0.1442802337341764,0.4450211565016972,20260910
339,S. grossa,SG,fitted,0.116632001480585,0.11508026855304364,0.1609104939059954,0.1292610425384615,0.2684038191493314,19.412595656041773,0.173149710138644,0.1442802337341764,0.4450211565016972,20260910
340,S. grossa,SG,fitted,0.1301954455545981,0.19245654546806376,0.2580535801298485,0.18629997172336465,0.485389363659815,1.2259002434093356,0.173149710138644,0.1442802337341764,0.4450211565016972,20260910
341,S. grossa,SG,fitted,0.13545525822131954,0.21190537587914962,0.17974810905178085,0.17279614836323381,0.32009555285239283,15.520442068514644,0.173149710138644,0.1442802337341764,0.4450211565016972,20260910
342,S. grossa,SG,fitted,0.10954467151334984,0.19505659978191842,0.20544419217029047,0.16373766459802713,0.493630786268029,15.514174012673365,0.173149710138644,0.1442802337341764,0.4450211565016972,20260910
343,S. grossa,SG,fitted,0.10854186042822493,0.22004278501509603,0.2874601722608274,0.19006144432106611,0.7116670309765043,20.898536264866774,0.173149710138644,0.1442802337341764,0.4450211565016972,20260910
344,S. grossa,SG,fitted,0.09615974917771614,0.13555281155010074,0.29111257257695394,0.1559747403351143,0.8018969118190495,21.91160937134781,0.173149710138644,0.1442802337341764,0.4450211565016972,20260910
345,S. grossa,SG,fitted,0.270313558721084,0.25068458274903754,0.1744225729416571,0.2277889825144158,0.331249229975027,15.715488366124355,0.173149710138644,0.1442802337341764,0.4450211565016972,20260910
346,S. grossa,SG,fitted,0.17845176382219058,0.07950786911121009,0.42807261508468314,0.1824523528454848,1.1906792659040812,13.905545268701218,0.173149710138644,0.1442802337341764,0.4450211565016972,20260910
347,S. grossa,SG,fitted,0.20318661265732155,0.10953573166249392,0.26383312595099495,0.1804097794636141,0.6384216391585368,11.74779381872825,0.173149710138644,0.1442802337341764,0.4450211565016972,20260910
348,S. grossa,SG,fitted,0.20004397307458058,0.16468253216183734,0.23135231876649018,0.19679570751121128,0.24119609306359335,20.85797615420574,0.173149710138644,0.1442802337341764,0.4450211565016972,20260910
349,S. grossa,SG,fitted,0.11603241307692604,0.10346811230825155,0.28518060227616937,0.15071921053222292,0.7852178399485925,17.447575028680617,0.173149710138644,0.1442802337341764,0.4450211565016972,20260910
350,S. grossa,SG,fitted,0.06890642418481116,0.2096514443262117,0.1435874728859237,0.12753362612356361,0.8000834391954398,18.941102607657385,0.173149710138644,0.1442802337341764,0.4450211565016972,20260910
351,S. grossa,SG,fitted,0.11348000776545225,0.24156645850532157,0.10232060722244452,0.14102833090982597,0.663189630467343,22.447925169980763,0.173149710138644,0.1442802337341764,0.4450211565016972,20260910
352,S. grossa,SG,fitted,0.09101717752585793,0.13982537737790598,0.38359776034038445,0.16964008272791095,1.044387915389056,22.316771615519635,0.173149710138644,0.1442802337341764,0.4450211565016972,20260910
353,S. grossa,SG,fitted,0.11774981008239527,0.1911409769657684,0.5838076519815488,0.2359724309531666,1.1611243309829673,16.02953019108871,0.173149710138644,0.1442802337341764,0.4450211565016972,20260910
354,S. grossa,SG,fitted,0.15378786282049747,0.10528751521097768,0.21150062933978953,0.15073133096910923,0.4938428378402407,13.338455479023596,0.173149710138644,0.1442802337341764,0.4450211565016972,20260910
355,S. grossa,SG,fitted,0.2053532623504465,0.1452498346294652,0.19197048971864422,0.17890284295551714,0.25963207347055267,4.202136245609052,0.173149710138644,0.1442802337341764,0.4450211565016972,20260910
356,S. grossa,SG,fitted,0.1371727824165301,0.18789475882277082,0.25719439867693966,0.1878515170387652,0.4444809754758275,13.9646266345371,0.173149710138644,0.1442802337341764,0.4450211565016972,20260910
357,S. grossa,SG,fitted,0.1385011321759048,0.23499085043470047,0.170364161491003,0.17699493515138334,0.37673845475314477,7.135347258934228,0.173149710138644,0.1442802337341764,0.4450211565016972,20260910
358,S. grossa,SG,fitted,0.15503696373393241,0.19447873430060045,0.1534552589914806,0.16663378152068362,0.18939175305547593,21.78416863862892,0.173149710138644,0.1442802337341764,0.4450211565016972,20260910
359,S. grossa,SG,fitted,0.15946875778910696,0.22576256075598172,0.18901857980443632,0.18950063801452185,0.24583542750229037,16.86416757263009,0.173149710138644,0.1442802337341764,0.4450211565016972,20260910
360,S. grossa,SG,fitted,0.07586808975643405,0.27682433795160666,0.13677204988235606,0.14215220208558904,0.9164888175093148,10.177920489805961,0.173149710138644,0.1442802337341764,0.4450211565016972,20260910
361,S. grossa,SG,fitted,0.10588074010103922,0.21468982140315107,0.11615864472032647,0.1382165302745344,0.5433080971542007,6.466388128429406,0.173149710138644,0.1442802337341764,0.4450211565016972,20260910
362,S. grossa,SG,fitted,0.31966628316867945,0.2497664388286306,0.19934102637569007,0.2515412420715898,0.3340512059499908,10.64426873223594,0.173149710138644,0.1442802337341764,0.4450211565016972,20260910
363,S. grossa,SG,fitted,0.27646479080591707,0.12376835287315549,0.21458714382611785,0.1943648436845511,0.581067460867735,7.095095372906408,0.173149710138644,0.1442802337341764,0.4450211565016972,20260910
364,S. grossa,SG,fitted,0.15975818005501996,0.18631129724606663,0.2667956525665609,0.19950801496273263,0.37218031203489094,6.310518619505147,0.173149710138644,0.1442802337341764,0.4450211565016972,20260910
365,S. grossa,SG,fitted,0.1265460425269712,0.13179878833067302,0.17558137327007842,0.14306919791095674,0.25243956526476147,19.550462820561123,0.173149710138644,0.1442802337341764,0.4450211565016972,20260910
366,S. grossa,SG,fitted,0.13482329156832193,0.17429781001731562,0.11543927915266539,0.13946658091896383,0.2942792711217884,19.3644999450484,0.173149710138644,0.1442802337341764,0.4450211565016972,20260910
367,S. grossa,SG,fitted,0.1135533495908632,0.11926234432204716,0.18479283418950868,0.13576759948371062,0.3791673839599003,12.271413224449256,0.173149710138644,0.1442802337341764,0.4450211565016972,20260910
368,S. grossa,SG,fitted,0.25372870818931587,0.16895784591948873,0.19971147712412315,0.20457395059846412,0.28902674327217864,17.006720664855223,0.173149710138644,0.1442802337341764,0.4450211565016972,20260910
369,S. grossa,SG,fitted,0.12223777834471337,0.15778441052813402,0.16836465318634755,0.14808355093624553,0.23935730864274643,12.704482722107908,0.173149710138644,0.1442802337341764,0.4450211565016972,20260910
370,S. grossa,SG,fitted,0.16036050691776976,0.0926168549371948,0.1984128640006791,0.14336806549436185,0.5559215994548887,22.34806720741256,0.173149710138644,0.1442802337341764,0.4450211565016972,20260910
371,S. grossa,SG,fitted,0.17431821421010765,0.14161100665494172,0.24208747180398374,0.18146966230516,0.3823456058930907,11.620528630716105,0.173149710138644,0.1442802337341764,0.4450211565016972,20260910
372,S. grossa,SG,fitted,0.1306331587265497,0.22759300709983024,0.10457404736856121,0.14595268419190896,0.5664141638625773,16.293843638595384,0.173149710138644,0.1442802337341764,0.4450211565016972,20260910
373,S. grossa,SG,fitted,0.12283182424542224,0.25611814693229057,0.18227086451248065,0.17898755494671112,0.5200748458136178,16.915979460885094,0.173149710138644,0.1442802337341764,0.4450211565016972,20260910
374,S. grossa,SG,fitted,0.17745957541188206,0.4575504605853602,0.13073462691313903,0.21977402174297808,0.9237169426382319,19.67657313080474,0.173149710138644,0.1442802337341764,0.4450211565016972,20260910
375,S. grossa,SG,fitted,0.11686901240905789,0.12816625013572497,0.21186599036262757,0.1469528793273914,0.45278892291814704,7.882065016324701,0.173149710138644,0.1442802337341764,0.4450211565016972,20260910
376,S. grossa,SG,fitted,0.17698271487933448,0.12028163212844158,0.28072025192837247,0.18146852257061757,0.6000726008292755,11.821949849148329,0.173149710138644,0.1442802337341764,0.4450211565016972,20260910
377,S. grossa,SG,fitted,0.27141544453964156,0.09144147049251568,0.1742131561222189,0.16291193511014695,0.773671007437167,18.186810995108413,0.173149710138644,0.1442802337341764,0.4450211565016972,20260910
378,S. grossa,SG,fitted,0.3666466767579696,0.12953853950924468,0.23269152342776994,0.2227455846564386,0.7376309830392577,16.505689673404028,0.173149710138644,0.1442802337341764,0.4450211565016972,20260910
379,S. grossa,SG,fitted,0.1768067967016771,0.1416403357868401,0.26885088575459504,0.18882773845766065,0.4602657753712623,17.644441677560675,0.173149710138644,0.1442802337341764,0.4450211565016972,20260910
380,S. grossa,SG,fitted,0.25106398161655963,0.13378931668758573,0.14053195812266783,0.167749144919516,0.49508612084757214,13.239743294531552,0.173149710138644,0.1442802337341764,0.4450211565016972,20260910
381,S. grossa,SG,fitted,0.1180393701817757,0.18391534008642063,0.3143719910103477,0.18968350292405062,0.6936844854869754,4.390329413744172,0.173149710138644,0.1442802337341764,0.4450211565016972,20260910
382,S. grossa,SG,fitted,0.14014916258303642,0.07773146262426131,0.6644531849514338,0.19344191285829684,1.567740548368463,17.0967581517045,0.173149710138644,0.1442802337341764,0.4450211565016972,20260910
383,S. grossa,SG,fitted,0.22743276186656655,0.1610015216459212,0.14076748497589148,0.17274087657473214,0.3500106818108785,17.56759543842085,0.173149710138644,0.1442802337341764,0.4450211565016972,20260910
384,S. grossa,SG,fitted,0.13940983500173323,0.16507476406289875,0.324614279517762,0.19548521046194753,0.6325213975814029,12.690280505707008,0.173149710138644,0.1442802337341764,0.4450211565016972,20260910
385,S. grossa,SG,fitted,0.29876132256711385,0.13044058330379452,0.13074704271856347,0.17207706635017891,0.6756969253306907,7.525150938788019,0.173149710138644,0.1442802337341764,0.4450211565016972,20260910
386,S. grossa,SG,fitted,0.2961146259632776,0.15087709541907787,0.15683403358613235,0.19135559366864607,0.5354403129880183,12.285055963600037,0.173149710138644,0.1442802337341764,0.4450211565016972,20260910
387,S. grossa,SG,fitted,0.07745959013705994,0.12214855560251402,0.23108383923734127,0.12979093715786033,0.7764504637877271,1.611616523293577,0.173149710138644,0.1442802337341764,0.4450211565016972,20260910
388,S. grossa,SG,fitted,0.13030094709562187,0.2511852120711074,0.11551641805729417,0.15578600893816347,0.5912347156968109,6.999526387551308,0.173149710138644,0.1442802337341764,0.4450211565016972,20260910
389,S. grossa,SG,fitted,0.1967658645225314,0.2493186480060763,0.20658082039868447,0.2164037786030987,0.17678952202180495,16.280302261691734,0.173149710138644,0.1442802337341764,0.4450211565016972,20260910
390,S. grossa,SG,fitted,0.1728531548120736,0.3061898660506517,0.1118948289008515,0.1809225554160967,0.7139963276233313,17.596602867834378,0.173149710138644,0.1442802337341764,0.4450211565016972,20260910
391,S. grossa,SG,fitted,0.24978428487616755,0.17540529779568179,0.1051769492087861,0.16640873875868897,0.6150046224805045,0.10750682205692019,0.173149710138644,0.1442802337341764,0.4450211565016972,20260910
392,S. grossa,SG,fitted,0.16552736308627483,0.1778171931289706,0.20575038611371377,0.18227540366550526,0.15677637122834717,6.655345182056409,0.173149710138644,0.1442802337341764,0.4450211565016972,20260910
393,S. grossa,SG,fitted,0.2983265922428598,0.1730473752213427,0.12455481975628112,0.18595413513659476,0.623869487667765,0.9152940490082511,0.173149710138644,0.1442802337341764,0.4450211565016972,20260910
394,S. grossa,SG,fitted,0.2821579905564107,0.15552043263520723,0.15621892894478617,0.1899639341043083,0.48455976377620824,10.663074006260407,0.173149710138644,0.1442802337341764,0.4450211565016972,20260910
395,S. grossa,SG,fitted,0.2278385485222576,0.21408146859332194,0.10955590421191629,0.17482922111276267,0.5741063009384633,5.208986041543575,0.173149710138644,0.1442802337341764,0.4450211565016972,20260910
396,S. grossa,SG,fitted,0.1461398997183175,0.226271193358781,0.16191778655675565,0.1749433922773491,0.32332458856753915,13.350430671069539,0.173149710138644,0.1442802337341764,0.4450211565016972,20260910
397,S. grossa,SG,fitted,0.10967149298336829,0.20605514576796183,0.21126634778661071,0.16838465635791178,0.5254203542672343,0.6505177452841551,0.173149710138644,0.1442802337341764,0.4450211565016972,20260910
398,S. grossa,SG,fitted,0.1150774906614768,0.1750514727836577,0.17772562646121468,0.1529802625733858,0.34885351448922003,18.115723388677633,0.173149710138644,0.1442802337341764,0.4450211565016972,20260910
399,S. grossa,SG,fitted,0.1512630042216393,0.41453900743422567,0.0914479048977841,0.17898801910328974,1.0884154081144122,11.77052322840145,0.173149710138644,0.1442802337341764,0.4450211565016972,20260910
400,S. grossa,SG,fitted,0.18725231764915196,0.14495024235009224,0.17529777490941567,0.16819284509957408,0.1880235129669057,18.652252217731846,0.173149710138644,0.1442802337341764,0.4450211565016972,20260910
401,S. grossa,SG,fitted,0.1749250508324431,0.2462209584128856,0.11938164830957869,0.17259896974754818,0.5121398243942276,8.262324199210571,0.173149710138644,0.1442802337341764,0.4450211565016972,20260910
402,S. grossa,SG,fitted,0.1494032662316046,0.2778069360202276,0.10938370390270585,0.16558408807655509,0.6709941233240782,0.23043171360565218,0.173149710138644,0.1442802337341764,0.4450211565016972,20260910
403,S. grossa,SG,fitted,0.1862793994032093,0.0979529307464781,0.1804378868753854,0.1487658787681737,0.5123002373582592,1.7660366005207981,0.173149710138644,0.1442802337341764,0.4450211565016972,20260910
404,S. grossa,SG,fitted,0.16478689535852753,0.2681404103932347,0.12248438564873398,0.1755719865842709,0.5594515419698027,8.080479400561309,0.173149710138644,0.1442802337341764,0.4450211565016972,20260910
405,S. grossa,SG,fitted,0.11653884779658708,0.2507400519091903,0.16191632498021838,0.1678784779813206,0.5435867387455164,6.531215759320824,0.173149710138644,0.1442802337341764,0.4450211565016972,20260910
406,S. grossa,SG,fitted,0.08821260060062087,0.26688212785124543,0.14598620827514142,0.1509109137351328,0.7838616132353152,15.202299979466192,0.173149710138644,0.1442802337341764,0.4450211565016972,20260910
407,S. grossa,SG,fitted,0.10166408552908053,0.1633400283853741,0.24729301898434083,0.16013662846660526,0.62901504494096,2.9742153330631966,0.173149710138644,0.1442802337341764,0.4450211565016972,20260910
408,S. grossa,SG,fitted,0.21585913455385852,0.21002252180824557,0.2003934403204125,0.2086603511327705,0.05316936708986378,19.648030108600715,0.173149710138644,0.1442802337341764,0.4450211565016972,20260910
409,S. grossa,SG,fitted,0.1419666428091851,0.2700313738175021,0.24883665829204735,0.21208256450484259,0.49497873197772946,21.391906822627934,0.173149710138644,0.1442802337341764,0.4450211565016972,20260910
410,S. grossa,SG,fitted,0.25153321945182633,0.4304788442987221,0.10631361958036363,0.22579380508104252,0.9976916035284689,5.32518614487026,0.173149710138644,0.1442802337341764,0.4450211565016972,20260910
411,S. grossa,SG,fitted,0.13389713093223837,0.20855382354054966,0.1914827180814146,0.17486638706528057,0.332475988443809,19.508118459365203,0.173149710138644,0.1442802337341764,0.4450211565016972,20260910
412,S. grossa,SG,fitted,0.14788375702758358,0.22865740944701887,0.18434501403957934,0.18404006728044664,0.3081626148279061,19.542031907157064,0.173149710138644,0.1442802337341764,0.4450211565016972,20260910
413,S. grossa,SG,fitted,0.19524438890856186,0.22218202171858709,0.19734226570748223,0.20456713460100134,0.10144673066919957,10.589526699863757,0.173149710138644,0.1442802337341764,0.4450211565016972,20260910
414,S. grossa,SG,fitted,0.40480546230639036,0.23599249340397577,0.09906155577865416,0.21151925059272503,1.0043608626048262,4.471221892597669,0.173149710138644,0.1442802337341764,0.4450211565016972,20260910
415,S. grossa,SG,fitted,0.13687669111513429,0.08249692824896411,0.20206930276605514,0.1316505081133745,0.6352531717243762,21.014721637451537,0.173149710138644,0.1442802337341764,0.4450211565016972,20260910
416,S. grossa,SG,fitted,0.20476756620182246,0.14767548713243808,0.12672425819006958,0.1564863446685872,0.34665737010390557,9.655353535274287,0.173149710138644,0.1442802337341764,0.4450211565016972,20260910
417,S. grossa,SG,fitted,0.1437084908961198,0.144592750411973,0.09543611869164842,0.12563594346098042,0.33674860946016316,10.877962264907305,0.173149710138644,0.1442802337341764,0.4450211565016972,20260910
418,S. grossa,SG,fitted,0.16149548895786786,0.13694131367986365,0.20919438272787372,0.1666281226930667,0.3020497056508981,14.572379177801807,0.173149710138644,0.1442802337341764,0.4450211565016972,20260910
419,S. grossa,SG,fitted,0.21048494923322936,0.2501777751734303,0.12776401634555115,0.18878150450052258,0.4935049112363648,14.583730607683563,0.173149710138644,0.1442802337341764,0.4450211565016972,20260910
420,S. grossa,SG,fitted,0.13058890359067118,0.23963128871736675,0.16765010430543134,0.17376056056439776,0.43148061380292496,5.798683676080246,0.173149710138644,0.1442802337341764,0.4450211565016972,20260910
421,S. grossa,SG,fitted,0.24052223243317034,0.20813802336773693,0.1765039643326776,0.20673802928433613,0.21898382034522376,9.226121621368158,0.173149710138644,0.1442802337341764,0.4450211565016972,20260910
422,S. grossa,SG,fitted,0.2464060137627663,0.1437754468010262,0.20846059884356277,0.19473917985159217,0.38995904404010495,6.476697791536681,0.173149710138644,0.1442802337341764,0.4450211565016972,20260910
423,S. grossa,SG,fitted,0.2669962697184284,0.14905316558909062,0.1815798493724151,0.1933324181814898,0.41929048222121285,0.9828165693932691,0.173149710138644,0.1442802337341764,0.4450211565016972,20260910
424,S. grossa,SG,fitted,0.29653660027018547,0.08935199062238498,0.12564521712356144,0.14931708371956995,0.8741830029061021,20.387275142494946,0.173149710138644,0.1442802337341764,0.4450211565016972,20260910
425,S. grossa,SG,fitted,0.10899088321595393,0.1896121732010998,0.12486157525893488,0.13716029141451566,0.40809235732820226,1.430089938195291,0.173149710138644,0.1442802337341764,0.4450211565016972,20260910
426,S. grossa,SG,fitted,0.1534794078391002,0.2151718070909424,0.1618885528932159,0.1748573427913382,0.25687760357093486,15.14437513979541,0.173149710138644,0.1442802337341764,0.4450211565016972,20260910
427,S. grossa,SG,fitted,0.17527513788981414,0.09541180428323852,0.16203169625669697,0.13941434677527673,0.46779260019548236,11.958017032947136,0.173149710138644,0.1442802337341764,0.4450211565016972,20260910
428,S. grossa,SG,fitted,0.10645872292077413,0.3240196184361442,0.14751898981875033,0.17200199968864302,0.809198705993912,1.6879113282982114,0.173149710138644,0.1442802337341764,0.4450211565016972,20260910
429,S. grossa,SG,fitted,0.10299032298233521,0.22092550289804852,0.11141447891016941,0.13635193388190928,0.5936539221113027,15.448293641159577,0.173149710138644,0.1442802337341764,0.4450211565016972,20260910
430,S. grossa,SG,fitted,0.18524651078717075,0.2541521532111269,0.10560803713940352,0.17067906965976432,0.6290297561980045,12.997699064152377,0.173149710138644,0.1442802337341764,0.4450211565016972,20260910
431,S. grossa,SG,fitted,0.2957105988281994,0.17587173418069807,0.08901482673200332,0.1666639852864274,0.8514880003302516,14.597864485586271,0.173149710138644,0.1442802337341764,0.4450211565016972,20260910
432,S. grossa,SG,fitted,0.32792731243465645,0.21803458419025099,0.09813283168717352,0.19144282849363417,0.8678479525667635,14.37642696957822,0.173149710138644,0.1442802337341764,0.4450211565016972,20260910
433,S. grossa,SG,fitted,0.23727731044606098,0.19592607676505158,0.10432872301031663,0.16927160609821115,0.6079945842364132,22.003550187645626,0.173149710138644,0.1442802337341764,0.4450211565016972,20260910
434,S. grossa,SG,fitted,0.19699275311349385,0.19345555222352084,0.12863203515986213,0.16987398041404425,0.3408436398780277,12.476736685235343,0.173149710138644,0.1442802337341764,0.4450211565016972,20260910
435,S. grossa,SG,fitted,0.1509498026373881,0.14994267223384794,0.21634625668236734,0.1698122672122571,0.2966546235123894,18.922733877316237,0.173149710138644,0.1442802337341764,0.4450211565016972,20260910
436,S. grossa,SG,fitted,0.09631722971211726,0.39763255664797525,0.25452132992754745,0.21361743734470615,1.0252974760034115,0.23954893324996895,0.173149710138644,0.1442802337341764,0.4450211565016972,20260910
437,S. grossa,SG,fitted,0.2000496347888754,0.08626473713264367,0.1570072758625733,0.13941096975686365,0.6123363423172752,22.698272551347422,0.173149710138644,0.1442802337341764,0.4450211565016972,20260910
438,S. grossa,SG,fitted,0.26789760553605246,0.14487198097264506,0.20971471936034622,0.20115340173895488,0.43768406962029766,15.949469616809473,0.173149710138644,0.1442802337341764,0.4450211565016972,20260910
439,S. grossa,SG,fitted,0.1743683922839306,0.20467140443123485,0.23024621713531554,0.20179286770048818,0.19732482890686884,8.953435034851239,0.173149710138644,0.1442802337341764,0.4450211565016972,20260910
440,S. grossa,SG,fitted,0.12218504653368761,0.27105331452090003,0.2056829065640352,0.18956449310444576,0.5722042329840438,0.4340477116746113,0.173149710138644,0.1442802337341764,0.4450211565016972,20260910
441,S. grossa,SG,fitted,0.10001713957010915,0.2522671638262103,0.13385073352692112,0.15003248525306834,0.6689438886147185,16.772535813814475,0.173149710138644,0.1442802337341764,0.4450211565016972,20260910
442,S. grossa,SG,fitted,0.2388642830954035,0.19952455399966362,0.14512516911899945,0.19053002933116173,0.35685085243881054,0.8117907164435909,0.173149710138644,0.1442802337341764,0.4450211565016972,20260910
443,S. grossa,SG,fitted,0.09711389679176227,0.23309502475311453,0.21586814527390077,0.16969445380891993,0.6857011030078232,13.778379583477093,0.173149710138644,0.1442802337341764,0.4450211565016972,20260910
444,S. grossa,SG,fitted,0.17145476276322164,0.24261210251562657,0.11456053557400693,0.168279940647529,0.5310785703291393,16.029604189872092,0.173149710138644,0.1442802337341764,0.4450211565016972,20260910
445,S. grossa,SG,fitted,0.23809740169296553,0.10012088494759663,0.1527164184044435,0.15383495256249158,0.6126328890540799,17.484476261403564,0.173149710138644,0.1442802337341764,0.4450211565016972,20260910
446,S. grossa,SG,fitted,0.1704173816998072,0.17212006833114482,0.0996051575914087,0.1429582012496941,0.4426031122920352,9.304728769659448,0.173149710138644,0.1442802337341764,0.4450211565016972,20260910
447,S. grossa,SG,fitted,0.09181396561308519,0.1408538754676083,0.2086447993698751,0.13921788666038676,0.5806182715622792,9.459178822292602,0.173149710138644,0.1442802337341764,0.4450211565016972,20260910
448,S. grossa,SG,fitted,0.13258968626245904,0.1275509490907668,0.1332133538917789,0.13109327101101395,0.033713350241689574,8.463052079031158,0.173149710138644,0.1442802337341764,0.4450211565016972,20260910
449,S. grossa,SG,fitted,0.14221642881248742,0.26325103334857863,0.11088054766227928,0.1607157374051219,0.6294799538747112,8.181185467661086,0.173149710138644,0.1442802337341764,0.4450211565016972,20260910
450,S. grossa,SG,fitted,0.2078396843006777,0.11757323920058388,0.1681352657834222,0.16016412940148358,0.4072109409150214,5.568382181679106,0.173149710138644,0.1442802337341764,0.4450211565016972,20260910
451,S. grossa,SG,fitted,0.1266808280510714,0.2442099044759418,0.2504340629230189,0.197874207666436,0.5464779924012265,12.319809764339247,0.173149710138644,0.1442802337341764,0.4450211565016972,20260910
452,S. grossa,SG,fitted,0.14360303409807754,0.0961396433693931,0.22249664200239733,0.14536611858693924,0.5935287450090606,13.471545767033787,0.173149710138644,0.1442802337341764,0.4450211565016972,20260910
453,S. grossa,SG,fitted,0.17111362671800587,0.08820492423713666,0.20139709541544082,0.14485835310951048,0.6184171396855952,13.007676253580122,0.173149710138644,0.1442802337341764,0.4450211565016972,20260910
454,S. grossa,SG,fitted,0.5746285205894135,0.16845873927837254,0.06661616361682678,0.186131601471987,1.5285483232833588,9.642425777603187,0.173149710138644,0.1442802337341764,0.4450211565016972,20260910
455,S. grossa,SG,fitted,0.1089999768465368,0.14022581980595136,0.3279124361742286,0.17113444354179733,0.8161237596172326,19.805839706713595,0.173149710138644,0.1442802337341764,0.4450211565016972,20260910
456,S. grossa,SG,fitted,0.20739012441846283,0.1402251013142336,0.18934098739250438,0.17658459924142772,0.2896134404652603,8.099185883666006,0.173149710138644,0.1442802337341764,0.4450211565016972,20260910
457,S. grossa,SG,fitted,0.2899693490278936,0.15071805019916212,0.23524559367960676,0.21744342798768368,0.47263605461037533,11.894551491337603,0.173149710138644,0.1442802337341764,0.4450211565016972,20260910
458,S. grossa,SG,fitted,0.10687733189284082,0.12943456200100814,0.2376385974528021,0.14869086255080008,0.5900083696334089,18.638157203532934,0.173149710138644,0.1442802337341764,0.4450211565016972,20260910
459,S. grossa,SG,fitted,0.28748526338512714,0.15898325636612867,0.25126918503236767,0.225615397564412,0.43914621957919414,14.580095844130204,0.173149710138644,0.1442802337341764,0.4450211565016972,20260910
460,S. grossa,SG,fitted,0.1455544437720683,0.09123210900237236,0.29028640700301633,0.15679539173427307,0.823504274618058,13.025898936484879,0.173149710138644,0.1442802337341764,0.4450211565016972,20260910
461,S. grossa,SG,fitted,0.13313670916515596,0.17233761303015332,0.14462935642842548,0.1491573921835998,0.1863542159602619,19.528367315920107,0.173149710138644,0.1442802337341764,0.4450211565016972,20260910
462,S. grossa,SG,fitted,0.12844065364140908,0.19776403366679685,0.17771882974454692,0.16527014994888908,0.31788888361563017,18.911469350234803,0.173149710138644,0.1442802337341764,0.4450211565016972,20260910
463,S. grossa,SG,fitted,0.3172568442621293,0.1562336035909941,0.1335401664002592,0.18775828989245286,0.6519628253898544,22.484139304226133,0.173149710138644,0.1442802337341764,0.4450211565016972,20260910
464,S. grossa,SG,fitted,0.38988918014926455,0.11036514834013181,0.1594551230866323,0.1900219937827403,0.9179018461263032,0.7712238774051521,0.173149710138644,0.1442802337341764,0.4450211565016972,20260910
465,S. grossa,SG,fitted,0.23531351469936038,0.21299331178858405,0.1811832823248668,0.20863010983051675,0.1865746336833624,0.7469190211549801,0.173149710138644,0.1442802337341764,0.4450211565016972,20260910
466,S. grossa,SG,fitted,0.11145620425571352,0.31616585831734667,0.1737939264365221,0.18295794403831495,0.739935731421666,6.133741868758955,0.173149710138644,0.1442802337341764,0.4450211565016972,20260910
467,S. grossa,SG,fitted,0.21823176885251197,0.09868771994939174,0.24759658407937474,0.17470630514382857,0.7051807736088007,15.668454256574758,0.173149710138644,0.1442802337341764,0.4450211565016972,20260910
468,S. grossa,SG,fitted,0.129053042207007,0.06794397873742775,0.29261627762528714,0.13690077323264224,1.0350304755898747,3.1162456329115393,0.173149710138644,0.1442802337341764,0.4450211565016972,20260910
469,S. grossa,SG,fitted,0.21502819802409182,0.1300942159397939,0.06549883924817336,0.12236644292613719,0.8439033179557011,20.36156315587007,0.173149710138644,0.1442802337341764,0.4450211565016972,20260910
470,S. grossa,SG,fitted,0.10131535269760676,0.19489671577342663,0.15016925115606575,0.14366586724930297,0.46577863799956204,15.718169651390543,0.173149710138644,0.1442802337341764,0.4450211565016972,20260910
471,S. grossa,SG,fitted,0.29757784012810495,0.11004772588243843,0.11488046989197996,0.15552825081653254,0.795254685633654,14.668097388625803,0.173149710138644,0.1442802337341764,0.4450211565016972,20260910
472,S. grossa,SG,fitted,0.1681377420554853,0.15004081471807118,0.2457215694214462,0.18369865155573997,0.36526731574070975,5.856256899791469,0.173149710138644,0.1442802337341764,0.4450211565016972,20260910
473,S. grossa,SG,fitted,0.10340870850448891,0.1897832288790132,0.15612087687387521,0.14524191812794876,0.4383692432829663,4.973622595736968,0.173149710138644,0.1442802337341764,0.4450211565016972,20260910
474,S. grossa,SG,fitted,0.14516905132487448,0.5817954067410607,0.06872818170467754,0.1797186138966037,1.5328178989184598,14.54289885830156,0.173149710138644,0.1442802337341764,0.4450211565016972,20260910
475,S. grossa,SG,fitted,0.2716242318599049,0.21304757413197825,0.0681651484433917,0.1580043934824613,1.0438578779671355,4.250853456791226,0.173149710138644,0.1442802337341764,0.4450211565016972,20260910
476,S. grossa,SG,fitted,0.09604185218964723,0.2857968077651067,0.14453896485258833,0.15830730182114608,0.7791087117492219,1.7391259238942043,0.173149710138644,0.1442802337341764,0.4450211565016972,20260910
477,S. grossa,SG,fitted,0.18606240934405732,0.09465717096503837,0.3014663155173758,0.1744550924634892,0.8229005387710062,3.6347216146253496,0.173149710138644,0.1442802337341764,0.4450211565016972,20260910
478,S. grossa,SG,fitted,0.12502255686238556,0.35444851856439463,0.17153896456999468,0.1966232070506099,0.7555749666097605,9.112558430870436,0.173149710138644,0.1442802337341764,0.4450211565016972,20260910
479,S. grossa,SG,fitted,0.3813972311041464,0.1362365954518716,0.12156735387060813,0.18485424456814492,0.890700949287233,11.76547311032271,0.173149710138644,0.1442802337341764,0.4450211565016972,20260910
480,S. grossa,SG,fitted,0.26146265909216065,0.16530723051641916,0.11105558013317093,0.16868661998661605,0.6059748148603965,21.66796692182379,0.173149710138644,0.1442802337341764,0.4450211565016972,20260910
481,S. grossa,SG,fitted,0.15849881849180186,0.28546569520764,0.16446174740359787,0.19523077808843306,0.46606116845044526,19.860544840134715,0.173149710138644,0.1442802337341764,0.4450211565016972,20260910
482,S. grossa,SG,fitted,0.1481952461814027,0.14959399345690874,0.11937349500796826,0.13832014831035078,0.18054397063816893,17.92229040518194,0.173149710138644,0.1442802337341764,0.4450211565016972,20260910
483,S. grossa,SG,fitted,0.17622364330580917,0.08587655732528604,0.39634585117274107,0.18169279510735734,1.0820800009940361,11.444009473290578,0.173149710138644,0.1442802337341764,0.4450211565016972,20260910
484,S. grossa,SG,fitted,0.14888242272724198,0.20365452353440977,0.13621272897968903,0.1604421208174687,0.2987851646638726,2.1129194865846683,0.173149710138644,0.1442802337341764,0.4450211565016972,20260910
485,S. grossa,SG,fitted,0.18007805455387987,0.18859802871324483,0.14371092838184474,0.16962736328561134,0.20567706877492992,15.587176016071407,0.173149710138644,0.1442802337341764,0.4450211565016972,20260910
486,S. grossa,SG,fitted,0.11746845944968357,0.10979968148047872,0.21133438845075667,0.1396896325555872,0.5093093969071469,11.580475343394085,0.173149710138644,0.1442802337341764,0.4450211565016972,20260910
487,S. grossa,SG,fitted,0.1643864384314692,0.10637631719328704,0.1969114688376007,0.15100592323260617,0.4476598864668591,9.24200362003463,0.173149710138644,0.1442802337341764,0.4450211565016972,20260910
488,S. grossa,SG,fitted,0.15436961724174683,0.11615234810804359,0.45149505760505326,0.20079255558637157,1.0125784199689474,19.10633317539522,0.173149710138644,0.1442802337341764,0.4450211565016972,20260910
489,S. grossa,SG,fitted,0.12174850163503605,0.08754652528655447,0.3693385388308644,0.15789767013230685,1.066552593897059,1.5521068902640929,0.173149710138644,0.1442802337341764,0.4450211565016972,20260910
490,S. grossa,SG,fitted,0.287301137621891,0.18048389694636516,0.09873540240943827,0.1723519634304856,0.7573595666760882,7.939875535838273,0.173149710138644,0.1442802337341764,0.4450211565016972,20260910
491,S. grossa,SG,fitted,0.179739759168627,0.1295283639715605,0.17689262306918005,0.16028993489842427,0.26121812131597244,6.576076634134148,0.173149710138644,0.1442802337341764,0.4450211565016972,20260910
492,S. grossa,SG,fitted,0.2599984697415371,0.2797872535115859,0.21866952362779357,0.25149478962887667,0.17897461531827094,1.75081308429053,0.173149710138644,0.1442802337341764,0.4450211565016972,20260910
493,S. grossa,SG,fitted,0.21947949472400893,0.10187179812012294,0.16870684059230348,0.15566591854454354,0.5516067762839931,18.805242085656467,0.173149710138644,0.1442802337341764,0.4450211565016972,20260910
494,S. grossa,SG,fitted,0.11936271041409023,0.13632684852431967,0.1912753024294797,0.146005647565068,0.3438533577226069,20.74086980641743,0.173149710138644,0.1442802337341764,0.4450211565016972,20260910
495,S. grossa,SG,fitted,0.16795346083412316,0.16251747976171607,0.15945824567788844,0.16327211027223854,0.037138214036037086,7.520602633890036,0.173149710138644,0.1442802337341764,0.4450211565016972,20260910
496,S. grossa,SG,fitted,0.13817437070652963,0.1491701498895585,0.267226467090038,0.1766022763359235,0.5101660992056869,16.968772775640545,0.173149710138644,0.1442802337341764,0.4450211565016972,20260910
497,S. grossa,SG,fitted,0.3189929546076218,0.23237548233960875,0.07738233824562205,0.1790074398361001,1.0513009800948987,16.751624343734356,0.173149710138644,0.1442802337341764,0.4450211565016972,20260910
498,S. grossa,SG,fitted,0.1283487456958717,0.17954460046685852,0.21887967011628454,0.17149697647268566,0.3815890092931451,0.5141683077439865,0.173149710138644,0.1442802337341764,0.4450211565016972,20260910
499,S. grossa,SG,fitted,0.17259906306915182,0.24801630137427932,0.18945470245018342,0.20091298987292258,0.26624032871162423,23.596786244681525,0.173149710138644,0.1442802337341764,0.4450211565016972,20260910
