species,id,beta,non_oscillatory_clock,arrhythmic_activity_DD,damped_DD,damped_LD,beating_LD,sharp_edge_LD,sharp_edge_DD,multi_peak_LD,fwhm_h_DD_outside_spider_range,fwhm_h_LD_outside_spider_range,peak6_frac_DD_outside_spider_range,peak6_frac_LD_outside_spider_range,peak_to_mean_DD_outside_spider_range,peak_to_mean_LD_outside_spider_range
L. cornutus,0,0.09,False,False,False,False,False,False,False,False,False,False,False,False,False,False
L. cornutus,1,0.09,False,False,False,False,False,False,False,False,False,False,False,False,False,False
L. cornutus,2,0.09,False,False,False,False,False,False,False,False,False,False,False,False,False,False
L. cornutus,3,0.09,False,False,False,False,False,False,False,False,False,False,True,False,True,False
L. cornutus,4,0.09,False,False,False,False,True,False,False,False,False,True,False,True,False,True
L. cornutus,5,0.09,False,False,True,True,True,False,False,True,False,True,False,True,False,True
L. cornutus,6,0.09,False,False,False,False,True,False,False,False,False,True,False,True,False,True
L. cornutus,7,0.09,False,True,False,False,False,False,False,False,False,False,False,False,False,False
L. cornutus,8,0.09,False,True,False,False,False,False,False,False,False,False,False,False,False,False
L. cornutus,9,0.09,False,False,False,False,True,False,False,False,False,True,False,False,False,True
L. cornutus,10,0.09,False,False,False,False,True,False,False,False,False,True,False,True,False,True
L. cornutus,11,0.09,False,False,False,False,False,False,False,False,False,False,False,False,False,False
L. cornutus,12,0.09,False,False,False,True,True,False,False,False,False,True,False,True,False,True
L. cornutus,13,0.09,False,False,False,False,False,False,False,False,False,False,False,False,False,False
L. cornutus,14,0.09,False,False,False,False,False,False,False,False,False,False,False,False,False,False
L. cornutus,15,0.09,False,False,False,False,False,False,False,False,False,False,False,False,False,False
L. cornutus,16,0.09,False,False,False,False,False,False,False,False,False,False,False,False,False,False
L. cornutus,17,0.09,False,False,False,True,True,False,False,False,False,True,False,False,False,True
L. cornutus,18,0.09,False,True,False,False,True,False,False,False,False,True,False,True,False,True
L. cornutus,19,0.09,False,True,False,False,False,False,False,False,False,False,False,False,True,False
L. cornutus,20,0.09,False,False,False,True,True,False,False,False,False,True,False,True,False,True
L. cornutus,21,0.09,False,False,True,True,True,False,False,False,False,True,False,True,False,True
L. cornutus,22,0.09,False,False,False,False,False,False,False,False,False,False,False,False,False,False
L. cornutus,23,0.09,False,False,False,True,True,False,False,True,False,True,False,True,False,True
L. cornutus,24,0.09,False,False,False,False,True,False,False,False,False,True,False,True,False,True
L. cornutus,25,0.09,False,False,False,True,True,False,False,True,False,True,False,True,False,True
L. cornutus,26,0.09,False,True,False,False,False,False,False,False,False,False,False,False,False,False
L. cornutus,27,0.09,False,False,False,True,True,False,False,False,False,True,False,True,False,True
L. cornutus,28,0.09,False,False,False,False,False,False,False,False,False,False,False,False,False,False
L. cornutus,29,0.09,False,True,False,False,True,False,False,False,False,True,False,True,False,True
L. cornutus,30,0.09,False,True,False,False,False,False,False,False,False,False,False,False,False,False
L. cornutus,31,0.09,False,False,False,False,True,False,False,False,False,True,False,True,False,True
L. cornutus,32,0.09,False,False,False,False,False,False,False,False,False,False,False,False,False,False
L. cornutus,33,0.09,False,False,False,True,True,False,False,False,False,True,False,True,False,True
L. cornutus,34,0.09,False,False,False,False,True,False,False,False,False,True,False,True,False,True
L. cornutus,35,0.09,False,False,False,True,True,False,False,False,False,True,False,True,False,True
L. cornutus,36,0.09,False,False,False,False,False,False,False,False,False,False,False,False,False,False
L. cornutus,37,0.09,False,False,False,False,True,False,False,False,False,False,False,True,False,True
L. cornutus,38,0.09,False,True,False,False,True,False,False,False,False,True,False,True,False,True
L. cornutus,39,0.09,False,False,False,False,False,False,False,False,False,False,False,False,False,False
L. cornutus,40,0.09,False,False,False,False,False,False,False,False,False,False,False,False,False,False
L. cornutus,41,0.09,False,False,False,False,False,False,False,False,False,False,False,False,False,False
L. cornutus,42,0.09,False,False,False,True,True,False,False,False,False,False,False,False,False,False
L. cornutus,43,0.09,False,True,False,False,True,False,False,False,False,True,False,True,False,True
L. cornutus,44,0.09,False,False,False,False,False,False,False,False,False,False,False,False,False,False
L. cornutus,45,0.09,False,False,False,False,True,False,False,False,False,True,False,True,False,True
L. cornutus,46,0.09,False,False,False,False,True,False,False,False,False,True,False,True,False,True
L. cornutus,47,0.09,False,False,False,False,False,False,False,False,False,True,False,False,True,True
L. cornutus,48,0.09,False,False,False,False,False,False,False,False,False,False,False,False,False,False
L. cornutus,49,0.09,False,False,False,False,True,False,False,False,False,True,False,True,False,True
L. cornutus,50,0.09,False,False,False,False,False,False,False,False,False,False,False,False,False,False
L. cornutus,51,0.09,False,False,False,True,True,False,False,False,False,True,False,True,False,True
L. cornutus,52,0.09,False,False,False,True,True,False,False,False,False,False,False,False,False,False
L. cornutus,53,0.09,False,True,False,False,True,False,False,False,False,True,False,False,False,True
L. cornutus,54,0.09,False,False,False,False,True,False,False,False,False,True,False,True,False,True
L. cornutus,55,0.09,False,False,False,False,True,False,False,False,False,True,False,True,False,True
L. cornutus,56,0.09,False,True,False,True,True,False,False,False,False,False,False,False,False,False
L. cornutus,57,0.09,False,False,False,False,False,False,False,False,False,False,False,False,False,False
L. cornutus,58,0.09,False,False,False,False,True,False,False,False,False,True,False,True,False,True
L. cornutus,59,0.09,False,True,False,False,True,False,False,False,False,True,False,True,False,True
L. cornutus,60,0.09,False,False,False,False,True,False,False,False,False,True,False,True,False,True
L. cornutus,61,0.09,False,False,False,False,False,False,False,False,False,False,False,False,False,False
L. cornutus,62,0.09,False,True,False,False,False,False,False,False,False,False,False,False,False,False
L. cornutus,63,0.09,False,False,False,True,True,False,False,False,False,True,False,True,False,True
L. cornutus,64,0.09,False,False,False,False,False,False,False,False,False,False,False,False,False,False
L. cornutus,65,0.09,False,False,False,False,True,False,False,False,False,True,False,True,False,True
L. cornutus,66,0.09,False,False,False,False,True,False,False,True,False,True,False,True,False,True
L. cornutus,67,0.09,False,False,False,True,True,False,False,False,False,True,False,True,False,True
L. cornutus,68,0.09,False,False,False,False,False,False,False,True,False,False,False,False,False,True
L. cornutus,69,0.09,False,False,False,False,False,False,False,False,False,False,False,False,False,False
L. cornutus,70,0.09,False,False,False,False,False,False,False,False,False,False,False,False,False,False
L. cornutus,71,0.09,False,False,False,False,False,False,False,False,False,False,False,False,False,False
L. cornutus,72,0.09,False,False,False,False,False,False,False,False,False,False,True,False,False,False
L. cornutus,73,0.09,False,False,False,False,True,False,False,False,False,True,False,True,False,True
L. cornutus,74,0.09,False,False,False,False,True,False,False,False,False,True,False,True,False,True
L. cornutus,75,0.09,False,False,False,False,False,False,False,False,False,False,False,False,False,False
L. cornutus,76,0.09,False,False,False,False,True,False,False,False,False,True,False,True,False,True
L. cornutus,77,0.09,False,False,False,False,True,False,False,False,False,True,False,True,False,True
L. cornutus,78,0.09,False,False,False,False,True,False,False,False,False,False,False,False,False,True
L. cornutus,79,0.09,False,False,False,False,True,False,False,False,False,True,False,True,False,True
L. cornutus,80,0.09,False,False,False,False,False,False,False,False,False,False,False,False,False,False
L. cornutus,81,0.09,False,True,False,False,False,False,False,False,False,False,False,False,False,False
L. cornutus,82,0.09,False,False,False,False,False,False,False,False,False,False,False,False,False,False
L. cornutus,83,0.09,False,False,False,True,True,False,False,False,False,True,False,True,False,True
L. cornutus,84,0.09,False,False,False,True,True,False,False,False,False,True,False,True,False,True
L. cornutus,85,0.09,False,False,False,False,True,False,False,False,False,True,False,True,False,True
L. cornutus,86,0.09,False,True,False,True,True,False,False,False,False,False,False,False,False,True
L. cornutus,87,0.09,False,False,False,False,False,False,False,False,False,False,False,False,False,False
L. cornutus,88,0.09,False,False,False,False,False,False,False,False,False,False,False,False,False,True
L. cornutus,89,0.09,False,False,False,False,True,False,False,False,False,True,False,True,False,True
L. cornutus,90,0.09,False,False,False,False,True,False,False,False,False,True,False,True,False,True
L. cornutus,91,0.09,False,False,False,False,False,False,False,False,False,False,False,False,False,False
L. cornutus,92,0.09,False,False,False,False,False,False,False,False,False,False,False,False,False,False
L. cornutus,93,0.09,False,True,False,False,True,False,False,False,False,True,False,True,False,True
L. cornutus,94,0.09,False,False,False,False,False,False,False,False,False,False,False,False,False,False
L. cornutus,95,0.09,False,False,False,False,False,False,False,False,False,False,False,False,False,False
L. cornutus,96,0.09,False,False,False,False,True,False,False,False,False,True,False,True,False,True
L. cornutus,97,0.09,False,False,False,False,False,False,False,False,False,False,False,False,False,False
L. cornutus,98,0.09,False,False,False,True,True,False,False,True,False,True,False,True,False,True
L. cornutus,99,0.09,False,False,False,False,False,False,False,False,False,False,False,False,False,False
L. cornutus,100,0.09,False,False,False,False,False,False,False,False,False,False,False,False,False,False
L. cornutus,101,0.09,False,False,False,False,True,False,False,False,False,True,False,True,False,True
L. cornutus,102,0.09,False,False,False,False,True,False,False,True,False,True,False,True,False,True
L. cornutus,103,0.09,False,False,False,False,False,False,False,False,False,False,False,False,False,False
L. cornutus,104,0.09,False,False,False,False,True,False,False,False,False,True,False,True,False,True
L. cornutus,105,0.09,False,False,False,False,False,False,False,False,False,False,False,False,False,False
L. cornutus,106,0.09,False,False,False,True,True,False,False,False,False,False,False,True,False,True
L. cornutus,107,0.09,False,False,False,False,True,False,False,False,False,True,False,True,False,True
L. cornutus,108,0.09,False,False,False,False,True,False,False,False,False,True,False,True,False,True
L. cornutus,109,0.09,False,False,False,True,True,False,False,False,False,True,False,True,False,True
L. cornutus,110,0.09,False,False,False,True,True,False,False,False,False,True,False,True,False,True
L. cornutus,111,0.09,False,False,False,False,False,False,False,False,False,False,False,True,False,True
L. cornutus,112,0.09,False,False,False,False,False,False,False,False,False,False,False,False,False,False
L. cornutus,113,0.09,False,False,False,True,True,False,False,False,False,True,False,True,False,True
L. cornutus,114,0.09,False,False,False,False,False,False,False,False,False,False,False,False,False,False
L. cornutus,115,0.09,False,False,True,False,True,False,False,False,False,True,False,True,False,True
L. cornutus,116,0.09,False,True,False,False,False,False,False,False,False,False,False,False,False,False
L. cornutus,117,0.09,False,False,False,False,False,False,False,False,False,False,False,False,False,False
L. cornutus,118,0.09,False,False,False,False,False,False,False,False,False,False,False,False,False,False
L. cornutus,119,0.09,False,False,False,False,False,False,False,False,False,False,False,False,False,True
L. cornutus,120,0.09,False,False,False,True,True,False,False,False,False,True,False,True,False,True
L. cornutus,121,0.09,False,False,False,False,True,False,False,False,False,True,False,False,False,True
L. cornutus,122,0.09,False,False,False,True,True,False,False,False,False,True,False,True,False,True
L. cornutus,123,0.09,False,False,False,False,True,False,False,False,False,True,False,True,False,True
L. cornutus,124,0.09,False,False,False,False,True,False,False,False,False,True,False,True,False,True
L. cornutus,125,0.09,False,False,False,False,True,False,False,True,False,True,False,True,False,True
L. cornutus,126,0.09,False,True,False,False,True,False,False,False,False,True,False,True,False,True
L. cornutus,127,0.09,False,False,False,False,True,False,False,False,False,True,False,True,False,True
L. cornutus,128,0.09,False,False,False,False,False,False,False,False,False,False,False,False,False,False
L. cornutus,129,0.09,False,False,False,False,True,False,False,False,False,True,False,True,False,True
L. cornutus,130,0.09,False,False,False,False,True,False,False,False,False,True,False,False,False,True
L. cornutus,131,0.09,False,False,False,False,False,False,False,False,False,False,False,False,False,False
L. cornutus,132,0.09,False,False,False,True,True,False,False,False,False,True,False,True,False,True
L. cornutus,133,0.09,False,False,False,False,False,False,False,False,False,False,False,False,False,False
L. cornutus,134,0.09,False,False,False,False,False,False,False,False,False,False,False,False,False,False
L. cornutus,135,0.09,False,False,False,False,True,False,False,False,False,True,False,True,False,True
L. cornutus,136,0.09,False,False,False,False,False,False,False,False,False,False,False,False,False,False
L. cornutus,137,0.09,False,False,False,False,False,False,False,False,False,False,False,False,False,False
L. cornutus,138,0.09,False,False,False,False,False,False,False,False,False,False,False,False,True,False
L. cornutus,139,0.09,False,False,False,False,False,False,False,False,False,False,False,False,False,False
L. cornutus,140,0.09,False,False,False,False,False,False,False,False,False,False,False,False,False,False
L. cornutus,141,0.09,False,True,False,True,True,False,False,False,False,True,False,True,False,True
L. cornutus,142,0.09,False,True,False,False,False,False,False,False,False,False,False,False,False,False
L. cornutus,143,0.09,False,True,False,False,False,False,False,False,False,False,False,False,False,False
L. cornutus,144,0.09,False,False,False,False,False,False,False,False,False,False,False,False,False,False
L. cornutus,145,0.09,False,False,False,False,False,False,False,False,False,False,False,False,False,False
L. cornutus,146,0.09,False,False,False,False,False,False,False,False,False,False,False,False,False,False
L. cornutus,147,0.09,False,True,False,False,False,False,False,False,False,False,False,False,False,False
L. cornutus,148,0.09,False,False,False,False,False,False,False,False,False,False,False,False,False,False
L. cornutus,149,0.09,False,False,False,False,False,False,False,False,False,False,False,False,False,False
L. cornutus,150,0.09,False,False,False,False,False,False,False,False,False,False,False,False,False,False
L. cornutus,151,0.09,False,False,False,False,False,False,False,False,False,False,False,False,False,False
L. cornutus,152,0.09,False,False,False,True,True,False,False,False,False,True,False,True,False,True
L. cornutus,153,0.09,False,False,False,True,True,False,False,False,False,False,False,False,False,True
L. cornutus,154,0.09,False,False,False,False,False,False,False,False,False,False,False,False,False,False
L. cornutus,155,0.09,False,False,True,False,True,False,False,False,False,True,False,True,False,True
L. cornutus,156,0.09,False,False,False,False,False,False,False,False,False,False,False,False,False,False
L. cornutus,157,0.09,False,False,False,False,True,False,False,False,False,True,True,True,True,True
L. cornutus,158,0.09,False,False,False,True,True,False,False,False,False,True,False,True,False,True
L. cornutus,159,0.09,False,False,False,False,True,False,False,False,False,True,False,True,False,True
L. cornutus,160,0.09,False,False,False,True,True,False,False,False,False,True,False,True,False,True
L. cornutus,161,0.09,False,False,False,False,False,False,False,False,False,True,True,True,True,True
L. cornutus,162,0.09,False,False,False,False,True,False,False,False,False,True,False,True,False,True
L. cornutus,163,0.09,False,False,False,False,True,False,False,True,False,True,False,True,False,True
L. cornutus,164,0.09,False,True,False,False,True,False,False,False,False,True,False,True,False,True
L. cornutus,165,0.09,False,False,False,False,False,False,False,False,False,False,False,False,False,False
L. cornutus,166,0.09,False,False,False,False,True,False,False,True,False,True,False,True,False,True
L. cornutus,167,0.09,False,False,False,False,False,False,False,False,False,False,False,False,False,False
L. cornutus,168,0.09,False,False,False,True,True,False,False,False,False,True,False,True,False,True
L. cornutus,169,0.09,False,False,False,False,False,False,False,False,False,False,False,False,False,False
L. cornutus,170,0.09,False,False,False,False,True,False,False,False,False,True,False,True,False,True
L. cornutus,171,0.09,False,True,False,False,False,False,False,False,False,False,False,False,False,False
L. cornutus,172,0.09,False,False,False,True,True,False,False,False,False,False,False,False,False,False
L. cornutus,173,0.09,False,False,False,False,False,False,False,False,False,False,False,False,False,False
L. cornutus,174,0.09,False,False,False,True,True,False,False,False,False,True,False,True,False,True
L. cornutus,175,0.09,False,False,False,False,False,False,False,False,False,False,False,False,False,False
L. cornutus,176,0.09,False,False,False,False,True,False,False,False,False,True,False,True,False,True
L. cornutus,177,0.09,False,False,False,False,False,False,False,False,False,False,False,False,False,False
L. cornutus,178,0.09,False,False,False,False,False,False,False,False,False,False,False,False,False,False
L. cornutus,179,0.09,False,False,False,False,True,False,False,False,False,True,False,True,False,True
L. cornutus,180,0.09,False,True,False,True,True,False,False,False,False,True,False,True,False,True
L. cornutus,181,0.09,False,False,False,True,True,False,False,False,False,True,False,True,False,True
L. cornutus,182,0.09,False,False,False,False,False,False,False,False,False,False,False,False,False,False
L. cornutus,183,0.09,False,False,False,False,True,False,False,False,False,True,False,True,False,True
L. cornutus,184,0.09,False,True,False,False,False,False,False,False,False,False,False,False,False,False
L. cornutus,185,0.09,False,False,False,False,False,False,False,False,False,False,False,False,False,False
L. cornutus,186,0.09,False,False,False,False,True,False,False,False,False,True,False,True,False,True
L. cornutus,187,0.09,False,False,False,True,False,False,False,False,False,False,False,False,False,False
L. cornutus,188,0.09,False,True,False,False,True,False,False,False,False,True,False,True,False,True
L. cornutus,189,0.09,False,False,False,False,True,False,False,True,False,True,False,True,False,True
L. cornutus,190,0.09,False,False,False,True,True,False,False,True,False,True,False,True,False,True
L. cornutus,191,0.09,False,False,False,False,True,False,False,False,False,True,False,True,False,True
L. cornutus,192,0.09,False,True,False,False,False,False,False,False,False,False,False,False,False,False
L. cornutus,193,0.09,False,False,False,False,True,False,False,False,False,True,False,True,True,True
L. cornutus,194,0.09,False,False,False,False,False,False,False,False,False,False,False,False,False,False
L. cornutus,195,0.09,False,False,False,False,False,False,False,False,False,False,False,False,False,False
L. cornutus,196,0.09,False,True,False,False,False,False,False,False,False,False,False,False,False,False
L. cornutus,197,0.09,False,False,False,False,True,False,False,True,False,True,False,True,False,True
L. cornutus,198,0.09,False,False,False,False,True,False,False,False,False,False,False,False,False,True
L. cornutus,199,0.09,False,True,False,False,True,False,False,False,False,True,False,False,False,True
L. cornutus,200,0.09,False,False,False,False,True,False,False,True,False,True,True,True,True,True
L. cornutus,201,0.09,False,False,False,False,True,False,False,False,False,True,False,True,False,True
L. cornutus,202,0.09,False,True,False,True,True,False,False,False,False,True,False,True,False,True
L. cornutus,203,0.09,False,False,False,False,True,False,False,False,False,False,False,False,False,True
L. cornutus,204,0.09,False,False,False,True,True,False,False,True,False,True,False,True,False,True
L. cornutus,205,0.09,False,False,True,False,True,False,False,True,False,True,False,True,False,True
L. cornutus,206,0.09,False,False,False,False,True,False,False,False,False,True,False,True,False,True
L. cornutus,207,0.09,False,False,False,False,False,False,False,False,False,True,False,False,False,True
L. cornutus,208,0.09,False,False,False,False,True,False,False,False,False,True,False,False,False,True
L. cornutus,209,0.09,False,False,False,False,True,False,False,True,False,True,False,True,False,True
L. cornutus,210,0.09,False,False,False,False,False,False,False,False,False,False,False,False,False,False
L. cornutus,211,0.09,False,False,False,False,False,False,False,False,False,False,False,False,False,False
L. cornutus,212,0.09,False,False,False,True,True,False,False,False,False,True,False,True,False,True
L. cornutus,213,0.09,False,False,False,False,False,False,False,False,False,False,False,False,False,False
L. cornutus,214,0.09,False,False,False,False,False,False,False,False,False,False,False,False,False,False
L. cornutus,215,0.09,False,False,False,False,True,False,False,False,False,True,False,True,False,True
L. cornutus,216,0.09,False,False,False,False,False,False,False,False,False,False,False,False,False,False
L. cornutus,217,0.09,False,False,False,True,True,False,False,True,False,True,False,True,False,True
L. cornutus,218,0.09,False,False,False,False,False,False,False,False,False,False,False,False,False,True
L. cornutus,219,0.09,False,True,False,False,False,False,False,False,False,False,False,False,False,False
L. cornutus,220,0.09,False,False,False,True,True,False,False,True,False,True,False,True,False,True
L. cornutus,221,0.09,False,False,False,False,True,False,False,False,False,False,False,True,False,True
L. cornutus,222,0.09,False,False,False,False,False,False,False,False,False,False,True,False,True,False
L. cornutus,223,0.09,False,False,False,False,False,False,False,False,False,False,True,False,True,False
L. cornutus,224,0.09,False,False,False,False,False,False,False,False,False,False,True,False,False,False
L. cornutus,225,0.09,False,False,False,False,False,False,False,False,False,False,False,False,False,False
L. cornutus,226,0.09,False,False,False,False,False,False,False,False,False,False,False,False,False,False
L. cornutus,227,0.09,False,False,False,False,True,False,False,False,False,True,True,True,True,True
L. cornutus,228,0.09,False,False,False,False,False,False,False,False,False,False,False,False,False,False
L. cornutus,229,0.09,False,False,False,False,False,False,False,False,False,False,False,False,False,False
L. cornutus,230,0.09,False,False,False,False,True,False,False,False,False,True,False,True,False,True
L. cornutus,231,0.09,False,True,False,False,True,False,False,False,False,True,False,True,False,True
L. cornutus,232,0.09,False,False,False,True,True,False,False,False,False,True,False,True,False,True
L. cornutus,233,0.09,False,False,False,True,True,False,False,False,False,True,False,True,False,True
L. cornutus,234,0.09,False,True,False,False,True,False,False,False,False,True,False,True,False,True
L. cornutus,235,0.09,False,False,False,True,True,False,False,False,False,True,False,True,False,True
L. cornutus,236,0.09,False,False,False,False,False,False,False,False,False,False,False,False,False,False
L. cornutus,237,0.09,False,False,False,False,False,False,False,False,False,False,True,False,True,False
L. cornutus,238,0.09,False,False,False,False,True,False,False,False,False,True,False,True,False,True
L. cornutus,239,0.09,False,False,False,False,False,False,False,False,False,False,False,False,False,False
L. cornutus,240,0.09,False,True,False,False,True,False,False,False,False,True,False,False,False,True
L. cornutus,241,0.09,False,False,False,False,True,False,False,True,False,True,False,True,False,True
L. cornutus,242,0.09,False,False,False,True,False,False,False,False,False,False,False,False,False,False
L. cornutus,243,0.09,False,False,False,True,True,False,False,False,False,True,False,True,False,True
L. cornutus,244,0.09,False,False,False,False,True,False,False,True,False,True,False,True,False,True
L. cornutus,245,0.09,False,False,False,False,False,False,False,False,False,False,False,False,False,False
L. cornutus,246,0.09,False,False,False,True,True,False,False,False,False,False,False,True,False,True
L. cornutus,247,0.09,False,False,False,True,True,False,False,False,False,True,False,True,False,True
L. cornutus,248,0.09,False,False,False,True,True,False,False,False,False,True,False,True,False,True
L. cornutus,249,0.09,False,False,False,False,True,False,False,False,False,True,True,True,True,True
L. cornutus,250,0.09,False,False,False,False,True,False,False,False,False,False,False,True,False,True
L. cornutus,251,0.09,False,False,False,False,False,False,False,False,False,False,False,False,False,False
L. cornutus,252,0.09,False,False,False,True,True,False,False,False,False,True,False,True,False,True
L. cornutus,253,0.09,False,True,False,False,False,False,False,False,False,False,False,False,False,False
L. cornutus,254,0.09,False,False,False,False,False,False,False,False,False,False,False,False,False,False
L. cornutus,255,0.09,False,False,False,True,True,False,False,True,False,True,False,True,False,True
L. cornutus,256,0.09,False,False,False,False,True,False,False,False,False,True,False,True,False,True
L. cornutus,257,0.09,False,False,False,True,True,False,False,True,False,True,False,True,False,True
L. cornutus,258,0.09,False,False,False,False,True,False,False,False,False,True,False,True,False,True
L. cornutus,259,0.09,False,False,False,False,True,False,False,False,False,True,False,True,False,True
L. cornutus,260,0.09,False,False,False,True,True,False,False,False,False,False,False,True,False,True
L. cornutus,261,0.09,False,True,False,False,True,False,False,False,False,True,False,True,False,True
L. cornutus,262,0.09,False,False,False,False,True,False,False,True,False,True,False,True,False,True
L. cornutus,263,0.09,False,False,False,False,False,False,False,False,False,False,False,False,False,False
L. cornutus,264,0.09,False,True,False,False,True,False,False,False,False,True,False,True,False,True
L. cornutus,265,0.09,False,False,False,False,True,False,False,False,False,False,False,True,False,True
L. cornutus,266,0.09,False,False,False,False,True,False,False,False,False,True,False,True,False,True
L. cornutus,267,0.09,False,False,False,False,True,False,False,False,False,True,True,True,False,True
L. cornutus,268,0.09,False,False,False,False,True,False,False,False,False,True,False,True,False,True
L. cornutus,269,0.09,False,False,False,False,False,False,False,False,False,False,False,False,False,False
L. cornutus,270,0.09,False,False,False,False,False,False,False,False,False,False,False,False,False,False
L. cornutus,271,0.09,False,True,False,False,False,False,False,False,False,False,False,False,False,False
L. cornutus,272,0.09,False,False,True,True,True,False,False,False,False,True,False,True,False,True
L. cornutus,273,0.09,False,False,False,False,False,False,False,False,False,False,False,False,False,False
L. cornutus,274,0.09,False,True,False,False,True,False,False,False,False,True,False,False,False,True
L. cornutus,275,0.09,False,False,False,False,True,False,False,False,False,True,False,True,True,True
L. cornutus,276,0.09,False,False,False,False,False,False,False,False,False,False,False,False,False,False
L. cornutus,277,0.09,False,False,True,False,True,False,False,False,False,True,False,True,False,True
L. cornutus,278,0.09,False,True,False,False,False,False,False,False,False,False,True,False,True,True
L. cornutus,279,0.09,False,False,False,True,True,False,False,False,False,True,True,True,True,True
L. cornutus,280,0.09,False,False,False,False,True,False,False,False,False,True,False,True,False,True
L. cornutus,281,0.09,False,False,False,False,False,False,False,False,False,False,False,False,False,False
L. cornutus,282,0.09,False,False,False,False,False,False,False,False,False,False,True,False,True,False
L. cornutus,283,0.09,False,False,True,False,True,False,False,True,False,True,False,True,False,True
L. cornutus,284,0.09,False,True,False,False,True,False,False,False,False,True,False,True,False,True
L. cornutus,285,0.09,False,True,False,False,False,False,False,False,False,False,False,False,True,True
L. cornutus,286,0.09,False,False,False,True,True,False,False,True,False,True,False,True,False,True
L. cornutus,287,0.09,False,False,False,False,True,False,False,False,False,True,False,True,False,True
L. cornutus,288,0.09,False,False,False,False,False,False,False,False,False,False,False,False,False,False
L. cornutus,289,0.09,False,False,False,False,True,False,False,False,False,False,False,False,False,True
L. cornutus,290,0.09,False,False,False,False,False,False,False,False,False,False,False,False,False,False
L. cornutus,291,0.09,False,False,False,False,False,False,False,False,False,False,False,False,False,False
L. cornutus,292,0.09,False,False,False,False,True,False,False,False,False,True,False,True,False,True
L. cornutus,293,0.09,False,False,False,False,True,False,False,False,False,True,False,True,False,True
L. cornutus,294,0.09,False,False,False,False,True,False,False,False,False,True,False,True,False,True
L. cornutus,295,0.09,False,False,False,False,True,False,False,True,False,True,False,True,False,True
L. cornutus,296,0.09,False,False,False,False,True,False,False,False,False,True,False,True,False,True
L. cornutus,297,0.09,False,False,False,False,False,False,False,False,False,False,False,False,False,False
L. cornutus,298,0.09,False,False,False,False,False,False,False,False,False,False,False,False,False,False
L. cornutus,299,0.09,False,False,False,False,False,False,False,False,False,False,False,False,False,False
L. cornutus,300,0.09,False,False,False,False,True,False,False,False,False,True,False,False,False,True
L. cornutus,301,0.09,False,False,False,False,False,False,False,False,False,False,False,False,False,False
L. cornutus,302,0.09,False,False,False,False,False,False,False,False,False,False,True,False,True,False
L. cornutus,303,0.09,False,False,False,False,True,False,False,False,False,False,False,False,False,False
L. cornutus,304,0.09,False,False,False,False,True,False,False,True,False,True,False,True,False,True
L. cornutus,305,0.09,False,False,False,False,False,False,False,False,False,False,False,False,True,False
L. cornutus,306,0.09,False,False,False,False,True,False,False,False,False,True,False,True,False,True
L. cornutus,307,0.09,False,False,False,False,True,False,False,True,False,True,False,True,False,True
L. cornutus,308,0.09,False,False,False,False,False,False,False,False,False,False,False,False,False,False
L. cornutus,309,0.09,False,False,False,False,False,False,False,False,False,False,False,False,False,False
L. cornutus,310,0.09,False,False,False,False,False,False,False,False,False,False,False,False,False,False
L. cornutus,311,0.09,False,False,False,False,False,False,False,False,False,False,False,False,False,False
L. cornutus,312,0.09,False,False,False,False,True,False,False,False,False,True,False,True,False,True
L. cornutus,313,0.09,False,False,False,True,True,False,False,False,False,True,False,True,False,True
L. cornutus,314,0.09,False,False,False,True,True,False,False,False,False,True,False,True,False,True
L. cornutus,315,0.09,False,False,False,False,True,False,False,False,False,True,False,True,False,True
L. cornutus,316,0.09,False,False,False,False,False,False,False,False,False,False,False,False,False,False
L. cornutus,317,0.09,False,False,False,False,False,False,False,False,False,False,False,False,False,False
L. cornutus,318,0.09,False,False,False,True,True,False,False,False,False,True,False,True,False,True
L. cornutus,319,0.09,False,False,False,False,True,False,False,True,False,True,False,True,False,True
L. cornutus,320,0.09,False,False,False,False,True,False,False,False,False,True,False,True,False,True
L. cornutus,321,0.09,False,False,False,False,False,False,False,False,False,False,False,False,False,False
L. cornutus,322,0.09,False,False,False,False,False,False,False,False,False,False,False,False,False,False
L. cornutus,323,0.09,False,False,False,False,False,False,False,False,False,False,False,False,False,False
L. cornutus,324,0.09,False,False,False,False,True,False,False,False,False,True,True,True,False,True
L. cornutus,325,0.09,False,False,False,False,False,False,False,False,False,False,False,False,False,False
L. cornutus,326,0.09,False,False,False,False,False,False,False,False,False,False,False,False,False,False
L. cornutus,327,0.09,False,False,False,False,False,False,False,False,False,False,False,False,False,False
L. cornutus,328,0.09,False,False,False,False,True,False,False,False,False,True,False,True,False,True
L. cornutus,329,0.09,False,False,False,False,False,False,False,False,False,False,False,False,False,False
L. cornutus,330,0.09,False,False,False,False,False,False,False,False,False,False,False,False,False,False
L. cornutus,331,0.09,False,True,False,False,False,False,False,False,False,False,False,False,True,False
L. cornutus,332,0.09,False,True,False,False,False,False,False,False,False,False,False,False,False,False
L. cornutus,333,0.09,False,False,False,False,False,False,False,False,False,False,True,True,True,True
L. cornutus,334,0.09,False,False,False,False,False,False,False,False,False,False,False,False,False,False
L. cornutus,335,0.09,False,False,False,False,False,False,False,False,False,False,False,False,False,False
L. cornutus,336,0.09,False,False,False,False,False,False,False,False,False,False,False,False,False,False
L. cornutus,337,0.09,False,False,False,False,True,False,False,False,False,True,False,True,False,True
L. cornutus,338,0.09,False,False,False,False,False,False,False,False,False,False,False,False,False,False
L. cornutus,339,0.09,False,False,False,True,True,False,False,False,False,True,False,True,False,True
L. cornutus,340,0.09,False,False,False,False,False,False,False,False,False,False,False,False,False,False
L. cornutus,341,0.09,False,False,False,True,True,False,False,False,False,True,False,True,False,True
L. cornutus,342,0.09,False,False,False,True,True,False,False,False,False,True,False,True,False,True
L. cornutus,343,0.09,False,False,False,False,False,False,False,False,False,False,False,False,False,False
L. cornutus,344,0.09,False,False,False,False,False,False,False,False,False,False,False,False,False,False
L. cornutus,345,0.09,False,False,False,True,False,False,False,False,False,True,False,False,False,True
L. cornutus,346,0.09,False,False,False,True,True,False,False,False,False,True,False,True,True,True
L. cornutus,347,0.09,False,False,False,False,False,False,False,False,False,False,False,False,False,False
L. cornutus,348,0.09,False,False,False,False,False,False,False,False,False,False,False,False,False,False
L. cornutus,349,0.09,False,False,False,False,True,False,False,False,False,True,False,True,False,True
L. cornutus,350,0.09,False,False,False,False,True,False,False,False,False,True,False,True,True,True
L. cornutus,351,0.09,False,False,False,False,True,False,False,False,False,True,False,True,False,True
L. cornutus,352,0.09,False,False,False,False,False,False,False,False,False,False,False,False,False,False
L. cornutus,353,0.09,False,False,False,False,True,False,False,False,False,True,False,True,False,True
L. cornutus,354,0.09,False,False,False,False,True,False,False,False,False,True,False,True,False,True
L. cornutus,355,0.09,False,False,False,True,True,False,False,False,False,True,False,True,False,True
L. cornutus,356,0.09,False,False,False,False,False,False,False,False,False,False,False,False,False,False
L. cornutus,357,0.09,False,False,False,True,False,False,False,False,False,False,False,False,False,False
L. cornutus,358,0.09,False,False,False,True,True,False,False,True,False,True,False,True,False,True
L. cornutus,359,0.09,False,False,False,False,False,False,False,False,False,False,False,False,False,False
L. cornutus,360,0.09,False,False,False,False,False,False,False,False,False,False,False,False,True,False
L. cornutus,361,0.09,False,False,False,False,True,False,False,False,False,True,False,True,False,True
L. cornutus,362,0.09,False,False,False,False,True,False,False,False,False,True,False,True,False,True
L. cornutus,363,0.09,False,False,False,False,False,False,False,False,False,False,False,False,False,False
L. cornutus,364,0.09,False,False,False,False,False,False,False,False,False,False,False,False,False,False
L. cornutus,365,0.09,False,False,False,False,True,False,False,False,False,True,False,True,False,True
L. cornutus,366,0.09,False,False,False,False,True,False,False,False,False,True,False,True,False,True
L. cornutus,367,0.09,False,False,False,True,True,False,False,False,False,True,False,True,False,True
L. cornutus,368,0.09,False,False,False,False,False,False,False,False,False,False,False,False,False,False
L. cornutus,369,0.09,False,False,False,False,True,False,False,True,False,True,False,True,False,True
L. cornutus,370,0.09,False,False,False,False,True,False,False,True,False,True,False,True,False,True
L. cornutus,371,0.09,False,False,False,False,False,False,False,False,False,False,False,False,False,False
L. cornutus,372,0.09,False,False,False,False,True,False,False,False,False,True,False,True,False,True
L. cornutus,373,0.09,False,False,False,False,False,False,False,False,False,False,False,False,False,False
L. cornutus,374,0.09,False,True,False,False,True,False,False,False,False,True,False,True,False,True
L. cornutus,375,0.09,False,False,False,False,True,False,False,False,False,True,False,True,False,True
L. cornutus,376,0.09,False,False,False,False,False,False,False,False,False,False,False,False,False,False
L. cornutus,377,0.09,False,False,False,False,True,False,False,False,False,False,False,True,True,True
L. cornutus,378,0.09,False,False,False,False,True,False,False,False,False,True,False,True,False,True
L. cornutus,379,0.09,False,False,False,False,False,False,False,False,False,False,False,False,False,False
L. cornutus,380,0.09,False,False,False,False,True,False,False,False,False,True,False,True,False,True
L. cornutus,381,0.09,False,False,False,False,False,False,False,False,False,False,False,False,False,False
L. cornutus,382,0.09,False,True,True,False,True,False,False,False,False,False,False,True,True,True
L. cornutus,383,0.09,False,False,False,False,True,False,False,False,False,True,False,True,False,True
L. cornutus,384,0.09,False,False,False,False,False,False,False,False,False,False,False,False,False,False
L. cornutus,385,0.09,False,False,False,True,False,False,False,False,False,False,False,False,False,True
L. cornutus,386,0.09,False,False,False,False,False,False,False,False,False,False,False,False,False,False
L. cornutus,387,0.09,False,False,False,False,True,False,False,False,False,True,True,True,False,True
L. cornutus,388,0.09,False,False,False,False,True,False,False,False,False,True,False,False,False,True
L. cornutus,389,0.09,False,False,False,False,False,False,False,False,False,False,False,False,False,False
L. cornutus,390,0.09,False,False,False,False,False,False,False,False,False,False,False,False,False,False
L. cornutus,391,0.09,False,False,False,False,True,False,False,False,False,True,False,True,False,True
L. cornutus,392,0.09,False,False,False,False,True,False,False,False,False,True,False,True,False,True
L. cornutus,393,0.09,False,False,False,False,False,False,False,False,False,False,False,False,False,False
L. cornutus,394,0.09,False,False,False,False,False,False,False,False,False,False,False,False,False,False
L. cornutus,395,0.09,False,False,False,False,False,False,False,False,False,False,False,False,False,False
L. cornutus,396,0.09,False,False,False,False,True,False,False,False,False,True,False,True,False,True
L. cornutus,397,0.09,False,False,False,False,False,False,False,False,False,False,False,False,False,False
L. cornutus,398,0.09,False,False,False,False,True,False,False,False,False,True,False,True,False,True
L. cornutus,399,0.09,False,True,False,False,False,False,False,False,False,False,False,False,False,False
L. cornutus,400,0.09,False,False,False,True,True,False,False,False,False,True,False,True,False,True
L. cornutus,401,0.09,False,False,False,False,True,False,False,False,False,False,False,False,False,True
L. cornutus,402,0.09,False,False,False,True,True,False,False,False,False,False,False,False,False,True
L. cornutus,403,0.09,False,False,False,True,True,False,False,False,False,True,False,True,False,True
L. cornutus,404,0.09,False,False,False,False,False,False,False,False,False,False,False,False,False,False
L. cornutus,405,0.09,False,False,False,False,False,False,False,False,False,False,False,False,False,False
L. cornutus,406,0.09,False,False,False,True,True,False,False,False,False,True,False,True,False,True
L. cornutus,407,0.09,False,False,False,False,True,False,False,False,False,True,False,True,False,True
L. cornutus,408,0.09,False,False,False,False,False,False,False,False,False,False,False,False,False,False
L. cornutus,409,0.09,False,False,False,False,True,False,False,False,False,False,False,False,False,False
L. cornutus,410,0.09,False,True,False,False,True,False,False,False,False,True,False,True,False,True
L. cornutus,411,0.09,False,False,False,False,True,False,False,False,False,True,False,True,False,True
L. cornutus,412,0.09,False,False,False,False,False,False,False,False,False,False,False,False,False,False
L. cornutus,413,0.09,False,False,False,False,False,False,False,False,False,False,False,False,False,False
L. cornutus,414,0.09,False,True,False,False,True,False,False,False,False,True,False,True,False,True
L. cornutus,415,0.09,False,False,False,False,True,False,False,False,False,True,True,True,False,True
L. cornutus,416,0.09,False,False,False,False,True,False,False,False,False,True,False,True,False,True
L. cornutus,417,0.09,False,False,False,False,True,False,False,False,False,True,False,True,False,True
L. cornutus,418,0.09,False,False,False,False,True,False,False,False,False,True,False,True,False,True
L. cornutus,419,0.09,False,False,False,False,False,False,False,False,False,False,False,False,False,False
L. cornutus,420,0.09,False,False,False,True,False,False,False,False,False,False,False,False,False,False
L. cornutus,421,0.09,False,False,False,False,False,False,False,False,False,False,False,False,False,False
L. cornutus,422,0.09,False,False,False,False,False,False,False,False,False,False,False,False,False,False
L. cornutus,423,0.09,False,False,False,False,False,False,False,False,False,False,False,False,False,False
L. cornutus,424,0.09,False,False,False,False,True,False,False,False,False,True,False,True,False,True
L. cornutus,425,0.09,False,False,False,True,True,False,False,False,False,True,False,True,False,True
L. cornutus,426,0.09,False,False,False,True,True,False,False,False,False,True,False,True,False,True
L. cornutus,427,0.09,False,False,False,False,True,False,False,False,False,True,False,True,False,True
L. cornutus,428,0.09,False,False,False,False,False,False,False,False,False,False,False,False,False,False
L. cornutus,429,0.09,False,False,False,False,True,False,False,False,False,True,False,True,False,True
L. cornutus,430,0.09,False,False,False,False,False,False,False,False,False,False,False,False,False,False
L. cornutus,431,0.09,False,True,False,False,False,False,False,False,False,False,False,False,False,False
L. cornutus,432,0.09,False,True,False,False,False,False,False,False,False,False,False,False,False,False
L. cornutus,433,0.09,False,False,False,True,True,False,False,False,False,False,False,False,False,True
L. cornutus,434,0.09,False,False,False,False,True,False,False,False,False,True,False,True,False,True
L. cornutus,435,0.09,False,False,False,False,True,False,False,False,False,True,False,True,False,True
L. cornutus,436,0.09,False,False,False,False,True,False,False,False,False,True,True,True,True,True
L. cornutus,437,0.09,False,False,False,False,True,False,False,True,False,True,False,True,False,True
L. cornutus,438,0.09,False,False,False,False,False,False,False,False,False,False,False,False,False,False
L. cornutus,439,0.09,False,False,False,False,False,False,False,False,False,False,False,False,False,False
L. cornutus,440,0.09,False,False,False,False,False,False,False,False,False,False,False,False,False,False
L. cornutus,441,0.09,False,False,False,False,True,False,False,False,False,True,False,False,False,True
L. cornutus,442,0.09,False,False,False,False,False,False,False,False,False,False,False,False,False,False
L. cornutus,443,0.09,False,False,False,False,False,False,False,False,False,False,False,False,False,False
L. cornutus,444,0.09,False,False,False,False,True,False,False,False,False,True,False,True,False,True
L. cornutus,445,0.09,False,False,False,False,True,False,False,False,False,True,False,True,False,True
L. cornutus,446,0.09,False,False,False,False,True,False,False,False,False,True,False,True,False,True
L. cornutus,447,0.09,False,False,False,False,True,False,False,True,False,True,False,True,False,True
L. cornutus,448,0.09,False,False,False,True,True,False,False,False,False,True,False,True,False,True
L. cornutus,449,0.09,False,False,False,False,True,False,False,False,False,True,False,True,False,True
L. cornutus,450,0.09,False,False,True,True,True,False,False,False,False,True,False,True,False,True
L. cornutus,451,0.09,False,False,False,False,False,False,False,False,False,False,False,False,False,False
L. cornutus,452,0.09,False,False,False,False,True,False,False,True,False,True,False,True,False,True
L. cornutus,453,0.09,False,False,False,False,True,False,False,True,False,True,False,True,False,True
L. cornutus,454,0.09,False,True,True,False,False,False,False,False,False,True,True,True,True,True
L. cornutus,455,0.09,False,False,False,False,False,False,False,False,False,False,False,False,False,False
L. cornutus,456,0.09,False,False,False,True,True,False,False,False,False,True,False,True,False,True
L. cornutus,457,0.09,False,False,False,False,False,False,False,False,False,False,False,False,False,False
L. cornutus,458,0.09,False,False,False,False,True,False,False,True,False,True,False,True,False,True
L. cornutus,459,0.09,False,False,False,True,False,False,False,False,False,True,False,True,False,True
L. cornutus,460,0.09,False,False,False,False,False,False,False,False,False,False,False,False,False,False
L. cornutus,461,0.09,False,False,False,False,True,False,False,False,False,True,False,True,False,True
L. cornutus,462,0.09,False,False,False,True,True,False,False,True,False,True,False,True,False,True
L. cornutus,463,0.09,False,False,False,False,False,False,False,False,False,False,False,False,False,False
L. cornutus,464,0.09,False,False,False,False,False,False,False,False,False,False,False,False,False,True
L. cornutus,465,0.09,False,False,False,False,False,False,False,False,False,False,False,False,False,False
L. cornutus,466,0.09,False,False,False,False,False,False,False,False,False,False,False,False,False,False
L. cornutus,467,0.09,False,False,False,False,False,False,False,False,False,False,False,False,False,False
L. cornutus,468,0.09,False,False,False,False,True,False,False,False,False,True,True,True,True,True
L. cornutus,469,0.09,False,True,False,False,True,False,False,False,False,True,False,True,False,True
L. cornutus,470,0.09,False,False,False,False,True,False,False,False,False,True,False,True,False,True
L. cornutus,471,0.09,False,False,False,False,True,False,False,False,False,True,False,True,False,True
L. cornutus,472,0.09,False,False,False,False,False,False,False,False,False,False,False,False,False,False
L. cornutus,473,0.09,False,False,False,False,True,False,False,True,False,True,False,True,False,True
L. cornutus,474,0.09,False,True,True,False,False,False,False,False,False,True,True,True,True,True
L. cornutus,475,0.09,False,True,False,False,False,False,False,False,False,False,False,False,False,False
L. cornutus,476,0.09,False,False,False,False,False,False,False,False,False,False,False,False,False,False
L. cornutus,477,0.09,False,False,False,False,False,False,False,False,False,False,False,False,False,False
L. cornutus,478,0.09,False,False,False,False,False,False,False,False,False,False,False,False,False,False
L. cornutus,479,0.09,False,True,False,False,False,False,False,False,False,False,False,False,False,False
L. cornutus,480,0.09,False,False,False,False,True,False,False,False,False,True,False,True,False,True
L. cornutus,481,0.09,False,False,False,False,False,False,False,False,False,False,False,False,False,False
L. cornutus,482,0.09,False,False,False,True,True,False,False,False,False,True,False,True,False,True
L. cornutus,483,0.09,False,False,False,False,False,False,False,False,False,False,False,False,False,False
L. cornutus,484,0.09,False,False,False,False,True,False,False,False,False,True,False,True,False,True
L. cornutus,485,0.09,False,False,False,True,True,False,False,False,False,True,False,True,False,True
L. cornutus,486,0.09,False,False,False,False,True,False,False,False,False,True,False,True,False,True
L. cornutus,487,0.09,False,False,False,True,True,False,False,True,False,True,False,True,False,True
L. cornutus,488,0.09,False,False,False,False,True,False,False,False,False,False,False,True,False,True
L. cornutus,489,0.09,False,False,False,False,False,False,False,False,False,False,False,False,False,False
L. cornutus,490,0.09,False,True,False,True,False,False,False,False,False,False,False,False,False,False
L. cornutus,491,0.09,False,False,False,False,True,False,False,False,False,True,False,True,False,True
L. cornutus,492,0.09,False,False,False,True,True,False,False,True,False,True,False,True,False,True
L. cornutus,493,0.09,False,False,False,False,True,False,False,False,False,True,False,True,False,True
L. cornutus,494,0.09,False,False,False,False,True,False,False,False,False,True,False,True,False,True
L. cornutus,495,0.09,False,False,False,False,True,False,False,True,False,True,False,True,False,True
L. cornutus,496,0.09,False,False,False,False,False,False,False,False,False,False,False,False,False,False
L. cornutus,497,0.09,False,True,False,False,True,False,False,False,False,True,False,True,False,True
L. cornutus,498,0.09,False,False,False,False,True,False,False,False,False,True,False,True,False,True
L. cornutus,499,0.09,False,False,False,False,False,False,False,False,False,False,False,False,False,False
A. pennsylvanica,0,0.06,False,False,False,False,False,False,False,False,False,True,False,True,True,True
A. pennsylvanica,1,0.06,False,False,False,False,False,False,False,False,False,False,False,False,True,True
A. pennsylvanica,2,0.06,False,False,False,False,False,False,False,True,False,False,False,True,True,True
A. pennsylvanica,3,0.06,False,False,False,False,False,False,False,False,False,False,False,False,True,True
A. pennsylvanica,4,0.06,False,False,False,False,False,False,False,True,False,True,False,True,True,True
A. pennsylvanica,5,0.06,False,False,False,False,False,False,False,False,False,False,False,False,True,True
A. pennsylvanica,6,0.06,False,False,False,False,False,False,False,True,False,True,False,True,True,True
A. pennsylvanica,7,0.06,False,False,False,False,False,False,False,True,False,True,False,True,True,True
A. pennsylvanica,8,0.06,False,False,False,False,False,False,False,True,False,True,False,True,True,True
A. pennsylvanica,9,0.06,False,False,False,False,False,False,False,True,False,False,False,True,True,True
A. pennsylvanica,10,0.06,False,False,False,False,False,False,False,False,False,False,False,False,True,True
A. pennsylvanica,11,0.06,False,False,False,False,False,False,False,True,False,True,False,True,True,True
A. pennsylvanica,12,0.06,False,False,False,False,False,False,False,True,False,True,False,True,True,True
A. pennsylvanica,13,0.06,False,False,False,False,False,False,False,True,False,False,False,True,True,True
A. pennsylvanica,14,0.06,False,False,False,False,False,False,False,False,False,False,False,False,True,True
A. pennsylvanica,15,0.06,False,False,False,False,False,False,False,True,False,False,False,True,True,True
A. pennsylvanica,16,0.06,False,False,False,False,False,True,False,True,False,False,False,True,True,True
A. pennsylvanica,17,0.06,False,False,False,False,False,False,False,True,False,True,False,True,True,True
A. pennsylvanica,18,0.06,False,False,False,False,False,False,False,False,False,True,False,True,True,True
A. pennsylvanica,19,0.06,False,False,False,False,False,False,False,False,False,True,False,True,True,True
A. pennsylvanica,20,0.06,False,False,False,False,False,False,False,False,False,False,False,True,True,True
A. pennsylvanica,21,0.06,False,False,False,False,False,False,False,True,False,False,False,True,True,True
A. pennsylvanica,22,0.06,False,False,False,False,False,False,False,True,False,True,False,True,True,True
A. pennsylvanica,23,0.06,False,False,False,False,False,False,False,False,False,False,False,True,True,True
A. pennsylvanica,24,0.06,False,False,False,False,False,False,False,False,False,True,False,True,True,True
A. pennsylvanica,25,0.06,False,False,False,False,False,False,False,False,False,False,False,False,True,True
A. pennsylvanica,26,0.06,False,False,False,False,False,False,False,False,False,False,False,False,True,True
A. pennsylvanica,27,0.06,False,False,False,False,False,False,False,False,False,False,False,False,True,True
A. pennsylvanica,28,0.06,False,False,False,False,False,False,False,True,False,True,False,True,True,True
A. pennsylvanica,29,0.06,False,False,False,False,False,False,False,False,False,True,False,True,True,True
A. pennsylvanica,30,0.06,False,False,False,False,False,False,False,False,False,False,False,False,True,True
A. pennsylvanica,31,0.06,False,False,False,False,False,False,False,False,False,False,False,True,True,True
A. pennsylvanica,32,0.06,False,False,False,False,False,False,False,True,False,True,False,True,True,True
A. pennsylvanica,33,0.06,False,False,False,False,False,False,False,False,False,False,False,False,True,True
A. pennsylvanica,34,0.06,False,True,False,False,False,False,False,True,False,False,False,True,True,True
A. pennsylvanica,35,0.06,False,False,False,False,False,False,False,False,False,False,False,False,True,True
A. pennsylvanica,36,0.06,False,False,False,False,False,False,False,True,False,True,False,True,True,True
A. pennsylvanica,37,0.06,False,True,False,False,False,False,False,True,False,False,False,True,True,True
A. pennsylvanica,38,0.06,False,False,False,False,False,False,False,False,False,False,False,False,True,True
A. pennsylvanica,39,0.06,False,False,False,False,False,False,False,False,False,True,False,True,True,True
A. pennsylvanica,40,0.06,False,False,False,False,False,False,False,True,False,True,False,True,True,True
A. pennsylvanica,41,0.06,False,False,False,False,False,False,False,True,False,True,False,True,True,True
A. pennsylvanica,42,0.06,False,False,False,False,False,False,False,True,False,True,False,True,True,True
A. pennsylvanica,43,0.06,False,False,False,False,False,True,False,True,False,True,False,True,True,True
A. pennsylvanica,44,0.06,False,False,False,False,False,False,False,True,False,True,False,True,True,True
A. pennsylvanica,45,0.06,False,False,False,False,False,False,False,False,False,False,False,False,True,True
A. pennsylvanica,46,0.06,False,False,False,False,False,False,False,False,False,False,False,True,True,True
A. pennsylvanica,47,0.06,False,False,False,False,False,True,False,True,False,True,False,True,True,True
A. pennsylvanica,48,0.06,False,False,False,False,False,False,False,True,False,True,False,True,True,True
A. pennsylvanica,49,0.06,False,False,False,False,False,False,False,False,False,False,False,False,True,True
A. pennsylvanica,50,0.06,False,False,False,False,False,False,False,True,False,True,False,True,True,True
A. pennsylvanica,51,0.06,False,False,False,False,False,False,False,False,False,False,False,False,True,True
A. pennsylvanica,52,0.06,False,False,False,False,False,False,False,True,False,True,False,True,True,True
A. pennsylvanica,53,0.06,False,False,False,False,False,False,False,False,False,True,False,True,True,True
A. pennsylvanica,54,0.06,False,False,False,False,False,False,False,False,False,False,False,False,True,True
A. pennsylvanica,55,0.06,False,False,False,False,False,False,False,False,False,False,False,False,True,True
A. pennsylvanica,56,0.06,False,False,False,False,False,False,False,True,False,False,False,True,True,True
A. pennsylvanica,57,0.06,False,False,False,False,False,False,False,True,False,True,False,True,True,True
A. pennsylvanica,58,0.06,False,False,False,False,False,False,False,False,False,False,False,False,True,True
A. pennsylvanica,59,0.06,False,False,False,False,False,False,False,True,False,False,False,True,True,True
A. pennsylvanica,60,0.06,False,False,False,False,False,True,False,True,False,True,False,True,True,True
A. pennsylvanica,61,0.06,False,False,False,False,False,False,False,True,False,False,False,True,True,True
A. pennsylvanica,62,0.06,False,False,False,False,False,False,False,True,False,True,False,True,True,True
A. pennsylvanica,63,0.06,False,False,False,False,False,False,False,False,False,False,False,True,True,True
A. pennsylvanica,64,0.06,False,False,False,False,False,False,False,True,False,False,False,True,True,True
A. pennsylvanica,65,0.06,False,False,False,False,False,False,False,False,False,False,False,False,True,True
A. pennsylvanica,66,0.06,False,False,False,False,False,False,False,False,False,False,False,False,True,True
A. pennsylvanica,67,0.06,False,False,False,False,False,False,False,False,False,False,False,False,True,True
A. pennsylvanica,68,0.06,False,False,False,False,False,False,False,True,False,True,False,True,True,True
A. pennsylvanica,69,0.06,False,False,False,False,False,False,False,False,False,False,False,False,True,True
A. pennsylvanica,70,0.06,False,False,False,False,False,False,False,True,False,False,False,True,True,True
A. pennsylvanica,71,0.06,False,False,False,False,False,False,False,False,False,True,False,True,True,True
A. pennsylvanica,72,0.06,False,False,False,False,False,False,False,False,False,False,False,False,True,True
A. pennsylvanica,73,0.06,False,False,False,False,False,False,False,False,False,False,False,False,True,True
A. pennsylvanica,74,0.06,False,False,False,False,False,True,False,True,False,True,False,True,True,True
A. pennsylvanica,75,0.06,False,False,False,False,False,False,False,True,False,True,False,True,True,True
A. pennsylvanica,76,0.06,False,False,False,False,False,False,False,False,False,True,False,True,True,True
A. pennsylvanica,77,0.06,False,False,False,True,False,False,False,True,False,True,False,True,True,True
A. pennsylvanica,78,0.06,False,False,False,False,False,False,False,False,False,True,False,True,True,True
A. pennsylvanica,79,0.06,False,False,False,False,True,True,False,True,False,False,False,True,True,True
A. pennsylvanica,80,0.06,False,False,False,False,False,False,False,True,False,True,False,True,True,True
A. pennsylvanica,81,0.06,False,False,False,False,False,False,False,False,False,False,False,False,True,True
A. pennsylvanica,82,0.06,False,False,False,False,False,False,False,True,False,False,False,True,True,True
A. pennsylvanica,83,0.06,False,False,False,False,False,False,False,False,False,False,False,False,True,True
A. pennsylvanica,84,0.06,False,False,False,False,False,False,False,False,False,False,False,False,True,True
A. pennsylvanica,85,0.06,False,False,False,False,False,False,False,False,False,False,False,False,True,True
A. pennsylvanica,86,0.06,False,False,False,False,False,False,False,True,False,True,False,True,True,True
A. pennsylvanica,87,0.06,False,False,False,False,False,False,False,True,False,False,False,True,True,True
A. pennsylvanica,88,0.06,False,True,False,False,False,False,False,True,False,True,False,True,True,True
A. pennsylvanica,89,0.06,False,False,False,False,False,False,False,True,False,True,False,True,True,True
A. pennsylvanica,90,0.06,False,False,False,False,False,True,False,False,False,True,False,True,True,True
A. pennsylvanica,91,0.06,False,False,False,False,False,False,False,False,False,False,False,False,True,True
A. pennsylvanica,92,0.06,False,False,False,False,False,False,False,True,False,False,False,True,True,True
A. pennsylvanica,93,0.06,False,False,False,False,False,False,False,False,False,True,False,True,True,True
A. pennsylvanica,94,0.06,False,False,False,False,False,False,False,True,False,False,False,True,True,True
A. pennsylvanica,95,0.06,False,False,False,False,False,False,False,False,False,False,False,False,True,True
A. pennsylvanica,96,0.06,False,False,False,False,False,False,False,False,False,False,False,False,True,True
A. pennsylvanica,97,0.06,False,False,False,False,False,False,False,True,False,False,False,True,True,True
A. pennsylvanica,98,0.06,False,False,False,False,False,False,False,False,False,False,False,True,True,True
A. pennsylvanica,99,0.06,False,False,False,False,False,False,False,True,False,True,False,True,True,True
A. pennsylvanica,100,0.06,False,False,False,False,False,False,False,True,False,True,False,True,True,True
A. pennsylvanica,101,0.06,False,True,False,False,False,False,False,True,False,False,False,True,True,True
A. pennsylvanica,102,0.06,False,False,False,False,False,False,False,True,False,True,False,True,True,True
A. pennsylvanica,103,0.06,False,False,False,False,False,False,False,True,False,True,False,True,True,True
A. pennsylvanica,104,0.06,False,False,False,False,False,False,False,True,False,False,False,True,True,True
A. pennsylvanica,105,0.06,False,False,False,False,False,False,False,True,False,True,False,True,True,True
A. pennsylvanica,106,0.06,False,False,False,False,False,False,False,True,False,True,False,True,True,True
A. pennsylvanica,107,0.06,False,False,False,False,False,False,False,False,False,False,False,False,True,True
A. pennsylvanica,108,0.06,False,False,False,False,False,True,False,True,False,True,False,True,True,True
A. pennsylvanica,109,0.06,False,False,False,False,False,False,False,False,False,True,False,True,True,True
A. pennsylvanica,110,0.06,False,False,False,False,False,False,False,True,False,True,False,True,True,True
A. pennsylvanica,111,0.06,False,True,False,False,False,False,False,True,False,False,False,True,True,True
A. pennsylvanica,112,0.06,False,False,False,False,False,False,False,True,False,False,False,True,True,True
A. pennsylvanica,113,0.06,False,False,False,False,True,True,False,True,False,True,False,True,True,True
A. pennsylvanica,114,0.06,False,False,False,False,False,True,False,True,False,True,False,True,True,True
A. pennsylvanica,115,0.06,False,False,False,False,False,False,False,True,False,True,False,True,True,True
A. pennsylvanica,116,0.06,False,False,False,False,False,False,False,True,False,True,False,True,True,True
A. pennsylvanica,117,0.06,False,False,False,False,False,False,False,False,False,False,False,False,True,True
A. pennsylvanica,118,0.06,False,False,False,False,False,False,False,True,False,False,False,True,True,True
A. pennsylvanica,119,0.06,False,False,False,False,False,False,False,True,False,False,False,True,True,True
A. pennsylvanica,120,0.06,False,False,True,True,False,True,False,True,False,False,False,True,True,True
A. pennsylvanica,121,0.06,False,False,False,False,False,False,False,True,False,True,False,True,True,True
A. pennsylvanica,122,0.06,False,False,False,False,False,False,False,False,False,True,False,True,True,True
A. pennsylvanica,123,0.06,False,False,False,False,False,False,False,False,False,False,False,False,True,True
A. pennsylvanica,124,0.06,False,False,False,False,False,False,False,True,False,False,False,True,True,True
A. pennsylvanica,125,0.06,False,False,False,False,False,True,False,True,False,True,False,True,True,True
A. pennsylvanica,126,0.06,False,False,False,False,False,False,False,False,False,False,False,True,True,True
A. pennsylvanica,127,0.06,False,False,False,False,False,False,False,False,False,False,False,False,True,True
A. pennsylvanica,128,0.06,False,False,False,False,False,False,False,True,False,True,False,True,True,True
A. pennsylvanica,129,0.06,False,False,False,False,False,False,False,False,False,False,False,True,True,True
A. pennsylvanica,130,0.06,False,False,False,False,False,False,False,True,False,True,False,True,True,True
A. pennsylvanica,131,0.06,False,False,False,False,False,True,False,True,False,True,False,True,True,True
A. pennsylvanica,132,0.06,False,False,False,False,False,False,False,False,False,False,False,False,True,True
A. pennsylvanica,133,0.06,False,False,False,False,False,False,False,True,False,True,False,True,True,True
A. pennsylvanica,134,0.06,False,False,False,False,False,False,False,False,False,True,False,True,True,True
A. pennsylvanica,135,0.06,False,False,False,False,False,False,False,False,False,False,False,True,True,True
A. pennsylvanica,136,0.06,False,False,False,False,False,False,False,False,False,False,False,False,True,True
A. pennsylvanica,137,0.06,False,False,False,False,False,False,False,False,False,False,False,True,True,True
A. pennsylvanica,138,0.06,False,False,False,False,False,False,False,False,False,False,False,False,True,True
A. pennsylvanica,139,0.06,False,False,False,False,False,False,False,False,False,False,False,False,True,True
A. pennsylvanica,140,0.06,False,False,False,False,False,False,False,True,False,False,False,True,True,True
A. pennsylvanica,141,0.06,False,False,False,False,False,False,False,False,False,False,False,False,True,True
A. pennsylvanica,142,0.06,False,False,False,False,False,False,False,False,False,True,False,True,True,True
A. pennsylvanica,143,0.06,False,False,False,False,False,False,False,True,False,False,False,True,True,True
A. pennsylvanica,144,0.06,False,False,False,False,False,False,False,True,False,True,False,True,True,True
A. pennsylvanica,145,0.06,False,False,False,False,False,False,False,True,False,False,False,True,True,True
A. pennsylvanica,146,0.06,False,False,False,False,False,False,False,True,False,True,False,True,True,True
A. pennsylvanica,147,0.06,False,False,False,False,False,True,False,True,False,False,False,True,True,True
A. pennsylvanica,148,0.06,False,False,False,False,False,False,False,True,False,True,False,True,True,True
A. pennsylvanica,149,0.06,False,False,False,False,False,False,False,False,False,False,False,False,True,True
A. pennsylvanica,150,0.06,False,False,False,False,False,False,False,True,False,False,False,True,True,True
A. pennsylvanica,151,0.06,False,False,False,False,False,False,False,False,False,False,False,False,True,True
A. pennsylvanica,152,0.06,False,False,False,False,False,False,False,False,False,False,False,False,True,True
A. pennsylvanica,153,0.06,False,False,False,False,False,False,False,True,False,True,False,True,True,True
A. pennsylvanica,154,0.06,False,False,False,False,False,False,False,True,False,False,False,True,True,True
A. pennsylvanica,155,0.06,False,False,False,False,False,False,False,True,False,True,False,True,True,True
A. pennsylvanica,156,0.06,False,False,False,False,False,False,False,True,False,True,False,True,True,True
A. pennsylvanica,157,0.06,False,False,False,False,False,False,False,True,False,False,False,True,True,True
A. pennsylvanica,158,0.06,False,False,False,False,False,False,False,False,False,True,False,True,True,True
A. pennsylvanica,159,0.06,False,False,False,False,False,False,False,False,False,False,False,False,True,True
A. pennsylvanica,160,0.06,False,False,False,False,False,False,False,True,False,False,False,True,True,True
A. pennsylvanica,161,0.06,False,False,False,False,False,False,False,False,False,True,False,True,True,True
A. pennsylvanica,162,0.06,False,False,False,False,False,False,False,True,False,False,False,True,True,True
A. pennsylvanica,163,0.06,False,False,False,False,False,False,False,False,False,False,False,False,True,True
A. pennsylvanica,164,0.06,False,False,False,True,False,False,False,False,False,True,False,True,True,True
A. pennsylvanica,165,0.06,False,False,False,False,False,False,False,False,False,True,False,True,True,True
A. pennsylvanica,166,0.06,False,False,False,False,False,False,False,False,False,False,False,False,True,True
A. pennsylvanica,167,0.06,False,False,False,False,False,False,False,True,False,False,False,True,True,True
A. pennsylvanica,168,0.06,False,False,False,True,False,False,False,True,False,True,False,True,True,True
A. pennsylvanica,169,0.06,False,False,False,False,False,False,False,True,False,False,False,True,True,True
A. pennsylvanica,170,0.06,False,False,False,False,False,False,False,False,False,False,False,False,True,True
A. pennsylvanica,171,0.06,False,False,False,False,False,False,False,False,False,True,False,True,True,True
A. pennsylvanica,172,0.06,False,False,False,False,False,False,False,True,False,True,False,True,True,True
A. pennsylvanica,173,0.06,False,False,False,False,False,False,False,True,False,False,False,True,True,True
A. pennsylvanica,174,0.06,False,False,False,False,False,False,False,True,False,True,False,True,True,True
A. pennsylvanica,175,0.06,False,False,False,False,False,True,False,True,False,False,False,True,True,True
A. pennsylvanica,176,0.06,False,False,False,False,False,False,False,False,False,False,False,False,True,True
A. pennsylvanica,177,0.06,False,False,False,False,False,False,False,True,False,True,False,True,True,True
A. pennsylvanica,178,0.06,False,False,False,False,False,False,False,True,False,False,False,True,True,True
A. pennsylvanica,179,0.06,False,True,False,False,False,False,False,True,False,True,False,True,True,True
A. pennsylvanica,180,0.06,False,False,False,False,False,False,False,False,False,True,False,True,True,True
A. pennsylvanica,181,0.06,False,False,False,False,False,False,False,False,False,True,False,False,True,True
A. pennsylvanica,182,0.06,False,False,False,False,False,False,False,True,False,True,False,True,True,True
A. pennsylvanica,183,0.06,False,False,False,False,False,False,False,True,False,True,False,True,True,True
A. pennsylvanica,184,0.06,False,False,False,False,False,False,False,True,False,True,False,True,True,True
A. pennsylvanica,185,0.06,False,False,False,False,False,False,False,False,False,True,False,True,True,True
A. pennsylvanica,186,0.06,False,False,False,False,False,False,False,False,False,False,False,False,True,True
A. pennsylvanica,187,0.06,False,False,False,False,False,False,False,True,False,True,False,True,True,True
A. pennsylvanica,188,0.06,False,False,False,False,False,False,False,True,False,True,False,True,True,True
A. pennsylvanica,189,0.06,False,False,False,False,False,True,False,True,False,True,False,True,True,True
A. pennsylvanica,190,0.06,False,True,False,False,False,False,False,True,False,False,True,True,True,True
A. pennsylvanica,191,0.06,False,False,False,False,False,False,False,False,False,True,False,True,True,True
A. pennsylvanica,192,0.06,False,False,False,False,False,False,False,False,False,True,False,True,True,True
A. pennsylvanica,193,0.06,False,False,False,False,False,False,False,True,False,False,False,True,True,True
A. pennsylvanica,194,0.06,False,True,False,False,False,False,False,True,False,True,False,True,True,True
A. pennsylvanica,195,0.06,False,False,False,False,False,False,False,True,False,True,False,True,True,True
A. pennsylvanica,196,0.06,False,False,False,False,False,False,False,False,False,True,False,False,True,True
A. pennsylvanica,197,0.06,False,False,False,False,False,False,False,False,False,False,False,False,True,True
A. pennsylvanica,198,0.06,False,False,False,False,False,False,False,True,False,True,False,True,True,True
A. pennsylvanica,199,0.06,False,False,False,False,False,False,False,True,False,True,False,True,True,True
A. pennsylvanica,200,0.06,False,True,False,False,False,False,False,False,False,True,True,True,True,True
A. pennsylvanica,201,0.06,False,False,False,True,False,False,False,False,False,True,False,True,True,True
A. pennsylvanica,202,0.06,False,False,False,False,False,False,False,True,False,True,False,True,True,True
A. pennsylvanica,203,0.06,False,False,False,False,False,False,False,False,False,False,False,True,True,True
A. pennsylvanica,204,0.06,False,False,False,False,False,False,False,True,False,False,False,True,True,True
A. pennsylvanica,205,0.06,False,False,False,False,False,False,False,False,False,False,False,False,True,True
A. pennsylvanica,206,0.06,False,False,False,False,False,False,False,True,False,False,False,True,True,True
A. pennsylvanica,207,0.06,False,False,False,False,False,False,False,True,False,False,False,True,True,True
A. pennsylvanica,208,0.06,False,False,False,False,False,False,False,True,False,False,False,True,True,True
A. pennsylvanica,209,0.06,False,False,False,False,False,False,False,False,False,False,False,False,True,True
A. pennsylvanica,210,0.06,False,False,False,False,False,False,False,True,False,False,False,True,True,True
A. pennsylvanica,211,0.06,False,False,False,False,False,False,False,True,False,True,False,True,True,True
A. pennsylvanica,212,0.06,False,False,False,False,False,False,False,False,False,False,False,False,True,True
A. pennsylvanica,213,0.06,False,False,False,False,False,False,False,True,False,True,False,True,True,True
A. pennsylvanica,214,0.06,False,False,False,False,False,False,False,True,False,False,False,True,True,True
A. pennsylvanica,215,0.06,False,False,False,False,False,False,False,True,False,False,False,True,True,True
A. pennsylvanica,216,0.06,False,False,False,False,False,False,False,True,False,True,False,True,True,True
A. pennsylvanica,217,0.06,False,False,False,False,False,False,False,False,False,True,False,True,True,True
A. pennsylvanica,218,0.06,False,False,False,False,False,False,False,False,False,True,False,False,True,True
A. pennsylvanica,219,0.06,False,False,False,False,False,False,False,True,False,True,False,True,True,True
A. pennsylvanica,220,0.06,False,False,False,False,False,False,False,False,False,False,False,False,True,True
A. pennsylvanica,221,0.06,False,False,False,False,False,False,False,True,False,True,False,True,True,True
A. pennsylvanica,222,0.06,False,False,False,False,False,False,False,False,False,False,False,True,True,True
A. pennsylvanica,223,0.06,False,False,False,False,False,False,False,False,False,True,False,True,True,True
A. pennsylvanica,224,0.06,False,False,False,False,False,False,False,False,False,True,False,True,True,True
A. pennsylvanica,225,0.06,False,False,False,False,False,False,False,True,False,True,False,True,True,True
A. pennsylvanica,226,0.06,False,False,False,False,False,False,False,True,False,True,False,True,True,True
A. pennsylvanica,227,0.06,False,True,False,False,False,False,False,True,False,True,False,True,True,True
A. pennsylvanica,228,0.06,False,False,False,False,False,False,False,True,False,False,False,True,True,True
A. pennsylvanica,229,0.06,False,False,False,False,False,False,False,True,False,True,False,True,True,True
A. pennsylvanica,230,0.06,False,False,False,False,False,False,False,True,False,True,False,True,True,True
A. pennsylvanica,231,0.06,False,False,False,False,False,False,False,False,False,True,False,True,True,True
A. pennsylvanica,232,0.06,False,True,False,False,False,False,False,True,False,True,True,True,True,True
A. pennsylvanica,233,0.06,False,False,False,False,False,False,False,True,False,True,False,True,True,True
A. pennsylvanica,234,0.06,False,False,False,False,False,False,False,True,False,True,False,True,True,True
A. pennsylvanica,235,0.06,False,False,False,False,True,True,False,True,False,True,False,True,True,True
A. pennsylvanica,236,0.06,False,False,False,False,False,False,False,True,False,False,False,True,True,True
A. pennsylvanica,237,0.06,False,False,False,False,False,False,False,True,False,True,False,True,True,True
A. pennsylvanica,238,0.06,False,False,False,False,False,False,False,False,False,False,False,False,True,True
A. pennsylvanica,239,0.06,False,False,False,False,False,False,False,True,False,True,False,True,True,True
A. pennsylvanica,240,0.06,False,False,False,False,False,False,False,True,False,True,False,True,True,True
A. pennsylvanica,241,0.06,False,False,False,False,False,False,False,True,False,False,False,True,True,True
A. pennsylvanica,242,0.06,False,False,False,False,False,False,False,True,False,True,False,True,True,True
A. pennsylvanica,243,0.06,False,False,False,False,False,False,False,False,False,False,False,False,True,True
A. pennsylvanica,244,0.06,False,False,False,False,False,False,False,False,False,False,False,False,True,True
A. pennsylvanica,245,0.06,False,False,False,False,False,False,False,True,False,True,False,True,True,True
A. pennsylvanica,246,0.06,False,False,False,False,False,False,False,True,False,True,False,True,True,True
A. pennsylvanica,247,0.06,False,False,False,False,False,False,False,False,False,False,False,False,True,True
A. pennsylvanica,248,0.06,False,False,False,False,False,False,False,True,False,True,False,True,True,True
A. pennsylvanica,249,0.06,False,False,False,False,False,True,False,True,False,False,False,True,True,True
A. pennsylvanica,250,0.06,False,False,False,False,False,False,False,False,False,False,False,False,True,True
A. pennsylvanica,251,0.06,False,False,False,False,False,False,False,True,False,False,False,True,True,True
A. pennsylvanica,252,0.06,False,False,False,False,False,False,False,False,False,True,False,True,True,True
A. pennsylvanica,253,0.06,False,False,False,False,False,False,False,True,False,True,False,True,True,True
A. pennsylvanica,254,0.06,False,False,False,False,False,False,False,True,False,True,False,True,True,True
A. pennsylvanica,255,0.06,False,False,False,False,False,False,False,True,False,False,False,True,True,True
A. pennsylvanica,256,0.06,False,False,False,False,False,False,False,True,False,True,False,True,True,True
A. pennsylvanica,257,0.06,False,False,False,True,False,False,False,True,False,False,False,True,True,True
A. pennsylvanica,258,0.06,False,False,False,False,False,False,False,False,False,False,False,False,True,True
A. pennsylvanica,259,0.06,False,False,False,False,False,False,False,False,False,False,False,False,True,True
A. pennsylvanica,260,0.06,False,False,False,False,False,True,False,True,False,True,False,True,True,True
A. pennsylvanica,261,0.06,False,False,False,False,False,False,False,False,False,True,False,True,True,True
A. pennsylvanica,262,0.06,False,False,True,False,False,False,False,True,False,True,False,True,True,True
A. pennsylvanica,263,0.06,False,False,False,False,False,False,False,True,False,False,False,True,True,True
A. pennsylvanica,264,0.06,False,False,False,False,False,False,False,False,False,False,False,False,True,True
A. pennsylvanica,265,0.06,False,False,False,False,False,False,False,False,False,True,False,False,True,True
A. pennsylvanica,266,0.06,False,False,False,False,False,False,False,True,False,False,False,True,True,True
A. pennsylvanica,267,0.06,False,False,False,True,True,False,False,False,False,False,True,True,True,True
A. pennsylvanica,268,0.06,False,True,False,False,False,False,False,True,False,False,False,True,True,True
A. pennsylvanica,269,0.06,False,False,False,False,False,False,False,True,False,False,False,True,True,True
A. pennsylvanica,270,0.06,False,False,False,False,False,False,False,True,False,False,False,True,True,True
A. pennsylvanica,271,0.06,False,False,False,False,False,False,False,True,False,True,False,True,True,True
A. pennsylvanica,272,0.06,False,False,False,False,False,False,False,True,False,True,False,True,True,True
A. pennsylvanica,273,0.06,False,False,False,False,False,False,False,True,False,True,False,True,True,True
A. pennsylvanica,274,0.06,False,False,False,False,False,False,False,True,False,True,False,True,True,True
A. pennsylvanica,275,0.06,False,False,False,False,False,False,False,True,False,True,False,True,True,True
A. pennsylvanica,276,0.06,False,False,False,False,False,False,False,True,False,True,False,True,True,True
A. pennsylvanica,277,0.06,False,False,False,False,False,False,False,True,False,False,False,True,True,True
A. pennsylvanica,278,0.06,False,True,False,False,False,False,False,False,False,True,False,True,True,True
A. pennsylvanica,279,0.06,False,True,False,False,False,False,False,True,False,True,False,True,True,True
A. pennsylvanica,280,0.06,False,False,False,False,False,False,False,False,False,False,False,False,True,True
A. pennsylvanica,281,0.06,False,False,False,False,False,False,False,True,False,True,False,True,True,True
A. pennsylvanica,282,0.06,False,False,False,False,False,False,False,False,False,False,False,False,True,True
A. pennsylvanica,283,0.06,False,False,False,False,False,False,False,False,False,False,False,False,True,True
A. pennsylvanica,284,0.06,False,False,False,False,False,False,False,True,False,True,False,True,True,True
A. pennsylvanica,285,0.06,False,False,False,False,False,False,False,True,False,True,False,True,True,True
A. pennsylvanica,286,0.06,False,False,False,False,False,False,False,False,False,False,False,False,True,True
A. pennsylvanica,287,0.06,False,False,False,False,False,True,False,False,False,True,False,True,True,True
A. pennsylvanica,288,0.06,False,False,False,False,False,True,False,True,False,True,False,True,True,True
A. pennsylvanica,289,0.06,False,False,False,False,False,False,False,True,False,True,False,True,True,True
A. pennsylvanica,290,0.06,False,False,False,False,False,False,False,True,False,False,False,True,True,True
A. pennsylvanica,291,0.06,False,False,False,False,False,False,False,True,False,False,False,True,True,True
A. pennsylvanica,292,0.06,False,False,False,False,False,False,False,True,False,True,False,True,True,True
A. pennsylvanica,293,0.06,False,False,False,False,False,False,False,False,False,True,False,True,True,True
A. pennsylvanica,294,0.06,False,False,False,False,False,False,False,True,False,True,False,True,True,True
A. pennsylvanica,295,0.06,False,False,False,False,False,False,False,False,False,False,False,True,True,True
A. pennsylvanica,296,0.06,False,False,False,False,False,False,False,False,False,False,False,False,True,True
A. pennsylvanica,297,0.06,False,False,False,False,False,False,False,False,False,False,False,False,True,True
A. pennsylvanica,298,0.06,False,False,False,False,False,False,False,True,False,True,False,True,True,True
A. pennsylvanica,299,0.06,False,False,False,False,False,False,False,False,False,False,False,False,True,True
A. pennsylvanica,300,0.06,False,False,False,False,False,False,False,True,False,True,False,True,True,True
A. pennsylvanica,301,0.06,False,False,False,False,False,False,False,True,False,True,False,True,True,True
A. pennsylvanica,302,0.06,False,False,False,False,False,False,False,False,False,True,False,True,True,True
A. pennsylvanica,303,0.06,False,False,False,False,False,False,False,False,False,True,False,True,True,True
A. pennsylvanica,304,0.06,False,False,False,True,False,False,False,True,False,True,False,True,True,True
A. pennsylvanica,305,0.06,False,False,False,False,False,False,False,False,False,True,False,True,True,True
A. pennsylvanica,306,0.06,False,False,False,False,False,False,False,False,False,False,False,False,True,True
A. pennsylvanica,307,0.06,False,False,False,False,False,False,False,False,False,False,False,False,True,True
A. pennsylvanica,308,0.06,False,False,False,False,False,False,False,True,False,False,False,True,True,True
A. pennsylvanica,309,0.06,False,False,False,False,False,False,False,True,False,False,False,True,True,True
A. pennsylvanica,310,0.06,False,False,False,False,False,False,False,True,False,True,False,True,True,True
A. pennsylvanica,311,0.06,False,False,False,False,False,False,False,False,False,True,False,True,True,True
A. pennsylvanica,312,0.06,False,False,False,False,False,False,False,False,False,False,False,False,True,True
A. pennsylvanica,313,0.06,False,False,False,False,False,False,False,False,False,False,False,False,True,True
A. pennsylvanica,314,0.06,False,False,False,False,False,False,False,False,False,False,False,False,True,True
A. pennsylvanica,315,0.06,False,False,True,False,False,False,False,True,False,True,False,True,True,True
A. pennsylvanica,316,0.06,False,False,False,False,False,False,False,True,False,False,False,True,True,True
A. pennsylvanica,317,0.06,False,False,False,False,False,False,False,True,False,True,False,True,True,True
A. pennsylvanica,318,0.06,False,False,False,False,False,False,False,False,False,False,False,False,True,True
A. pennsylvanica,319,0.06,False,False,False,False,False,False,False,False,False,False,False,False,True,True
A. pennsylvanica,320,0.06,False,False,False,False,False,True,False,True,False,True,False,True,True,True
A. pennsylvanica,321,0.06,False,False,False,False,False,False,False,True,False,True,False,True,True,True
A. pennsylvanica,322,0.06,False,False,False,False,False,False,False,True,False,False,False,True,True,True
A. pennsylvanica,323,0.06,False,False,False,False,False,False,False,True,False,True,False,True,True,True
A. pennsylvanica,324,0.06,False,False,False,False,True,True,False,True,False,True,False,True,True,True
A. pennsylvanica,325,0.06,False,False,False,False,False,False,False,True,False,True,False,True,True,True
A. pennsylvanica,326,0.06,False,False,False,False,False,False,False,False,False,False,False,False,True,True
A. pennsylvanica,327,0.06,False,False,False,False,False,False,False,True,False,True,False,True,True,True
A. pennsylvanica,328,0.06,False,False,False,False,False,False,False,True,False,True,False,True,True,True
A. pennsylvanica,329,0.06,False,False,False,False,False,False,False,True,False,True,False,True,True,True
A. pennsylvanica,330,0.06,False,False,False,False,False,False,False,True,False,False,False,True,True,True
A. pennsylvanica,331,0.06,False,False,False,False,False,False,False,False,False,False,False,False,True,True
A. pennsylvanica,332,0.06,False,False,False,False,False,False,False,True,False,False,False,True,True,True
A. pennsylvanica,333,0.06,False,True,False,False,False,False,False,True,False,True,False,True,True,True
A. pennsylvanica,334,0.06,False,False,False,False,False,False,False,True,False,True,False,True,True,True
A. pennsylvanica,335,0.06,False,False,False,False,False,False,False,False,False,True,False,True,True,True
A. pennsylvanica,336,0.06,False,False,False,False,False,False,False,False,False,False,False,False,True,True
A. pennsylvanica,337,0.06,False,False,False,False,False,False,False,False,False,False,False,False,True,True
A. pennsylvanica,338,0.06,False,False,False,False,False,False,False,True,False,True,False,True,True,True
A. pennsylvanica,339,0.06,False,False,False,False,True,False,False,True,False,False,False,True,True,True
A. pennsylvanica,340,0.06,False,False,False,False,False,False,False,True,False,False,False,True,True,True
A. pennsylvanica,341,0.06,False,False,False,False,False,False,False,False,False,True,False,True,True,True
A. pennsylvanica,342,0.06,False,False,False,False,False,False,False,False,False,False,False,False,True,True
A. pennsylvanica,343,0.06,False,False,False,False,False,False,False,True,False,False,False,True,True,True
A. pennsylvanica,344,0.06,False,False,False,False,False,False,False,False,False,False,False,False,True,True
A. pennsylvanica,345,0.06,False,False,False,False,False,False,False,True,False,True,False,True,True,True
A. pennsylvanica,346,0.06,False,True,False,False,False,False,False,True,False,True,False,True,True,True
A. pennsylvanica,347,0.06,False,False,False,False,False,True,False,True,False,True,False,True,True,True
A. pennsylvanica,348,0.06,False,False,False,False,False,False,False,True,False,True,False,True,True,True
A. pennsylvanica,349,0.06,False,False,False,False,False,False,False,False,False,True,False,True,True,True
A. pennsylvanica,350,0.06,False,False,False,False,False,False,False,True,False,True,False,True,True,True
A. pennsylvanica,351,0.06,False,False,False,False,False,False,False,True,False,True,False,True,True,True
A. pennsylvanica,352,0.06,False,True,False,False,False,False,False,False,False,True,False,True,True,True
A. pennsylvanica,353,0.06,False,True,False,False,False,False,False,True,False,True,True,True,True,True
A. pennsylvanica,354,0.06,False,False,False,False,False,False,False,False,False,True,False,True,True,True
A. pennsylvanica,355,0.06,False,False,False,False,False,False,False,True,False,True,False,True,True,True
A. pennsylvanica,356,0.06,False,False,False,False,False,False,False,True,False,True,False,True,True,True
A. pennsylvanica,357,0.06,False,False,False,False,False,False,False,True,False,True,False,True,True,True
A. pennsylvanica,358,0.06,False,False,False,False,False,False,False,False,False,False,False,False,True,True
A. pennsylvanica,359,0.06,False,False,False,False,False,False,False,True,False,False,False,True,True,True
A. pennsylvanica,360,0.06,False,False,False,False,False,False,False,True,False,False,False,True,True,True
A. pennsylvanica,361,0.06,False,False,False,False,False,False,False,True,False,True,False,True,True,True
A. pennsylvanica,362,0.06,False,False,False,False,False,False,False,True,False,True,False,True,True,True
A. pennsylvanica,363,0.06,False,False,False,False,False,False,False,True,False,True,False,True,True,True
A. pennsylvanica,364,0.06,False,False,False,False,False,False,False,True,False,True,False,True,True,True
A. pennsylvanica,365,0.06,False,False,False,False,False,False,False,True,False,True,False,True,True,True
A. pennsylvanica,366,0.06,False,False,False,False,False,False,False,True,False,True,False,True,True,True
A. pennsylvanica,367,0.06,False,False,True,False,False,False,False,True,False,True,False,True,True,True
A. pennsylvanica,368,0.06,False,False,False,False,False,False,False,True,False,False,False,True,True,True
A. pennsylvanica,369,0.06,False,False,False,False,False,False,False,True,False,True,False,True,True,True
A. pennsylvanica,370,0.06,False,False,False,False,False,False,False,True,False,True,False,True,True,True
A. pennsylvanica,371,0.06,False,False,False,False,False,False,False,True,False,True,False,True,True,True
A. pennsylvanica,372,0.06,False,False,False,False,False,False,False,False,False,True,False,True,True,True
A. pennsylvanica,373,0.06,False,False,False,False,False,False,False,True,False,True,False,True,True,True
A. pennsylvanica,374,0.06,False,False,False,False,False,False,False,True,False,True,False,True,True,True
A. pennsylvanica,375,0.06,False,False,False,True,False,False,False,False,False,False,False,True,True,True
A. pennsylvanica,376,0.06,False,False,False,False,False,False,False,True,False,True,False,True,True,True
A. pennsylvanica,377,0.06,False,False,False,False,False,False,False,False,False,False,False,False,True,True
A. pennsylvanica,378,0.06,False,False,False,False,False,False,False,True,False,True,False,True,True,True
A. pennsylvanica,379,0.06,False,False,False,False,False,True,False,True,False,True,False,True,True,True
A. pennsylvanica,380,0.06,False,False,False,False,False,False,False,False,False,False,False,False,True,True
A. pennsylvanica,381,0.06,False,False,False,False,False,False,False,True,False,False,False,True,True,True
A. pennsylvanica,382,0.06,False,True,False,False,False,False,False,False,False,True,True,True,True,True
A. pennsylvanica,383,0.06,False,False,False,False,False,False,False,False,False,True,False,True,True,True
A. pennsylvanica,384,0.06,False,False,False,False,False,True,False,True,False,True,False,True,True,True
A. pennsylvanica,385,0.06,False,False,False,False,False,False,False,False,False,False,False,True,True,True
A. pennsylvanica,386,0.06,False,False,False,False,False,False,False,True,False,True,False,True,True,True
A. pennsylvanica,387,0.06,False,False,False,False,False,False,False,True,False,False,False,True,True,True
A. pennsylvanica,388,0.06,False,False,False,False,False,False,False,False,False,False,False,False,True,True
A. pennsylvanica,389,0.06,False,False,False,False,False,False,False,True,False,True,False,True,True,True
A. pennsylvanica,390,0.06,False,False,False,False,False,False,False,True,False,False,False,True,True,True
A. pennsylvanica,391,0.06,False,False,False,False,False,False,False,False,False,False,False,False,True,True
A. pennsylvanica,392,0.06,False,False,False,False,False,True,False,True,False,True,False,True,True,True
A. pennsylvanica,393,0.06,False,False,False,False,False,False,False,True,False,False,False,True,True,True
A. pennsylvanica,394,0.06,False,False,False,False,False,True,False,True,False,False,False,True,True,True
A. pennsylvanica,395,0.06,False,False,False,False,False,False,False,True,False,True,False,True,True,True
A. pennsylvanica,396,0.06,False,False,False,False,False,False,False,False,False,True,False,True,True,True
A. pennsylvanica,397,0.06,False,False,False,False,False,False,False,False,False,True,False,True,True,True
A. pennsylvanica,398,0.06,False,False,False,False,False,False,False,False,False,False,False,True,True,True
A. pennsylvanica,399,0.06,False,False,False,False,False,False,False,True,False,True,False,True,True,True
A. pennsylvanica,400,0.06,False,False,False,False,False,False,False,False,False,False,False,False,True,True
A. pennsylvanica,401,0.06,False,False,False,False,False,False,False,False,False,False,False,True,True,True
A. pennsylvanica,402,0.06,False,False,False,False,False,False,False,False,False,False,False,False,True,True
A. pennsylvanica,403,0.06,False,False,False,False,False,False,False,True,False,True,False,True,True,True
A. pennsylvanica,404,0.06,False,False,False,False,False,False,False,False,False,True,False,True,True,True
A. pennsylvanica,405,0.06,False,False,False,False,False,False,False,False,False,False,False,False,True,True
A. pennsylvanica,406,0.06,False,False,False,False,False,False,False,False,False,False,False,True,True,True
A. pennsylvanica,407,0.06,False,False,False,False,False,False,False,False,False,False,False,False,True,True
A. pennsylvanica,408,0.06,False,False,False,False,False,True,False,True,False,False,False,True,True,True
A. pennsylvanica,409,0.06,False,False,False,False,False,False,False,True,False,True,False,True,True,True
A. pennsylvanica,410,0.06,False,False,False,False,False,False,False,True,False,True,False,True,True,True
A. pennsylvanica,411,0.06,False,False,False,False,False,False,False,False,False,False,False,True,True,True
A. pennsylvanica,412,0.06,False,False,False,False,False,False,False,True,False,True,False,True,True,True
A. pennsylvanica,413,0.06,False,False,False,False,False,False,False,True,False,False,False,True,True,True
A. pennsylvanica,414,0.06,False,False,False,False,False,False,False,True,False,False,False,True,True,True
A. pennsylvanica,415,0.06,False,False,False,False,False,False,False,False,False,False,False,True,True,True
A. pennsylvanica,416,0.06,False,False,False,False,False,False,False,False,False,False,False,True,True,True
A. pennsylvanica,417,0.06,False,False,True,True,True,False,False,False,False,True,False,True,True,True
A. pennsylvanica,418,0.06,False,False,False,False,False,False,False,False,False,False,False,False,True,True
A. pennsylvanica,419,0.06,False,False,False,False,False,False,False,True,False,False,False,True,True,True
A. pennsylvanica,420,0.06,False,False,False,False,False,False,False,False,False,False,False,True,True,True
A. pennsylvanica,421,0.06,False,False,False,False,False,False,False,True,False,False,False,True,True,True
A. pennsylvanica,422,0.06,False,False,False,False,False,False,False,True,False,False,False,True,True,True
A. pennsylvanica,423,0.06,False,False,False,False,False,False,False,True,False,False,False,True,True,True
A. pennsylvanica,424,0.06,False,False,False,False,False,False,False,False,False,True,False,True,True,True
A. pennsylvanica,425,0.06,False,False,False,False,False,False,False,True,False,True,False,True,True,True
A. pennsylvanica,426,0.06,False,False,False,False,False,False,False,False,False,True,False,True,True,True
A. pennsylvanica,427,0.06,False,False,False,False,False,False,False,True,False,True,False,True,True,True
A. pennsylvanica,428,0.06,False,False,False,False,False,False,False,False,False,True,False,True,True,True
A. pennsylvanica,429,0.06,False,False,False,False,False,False,False,True,False,False,False,True,True,True
A. pennsylvanica,430,0.06,False,False,False,False,False,False,False,False,False,False,False,False,True,True
A. pennsylvanica,431,0.06,False,False,False,False,False,False,False,False,False,True,False,True,True,True
A. pennsylvanica,432,0.06,False,False,False,False,False,False,False,True,False,True,False,True,True,True
A. pennsylvanica,433,0.06,False,False,False,False,False,False,False,False,False,False,False,False,True,True
A. pennsylvanica,434,0.06,False,False,False,False,False,False,False,False,False,False,False,False,True,True
A. pennsylvanica,435,0.06,False,False,False,False,False,False,False,False,False,False,False,True,True,True
A. pennsylvanica,436,0.06,False,False,False,False,False,False,False,True,False,False,False,True,True,True
A. pennsylvanica,437,0.06,False,False,False,False,False,False,False,True,False,False,False,True,True,True
A. pennsylvanica,438,0.06,False,False,False,False,False,False,False,True,False,False,False,True,True,True
A. pennsylvanica,439,0.06,False,False,False,False,False,False,False,True,False,True,False,True,True,True
A. pennsylvanica,440,0.06,False,False,False,False,False,False,False,True,False,True,False,True,True,True
A. pennsylvanica,441,0.06,False,False,False,False,False,False,False,False,False,True,False,True,True,True
A. pennsylvanica,442,0.06,False,False,False,False,False,False,False,True,False,True,False,True,True,True
A. pennsylvanica,443,0.06,False,False,False,False,False,False,False,False,False,False,False,False,True,True
A. pennsylvanica,444,0.06,False,False,False,False,False,False,False,False,False,False,False,False,True,True
A. pennsylvanica,445,0.06,False,False,False,False,False,False,False,False,False,False,False,True,True,True
A. pennsylvanica,446,0.06,False,False,False,False,False,False,False,True,False,True,False,True,True,True
A. pennsylvanica,447,0.06,False,False,False,False,False,False,False,True,False,True,False,True,True,True
A. pennsylvanica,448,0.06,False,False,False,False,True,False,False,True,False,False,False,True,True,True
A. pennsylvanica,449,0.06,False,False,False,False,False,False,False,False,False,False,False,False,True,True
A. pennsylvanica,450,0.06,False,False,False,False,False,False,False,False,False,False,False,False,True,True
A. pennsylvanica,451,0.06,False,False,False,False,False,False,False,True,False,False,False,True,True,True
A. pennsylvanica,452,0.06,False,False,False,True,False,False,False,True,False,False,False,True,True,True
A. pennsylvanica,453,0.06,False,False,False,False,False,False,False,True,False,False,False,True,True,True
A. pennsylvanica,454,0.06,False,False,False,False,False,False,False,True,False,True,False,True,True,True
A. pennsylvanica,455,0.06,False,False,False,False,False,False,False,False,False,True,False,True,True,True
A. pennsylvanica,456,0.06,False,False,False,False,False,False,False,False,False,True,False,True,True,True
A. pennsylvanica,457,0.06,False,False,False,False,False,False,False,True,False,False,False,True,True,True
A. pennsylvanica,458,0.06,False,False,False,False,False,False,False,False,False,True,False,True,True,True
A. pennsylvanica,459,0.06,False,False,False,False,False,False,False,True,False,True,False,True,True,True
A. pennsylvanica,460,0.06,False,False,False,False,False,False,False,False,False,False,False,False,True,True
A. pennsylvanica,461,0.06,False,False,False,False,False,True,False,True,False,True,False,True,True,True
A. pennsylvanica,462,0.06,False,False,False,False,False,False,False,False,False,False,False,False,True,True
A. pennsylvanica,463,0.06,False,False,False,False,False,False,False,True,False,True,False,True,True,True
A. pennsylvanica,464,0.06,False,False,False,False,False,False,False,True,False,True,False,True,True,True
A. pennsylvanica,465,0.06,False,False,False,False,False,True,False,True,False,False,False,True,True,True
A. pennsylvanica,466,0.06,False,False,False,False,False,False,False,True,False,False,False,True,True,True
A. pennsylvanica,467,0.06,False,False,False,False,False,False,False,True,False,True,False,True,True,True
A. pennsylvanica,468,0.06,False,False,False,False,False,False,False,True,False,True,False,True,True,True
A. pennsylvanica,469,0.06,False,False,False,False,False,False,False,False,False,True,False,True,True,True
A. pennsylvanica,470,0.06,False,False,False,False,False,False,False,True,False,True,False,True,True,True
A. pennsylvanica,471,0.06,False,False,False,False,False,False,False,False,False,False,False,False,True,True
A. pennsylvanica,472,0.06,False,False,False,False,False,False,False,True,False,True,False,True,True,True
A. pennsylvanica,473,0.06,False,False,False,False,False,False,False,True,False,True,False,True,True,True
A. pennsylvanica,474,0.06,False,False,False,False,False,False,False,False,False,True,False,True,True,True
A. pennsylvanica,475,0.06,False,False,False,False,False,False,False,False,False,False,False,False,True,True
A. pennsylvanica,476,0.06,False,False,False,False,False,False,False,False,False,False,False,False,True,True
A. pennsylvanica,477,0.06,False,False,False,False,False,False,False,False,False,True,False,True,True,True
A. pennsylvanica,478,0.06,False,False,False,False,False,False,False,True,False,False,False,True,True,True
A. pennsylvanica,479,0.06,False,False,False,False,False,False,False,True,False,True,False,True,True,True
A. pennsylvanica,480,0.06,False,False,False,False,False,False,False,False,False,False,False,False,True,True
A. pennsylvanica,481,0.06,False,False,False,False,False,False,False,True,False,True,False,True,True,True
A. pennsylvanica,482,0.06,False,False,False,False,False,False,False,True,False,True,False,True,True,True
A. pennsylvanica,483,0.06,False,True,False,False,False,False,False,True,False,False,False,True,True,True
A. pennsylvanica,484,0.06,False,False,False,False,False,False,False,False,False,False,False,False,True,True
A. pennsylvanica,485,0.06,False,False,False,False,False,False,False,False,False,False,False,False,True,True
A. pennsylvanica,486,0.06,False,False,False,False,False,False,False,True,False,True,False,True,True,True
A. pennsylvanica,487,0.06,False,False,False,False,False,False,False,False,False,True,False,True,True,True
A. pennsylvanica,488,0.06,False,True,False,False,False,False,False,True,False,True,False,True,True,True
A. pennsylvanica,489,0.06,False,False,False,False,False,False,False,False,False,False,False,False,True,True
A. pennsylvanica,490,0.06,False,False,False,False,False,False,False,False,False,True,False,True,True,True
A. pennsylvanica,491,0.06,False,False,False,False,False,False,False,False,False,False,False,False,True,True
A. pennsylvanica,492,0.06,False,False,False,False,False,False,False,True,False,True,False,True,True,True
A. pennsylvanica,493,0.06,False,False,False,False,False,False,False,False,False,False,False,False,True,True
A. pennsylvanica,494,0.06,False,False,False,False,False,False,False,True,False,True,False,True,True,True
A. pennsylvanica,495,0.06,False,False,False,False,False,False,False,False,False,False,False,False,True,True
A. pennsylvanica,496,0.06,False,False,False,False,False,False,False,True,False,True,False,True,True,True
A. pennsylvanica,497,0.06,False,False,False,False,False,True,False,True,False,False,False,True,True,True
A. pennsylvanica,498,0.06,False,False,False,False,False,False,False,False,False,True,False,True,True,True
A. pennsylvanica,499,0.06,False,False,False,False,False,False,False,True,False,False,False,True,True,True
S. grossa,0,0.75,False,False,False,False,False,False,False,False,False,True,False,True,True,True
S. grossa,1,0.75,False,True,False,False,False,False,False,False,False,True,False,True,True,True
S. grossa,2,0.75,False,False,False,False,False,False,False,True,False,True,False,True,True,True
S. grossa,3,0.75,False,True,False,False,False,False,False,False,False,False,True,True,True,True
S. grossa,4,0.75,False,False,False,False,False,False,False,False,False,False,False,True,True,True
S. grossa,5,0.75,False,False,False,False,False,False,False,False,False,True,False,True,True,True
S. grossa,6,0.75,False,False,False,False,False,False,False,False,False,True,False,True,True,True
S. grossa,7,0.75,False,True,False,False,False,False,False,False,False,True,False,True,True,True
S. grossa,8,0.75,False,False,False,False,False,False,False,False,False,True,False,True,True,True
S. grossa,9,0.75,False,False,False,False,False,False,False,False,False,False,False,True,True,True
S. grossa,10,0.75,False,False,False,False,False,False,False,False,False,True,False,True,True,True
S. grossa,11,0.75,False,False,False,False,False,False,False,False,False,False,False,True,True,True
S. grossa,12,0.75,False,False,False,False,False,False,False,False,False,False,False,True,True,True
S. grossa,13,0.75,False,False,False,False,False,False,False,True,False,True,False,True,True,True
S. grossa,14,0.75,False,True,False,False,False,False,False,False,False,True,False,True,True,True
S. grossa,15,0.75,False,False,False,False,False,False,False,True,False,True,False,True,True,True
S. grossa,16,0.75,False,False,False,False,False,False,False,False,False,False,False,True,True,True
S. grossa,17,0.75,False,False,False,False,False,False,False,True,False,True,False,True,True,True
S. grossa,18,0.75,False,True,False,False,False,False,False,False,False,True,True,True,True,True
S. grossa,19,0.75,False,True,True,True,False,False,False,True,True,True,True,True,True,True
S. grossa,20,0.75,False,False,False,False,False,False,False,False,False,True,False,True,True,True
S. grossa,21,0.75,False,False,False,False,False,False,False,False,False,True,False,True,True,True
S. grossa,22,0.75,False,True,False,False,False,False,False,False,False,True,False,True,True,True
S. grossa,23,0.75,False,False,False,False,False,False,False,False,False,False,False,True,True,True
S. grossa,24,0.75,False,False,False,False,False,False,False,False,False,True,False,True,True,True
S. grossa,25,0.75,False,False,False,False,False,False,False,False,False,True,False,True,True,True
S. grossa,26,0.75,False,True,False,False,False,False,False,False,False,True,False,True,True,True
S. grossa,27,0.75,False,True,False,False,False,False,False,False,False,True,True,True,True,True
S. grossa,28,0.75,False,False,False,False,False,False,False,True,False,True,False,True,True,True
S. grossa,29,0.75,False,True,False,False,False,False,False,False,False,True,False,True,True,True
S. grossa,30,0.75,False,True,False,False,False,False,False,False,False,True,False,True,True,True
S. grossa,31,0.75,False,False,False,False,False,False,False,False,False,True,False,True,True,True
S. grossa,32,0.75,False,False,False,False,False,False,False,True,False,True,False,True,True,True
S. grossa,33,0.75,False,False,False,False,False,False,False,False,False,True,False,True,True,True
S. grossa,34,0.75,False,True,False,False,False,False,False,True,False,True,False,True,True,True
S. grossa,35,0.75,False,False,False,False,False,False,False,False,False,True,False,True,True,True
S. grossa,36,0.75,False,False,False,False,False,False,False,True,False,True,False,True,True,True
S. grossa,37,0.75,False,True,True,False,False,False,False,False,True,True,True,True,True,True
S. grossa,38,0.75,False,True,False,False,False,False,False,False,False,True,True,True,True,True
S. grossa,39,0.75,False,True,False,False,False,False,False,True,False,True,False,True,True,True
S. grossa,40,0.75,False,False,False,False,False,False,False,False,False,True,False,True,True,True
S. grossa,41,0.75,False,False,False,False,False,False,False,True,False,True,False,True,True,True
S. grossa,42,0.75,False,False,False,False,False,False,False,False,False,False,False,True,True,True
S. grossa,43,0.75,False,True,True,False,False,False,False,True,True,True,True,True,True,True
S. grossa,44,0.75,False,True,False,False,False,False,False,False,False,True,False,True,True,True
S. grossa,45,0.75,False,False,False,False,False,False,False,False,False,True,False,True,True,True
S. grossa,46,0.75,False,False,False,False,False,False,False,False,False,False,False,True,True,True
S. grossa,47,0.75,False,True,False,False,False,False,False,False,False,True,True,True,True,True
S. grossa,48,0.75,False,False,False,False,False,False,False,False,False,False,False,True,True,True
S. grossa,49,0.75,False,False,False,False,False,False,False,False,False,False,False,True,True,True
S. grossa,50,0.75,False,False,False,False,False,False,False,True,False,True,False,True,True,True
S. grossa,51,0.75,False,False,False,False,False,False,False,False,False,True,False,True,True,True
S. grossa,52,0.75,False,False,False,False,False,False,False,False,False,False,False,True,True,True
S. grossa,53,0.75,False,True,False,False,False,False,False,False,False,True,False,True,True,True
S. grossa,54,0.75,False,False,False,False,False,False,False,False,False,False,False,True,True,True
S. grossa,55,0.75,False,False,False,False,False,False,False,False,False,False,False,True,True,True
S. grossa,56,0.75,False,False,False,False,False,False,False,True,False,True,False,True,True,True
S. grossa,57,0.75,False,False,False,False,False,False,False,False,False,True,False,True,True,True
S. grossa,58,0.75,False,False,False,False,False,False,False,False,False,True,False,True,True,True
S. grossa,59,0.75,False,False,False,False,False,False,False,False,False,True,False,True,True,True
S. grossa,60,0.75,False,False,False,False,False,False,False,False,False,True,False,True,True,True
S. grossa,61,0.75,False,False,False,False,False,False,False,False,False,False,False,True,True,True
S. grossa,62,0.75,False,True,True,False,False,False,False,True,False,True,True,True,True,True
S. grossa,63,0.75,False,False,False,False,False,False,False,False,False,True,False,True,True,True
S. grossa,64,0.75,False,False,False,False,False,False,False,True,False,True,False,True,True,True
S. grossa,65,0.75,False,False,False,False,False,False,False,False,False,False,False,True,True,True
S. grossa,66,0.75,False,False,False,False,False,False,False,False,False,False,False,True,True,True
S. grossa,67,0.75,False,False,False,False,False,False,False,False,False,True,False,True,True,True
S. grossa,68,0.75,False,True,False,False,False,False,False,True,False,True,False,True,True,True
S. grossa,69,0.75,False,True,False,False,False,False,False,False,False,True,False,True,True,True
S. grossa,70,0.75,False,False,False,False,False,False,False,False,False,False,False,True,True,True
S. grossa,71,0.75,False,True,False,False,False,False,False,False,False,False,False,True,True,True
S. grossa,72,0.75,False,True,False,False,False,False,False,False,False,True,True,True,True,True
S. grossa,73,0.75,False,False,False,False,False,False,False,False,False,False,False,True,True,True
S. grossa,74,0.75,False,False,False,False,False,False,False,True,False,True,False,True,True,True
S. grossa,75,0.75,False,False,False,False,False,False,False,False,False,True,False,True,True,True
S. grossa,76,0.75,False,False,False,False,False,False,False,False,False,True,False,True,True,True
S. grossa,77,0.75,False,False,False,False,False,False,False,False,False,True,False,True,True,True
S. grossa,78,0.75,False,False,False,False,False,False,False,False,False,False,False,True,True,True
S. grossa,79,0.75,False,False,False,False,True,False,False,False,False,True,False,True,True,True
S. grossa,80,0.75,False,False,False,False,False,False,False,True,False,True,False,True,True,True
S. grossa,81,0.75,False,True,False,False,False,False,False,False,False,True,False,True,True,True
S. grossa,82,0.75,False,False,False,False,False,False,False,True,False,True,False,True,True,True
S. grossa,83,0.75,False,False,False,False,False,False,False,False,False,False,False,True,True,True
S. grossa,84,0.75,False,False,False,False,False,False,False,False,False,True,False,True,True,True
S. grossa,85,0.75,False,True,False,False,False,False,False,False,False,True,False,True,True,True
S. grossa,86,0.75,False,False,False,False,False,False,False,True,False,True,False,True,True,True
S. grossa,87,0.75,False,False,False,False,False,False,False,True,False,True,False,True,True,True
S. grossa,88,0.75,False,True,False,False,False,False,False,True,False,True,False,True,True,True
S. grossa,89,0.75,False,False,True,False,False,False,False,False,False,True,False,True,True,True
S. grossa,90,0.75,False,False,False,False,False,False,False,False,False,True,False,True,True,True
S. grossa,91,0.75,False,True,False,False,False,False,False,False,False,True,True,True,True,True
S. grossa,92,0.75,False,False,False,False,False,False,False,True,False,True,False,True,True,True
S. grossa,93,0.75,False,False,False,False,False,False,False,False,False,True,False,True,True,True
S. grossa,94,0.75,False,True,False,False,False,False,False,False,False,True,False,True,True,True
S. grossa,95,0.75,False,True,False,False,False,False,False,False,False,False,True,True,True,True
S. grossa,96,0.75,False,False,False,False,False,False,False,False,False,True,False,True,True,True
S. grossa,97,0.75,False,False,False,False,False,False,False,True,False,True,False,True,True,True
S. grossa,98,0.75,False,False,False,False,False,False,False,False,False,False,False,True,True,True
S. grossa,99,0.75,False,False,False,False,False,False,False,True,False,True,False,True,True,True
S. grossa,100,0.75,False,False,False,False,False,False,False,False,False,False,False,True,True,True
S. grossa,101,0.75,False,True,False,False,False,False,False,True,False,True,False,True,True,True
S. grossa,102,0.75,False,False,False,False,False,False,False,False,False,True,False,True,True,True
S. grossa,103,0.75,False,False,False,False,False,False,False,False,False,True,False,True,True,True
S. grossa,104,0.75,False,False,False,False,False,False,False,False,False,False,False,True,True,True
S. grossa,105,0.75,False,False,False,False,False,False,False,True,False,True,False,True,True,True
S. grossa,106,0.75,False,False,False,False,False,False,False,False,False,False,False,True,True,True
S. grossa,107,0.75,False,True,False,False,False,False,False,False,False,True,False,True,True,True
S. grossa,108,0.75,False,False,False,False,False,False,False,False,False,False,False,True,True,True
S. grossa,109,0.75,False,False,False,False,False,False,False,False,False,True,False,True,True,True
S. grossa,110,0.75,False,True,False,False,False,False,False,False,False,True,True,True,True,True
S. grossa,111,0.75,False,True,False,False,False,False,False,True,False,True,True,True,True,True
S. grossa,112,0.75,False,False,False,False,False,False,False,False,False,False,False,True,True,True
S. grossa,113,0.75,False,False,False,False,True,False,False,True,False,True,False,True,True,True
S. grossa,114,0.75,False,False,False,False,False,False,False,False,False,True,False,True,True,True
S. grossa,115,0.75,False,False,False,False,False,False,False,False,False,True,False,True,True,True
S. grossa,116,0.75,False,True,False,False,False,False,False,True,False,True,False,True,True,True
S. grossa,117,0.75,False,True,False,False,False,False,False,False,False,False,False,True,True,True
S. grossa,118,0.75,False,False,False,False,False,False,False,True,False,True,False,True,True,True
S. grossa,119,0.75,False,False,False,False,False,False,False,True,False,True,False,True,True,True
S. grossa,120,0.75,False,False,False,False,False,False,False,False,False,True,False,True,True,True
S. grossa,121,0.75,False,False,False,False,False,False,False,True,False,True,False,True,True,True
S. grossa,122,0.75,False,False,False,False,False,False,False,False,False,True,False,True,True,True
S. grossa,123,0.75,False,False,False,False,False,False,False,False,False,False,False,True,True,True
S. grossa,124,0.75,False,False,False,False,False,False,False,True,False,True,False,True,True,True
S. grossa,125,0.75,False,False,False,False,False,False,False,False,False,True,False,True,True,True
S. grossa,126,0.75,False,False,False,False,False,False,False,False,False,True,False,True,True,True
S. grossa,127,0.75,False,True,False,False,False,False,False,False,False,True,False,True,True,True
S. grossa,128,0.75,False,False,False,False,False,False,False,False,False,True,False,True,True,True
S. grossa,129,0.75,False,False,False,False,False,False,False,False,False,False,False,True,True,True
S. grossa,130,0.75,False,False,False,False,False,False,False,True,False,True,False,True,True,True
S. grossa,131,0.75,False,False,False,False,False,False,False,False,False,True,False,True,True,True
S. grossa,132,0.75,False,False,False,False,False,False,False,False,False,False,False,True,True,True
S. grossa,133,0.75,False,False,False,False,False,False,False,True,False,True,False,True,True,True
S. grossa,134,0.75,False,False,False,False,False,False,False,False,False,False,False,True,True,True
S. grossa,135,0.75,False,False,False,False,False,False,False,False,False,True,False,True,True,True
S. grossa,136,0.75,False,True,False,False,False,False,False,False,False,True,False,True,True,True
S. grossa,137,0.75,False,True,False,False,False,False,False,False,False,True,True,True,True,True
S. grossa,138,0.75,False,True,False,False,False,False,False,False,False,False,True,True,True,True
S. grossa,139,0.75,False,False,False,False,False,False,False,False,False,False,False,True,True,True
S. grossa,140,0.75,False,False,False,False,False,False,False,True,False,False,False,True,True,True
S. grossa,141,0.75,False,False,False,False,False,False,False,False,False,True,False,True,True,True
S. grossa,142,0.75,False,True,True,False,False,False,False,True,False,True,True,True,True,True
S. grossa,143,0.75,False,False,False,False,False,False,False,False,False,True,False,True,True,True
S. grossa,144,0.75,False,False,False,False,False,False,False,False,False,False,False,True,True,True
S. grossa,145,0.75,False,False,False,False,False,False,False,True,False,True,False,True,True,True
S. grossa,146,0.75,False,True,False,False,False,False,False,False,False,True,False,True,True,True
S. grossa,147,0.75,False,True,False,False,False,False,False,True,False,True,True,True,True,True
S. grossa,148,0.75,False,False,False,False,False,False,False,True,False,True,False,True,True,True
S. grossa,149,0.75,False,False,False,False,False,False,False,False,False,True,True,True,True,True
S. grossa,150,0.75,False,False,False,False,False,False,False,False,False,False,False,True,True,True
S. grossa,151,0.75,False,False,False,False,False,False,False,False,False,False,False,True,True,True
S. grossa,152,0.75,False,False,False,False,False,False,False,False,False,True,False,True,True,True
S. grossa,153,0.75,False,False,False,False,False,False,False,False,False,False,False,True,True,True
S. grossa,154,0.75,False,False,False,False,False,False,False,True,False,True,False,True,True,True
S. grossa,155,0.75,False,False,False,False,False,False,False,False,False,True,False,True,True,True
S. grossa,156,0.75,False,False,False,False,False,False,False,False,False,False,False,True,True,True
S. grossa,157,0.75,False,True,False,False,False,False,False,False,False,True,True,True,True,True
S. grossa,158,0.75,False,False,False,False,False,False,False,False,False,False,False,True,True,True
S. grossa,159,0.75,False,False,False,False,False,False,False,False,False,False,False,True,True,True
S. grossa,160,0.75,False,False,False,False,True,False,False,False,False,True,False,True,True,True
S. grossa,161,0.75,False,True,False,False,False,False,False,False,False,True,True,True,True,True
S. grossa,162,0.75,False,False,False,False,False,False,False,False,False,True,False,True,True,True
S. grossa,163,0.75,False,True,False,False,False,False,False,False,False,True,False,True,True,True
S. grossa,164,0.75,False,True,False,False,False,False,False,False,False,True,True,True,True,True
S. grossa,165,0.75,False,True,False,False,False,False,False,False,False,False,False,True,True,True
S. grossa,166,0.75,False,False,False,False,False,False,False,False,False,False,False,True,True,True
S. grossa,167,0.75,False,False,False,False,False,False,False,True,False,True,False,True,True,True
S. grossa,168,0.75,False,False,False,False,False,False,False,False,False,True,False,True,True,True
S. grossa,169,0.75,False,False,False,False,False,False,False,True,False,True,False,True,True,True
S. grossa,170,0.75,False,False,False,False,False,False,False,False,False,False,False,True,True,True
S. grossa,171,0.75,False,False,False,False,False,False,False,False,False,True,False,True,True,True
S. grossa,172,0.75,False,False,False,False,False,False,False,False,False,False,False,True,True,True
S. grossa,173,0.75,False,False,False,False,False,False,False,True,False,True,False,True,True,True
S. grossa,174,0.75,False,False,False,False,False,False,False,False,False,True,False,True,True,True
S. grossa,175,0.75,False,False,False,False,False,False,False,False,False,False,False,True,True,True
S. grossa,176,0.75,False,False,False,False,False,False,False,False,False,True,False,True,True,True
S. grossa,177,0.75,False,False,False,False,False,False,False,False,False,False,False,True,True,True
S. grossa,178,0.75,False,False,False,False,False,False,False,False,False,True,False,True,True,True
S. grossa,179,0.75,False,True,False,False,False,False,False,True,False,True,False,True,True,True
S. grossa,180,0.75,False,True,False,False,False,False,False,False,False,True,False,True,True,True
S. grossa,181,0.75,False,False,False,False,False,False,False,False,False,True,False,True,True,True
S. grossa,182,0.75,False,False,False,False,False,False,False,True,False,True,False,True,True,True
S. grossa,183,0.75,False,False,False,False,False,False,False,False,False,True,False,True,True,True
S. grossa,184,0.75,False,True,False,False,False,False,False,False,False,True,True,True,True,True
S. grossa,185,0.75,False,True,False,False,False,False,False,False,False,False,False,True,True,True
S. grossa,186,0.75,False,False,False,False,False,False,False,False,False,True,False,True,True,True
S. grossa,187,0.75,False,False,False,False,False,False,False,False,False,False,False,True,True,True
S. grossa,188,0.75,False,True,False,False,False,False,False,True,False,True,True,True,True,True
S. grossa,189,0.75,False,False,False,False,False,False,False,False,False,True,False,True,True,True
S. grossa,190,0.75,False,True,False,False,False,False,False,False,False,True,True,True,True,True
S. grossa,191,0.75,False,False,False,False,False,False,False,False,False,True,False,True,True,True
S. grossa,192,0.75,False,True,False,False,False,False,False,False,False,True,True,True,True,True
S. grossa,193,0.75,False,True,True,False,False,False,False,False,False,True,True,True,True,True
S. grossa,194,0.75,False,True,False,False,False,False,False,False,False,True,True,True,True,True
S. grossa,195,0.75,False,False,False,False,False,False,False,True,False,True,False,True,True,True
S. grossa,196,0.75,False,True,False,False,False,False,False,True,False,True,False,True,True,True
S. grossa,197,0.75,False,False,False,False,False,False,False,False,False,True,False,True,True,True
S. grossa,198,0.75,False,False,False,False,False,False,False,False,False,False,False,True,True,True
S. grossa,199,0.75,False,True,True,False,False,False,False,True,True,True,True,True,True,True
S. grossa,200,0.75,False,True,True,False,False,False,False,True,True,True,True,True,True,True
S. grossa,201,0.75,False,False,False,False,True,False,False,False,False,True,False,True,True,True
S. grossa,202,0.75,False,True,False,False,False,False,False,False,False,True,True,True,True,True
S. grossa,203,0.75,False,False,False,False,False,False,False,False,False,True,False,True,True,True
S. grossa,204,0.75,False,False,False,False,False,False,False,False,False,True,False,True,True,True
S. grossa,205,0.75,False,False,False,False,False,False,False,False,False,False,False,True,True,True
S. grossa,206,0.75,False,False,False,False,False,False,False,True,False,True,False,True,True,True
S. grossa,207,0.75,False,False,False,False,False,False,False,True,False,True,False,True,True,True
S. grossa,208,0.75,False,True,False,False,False,False,False,True,False,True,True,True,True,True
S. grossa,209,0.75,False,False,False,False,False,False,False,False,False,False,False,True,True,True
S. grossa,210,0.75,False,False,False,False,False,False,False,True,False,True,False,True,True,True
S. grossa,211,0.75,False,False,False,False,False,False,False,False,False,True,False,True,True,True
S. grossa,212,0.75,False,False,False,False,False,False,False,False,False,False,False,True,True,True
S. grossa,213,0.75,False,True,False,False,False,False,False,False,False,True,False,True,True,True
S. grossa,214,0.75,False,False,False,False,False,False,False,False,False,True,False,True,True,True
S. grossa,215,0.75,False,False,False,False,False,False,False,False,False,True,False,True,True,True
S. grossa,216,0.75,False,True,False,False,False,False,False,False,False,True,True,True,True,True
S. grossa,217,0.75,False,False,False,False,False,False,False,False,False,False,False,True,True,True
S. grossa,218,0.75,False,False,False,False,False,False,False,False,False,True,False,True,True,True
S. grossa,219,0.75,False,True,False,False,False,False,False,True,False,True,False,True,True,True
S. grossa,220,0.75,False,False,False,False,False,False,False,False,False,True,False,True,True,True
S. grossa,221,0.75,False,False,False,False,False,False,False,False,False,False,False,True,True,True
S. grossa,222,0.75,False,True,False,False,False,False,False,False,False,True,True,True,True,True
S. grossa,223,0.75,False,True,False,False,True,False,False,False,False,True,True,True,True,True
S. grossa,224,0.75,False,True,False,False,False,False,False,False,False,True,True,True,True,True
S. grossa,225,0.75,False,True,False,False,False,False,False,False,False,True,False,True,True,True
S. grossa,226,0.75,False,False,False,False,False,False,False,False,False,False,False,True,True,True
S. grossa,227,0.75,False,True,True,False,False,False,False,False,True,True,True,True,True,True
S. grossa,228,0.75,False,False,False,False,False,False,False,False,False,True,False,True,True,True
S. grossa,229,0.75,False,False,False,False,False,False,False,True,False,True,False,True,True,True
S. grossa,230,0.75,False,False,False,False,False,False,False,False,False,False,False,True,True,True
S. grossa,231,0.75,False,False,False,False,False,False,False,False,False,True,False,True,True,True
S. grossa,232,0.75,False,True,True,False,False,False,False,False,False,True,True,True,True,True
S. grossa,233,0.75,False,True,False,False,False,False,False,False,False,True,True,True,True,True
S. grossa,234,0.75,False,True,False,False,False,False,False,False,False,True,False,True,True,True
S. grossa,235,0.75,False,False,False,False,True,False,False,False,False,True,False,True,True,True
S. grossa,236,0.75,False,True,False,False,False,False,False,False,False,True,False,True,True,True
S. grossa,237,0.75,False,True,True,False,False,False,False,False,True,True,True,True,True,True
S. grossa,238,0.75,False,False,False,False,False,False,False,False,False,False,False,True,True,True
S. grossa,239,0.75,False,False,False,False,False,False,False,True,False,True,False,True,True,True
S. grossa,240,0.75,False,True,False,False,False,False,False,True,False,True,True,True,True,True
S. grossa,241,0.75,False,False,False,False,False,False,False,False,False,True,False,True,True,True
S. grossa,242,0.75,False,False,False,False,False,False,False,False,False,True,False,True,True,True
S. grossa,243,0.75,False,False,False,False,False,False,False,False,False,False,False,True,True,True
S. grossa,244,0.75,False,False,False,False,False,False,False,False,False,False,False,True,True,True
S. grossa,245,0.75,False,False,False,False,False,False,False,True,False,True,False,True,True,True
S. grossa,246,0.75,False,False,False,False,False,False,False,False,False,False,False,True,True,True
S. grossa,247,0.75,False,False,False,False,False,False,False,False,False,False,False,True,True,True
S. grossa,248,0.75,False,True,False,False,False,False,False,False,False,True,True,True,True,True
S. grossa,249,0.75,False,True,False,False,False,False,False,False,False,True,True,True,True,True
S. grossa,250,0.75,False,False,False,False,False,False,False,False,False,True,False,True,True,True
S. grossa,251,0.75,False,False,False,False,False,False,False,True,False,True,False,True,True,True
S. grossa,252,0.75,False,False,False,False,False,False,False,False,False,False,False,True,True,True
S. grossa,253,0.75,False,True,False,True,False,False,False,True,False,True,False,True,True,True
S. grossa,254,0.75,False,False,False,False,False,False,False,False,False,False,False,True,True,True
S. grossa,255,0.75,False,False,False,False,False,False,False,True,False,True,False,True,True,True
S. grossa,256,0.75,False,False,False,False,False,False,False,False,False,True,False,True,True,True
S. grossa,257,0.75,False,False,False,False,False,False,False,False,False,True,False,True,True,True
S. grossa,258,0.75,False,False,False,False,False,False,False,False,False,True,False,True,True,True
S. grossa,259,0.75,False,False,False,False,False,False,False,False,False,False,False,True,True,True
S. grossa,260,0.75,False,False,False,False,False,False,False,False,False,False,False,True,True,True
S. grossa,261,0.75,False,True,False,False,False,False,False,False,False,True,False,True,True,True
S. grossa,262,0.75,False,False,False,False,True,False,False,False,False,True,False,True,True,True
S. grossa,263,0.75,False,False,False,False,False,False,False,False,False,True,False,True,True,True
S. grossa,264,0.75,False,False,False,False,False,False,False,False,False,True,False,True,True,True
S. grossa,265,0.75,False,False,False,False,False,False,False,False,False,False,False,True,True,True
S. grossa,266,0.75,False,False,False,False,False,False,False,True,False,True,False,True,True,True
S. grossa,267,0.75,False,True,False,True,False,False,False,True,False,True,True,True,True,True
S. grossa,268,0.75,False,True,False,False,False,False,False,True,False,True,True,True,True,True
S. grossa,269,0.75,False,False,False,False,False,False,False,False,False,False,False,True,True,True
S. grossa,270,0.75,False,False,False,False,False,False,False,True,False,True,False,True,True,True
S. grossa,271,0.75,False,True,False,True,False,False,False,True,False,True,True,True,True,True
S. grossa,272,0.75,False,False,False,False,False,False,False,False,False,True,False,True,True,True
S. grossa,273,0.75,False,False,False,False,False,False,False,False,False,True,False,True,True,True
S. grossa,274,0.75,False,True,False,False,False,False,False,True,False,True,True,True,True,True
S. grossa,275,0.75,False,True,False,True,False,False,False,True,False,True,True,True,True,True
S. grossa,276,0.75,False,False,False,False,False,False,False,False,False,False,False,True,True,True
S. grossa,277,0.75,False,False,False,False,False,False,False,False,False,True,False,True,True,True
S. grossa,278,0.75,False,True,True,False,False,False,False,False,True,True,True,True,True,True
S. grossa,279,0.75,False,True,True,False,False,False,False,False,True,True,True,True,True,True
S. grossa,280,0.75,False,False,False,False,False,False,False,False,False,True,True,True,True,True
S. grossa,281,0.75,False,True,False,False,False,False,False,False,False,True,False,True,True,True
S. grossa,282,0.75,False,True,False,False,False,False,False,False,False,True,True,True,True,True
S. grossa,283,0.75,False,False,False,False,False,False,False,False,False,False,False,True,True,True
S. grossa,284,0.75,False,False,False,False,False,False,False,True,False,True,False,True,True,True
S. grossa,285,0.75,False,True,False,False,False,False,False,False,False,True,True,True,True,True
S. grossa,286,0.75,False,False,False,False,False,False,False,False,False,True,False,True,True,True
S. grossa,287,0.75,False,False,False,False,False,False,False,False,False,True,True,True,True,True
S. grossa,288,0.75,False,True,False,False,False,False,False,False,False,True,False,True,True,True
S. grossa,289,0.75,False,False,False,False,False,False,False,True,False,True,False,True,True,True
S. grossa,290,0.75,False,True,False,False,False,False,False,False,False,False,False,True,True,True
S. grossa,291,0.75,False,False,False,False,False,False,False,True,False,True,False,True,True,True
S. grossa,292,0.75,False,False,False,False,False,False,False,False,False,True,False,True,True,True
S. grossa,293,0.75,False,False,False,False,False,False,False,False,False,True,False,True,True,True
S. grossa,294,0.75,False,False,False,False,False,False,False,False,False,True,False,True,True,True
S. grossa,295,0.75,False,False,False,False,False,False,False,False,False,True,False,True,True,True
S. grossa,296,0.75,False,False,False,False,False,False,False,False,False,True,False,True,True,True
S. grossa,297,0.75,False,True,False,False,False,False,False,False,False,True,True,True,True,True
S. grossa,298,0.75,False,False,False,False,False,False,False,True,False,True,False,True,True,True
S. grossa,299,0.75,False,True,False,False,False,False,False,False,True,True,True,True,True,True
S. grossa,300,0.75,False,False,False,False,False,False,False,False,False,True,False,True,True,True
S. grossa,301,0.75,False,False,False,False,False,False,False,False,False,False,False,True,True,True
S. grossa,302,0.75,False,True,False,False,False,False,False,False,True,True,True,True,True,True
S. grossa,303,0.75,False,True,False,False,False,False,False,False,False,True,True,True,True,True
S. grossa,304,0.75,False,False,False,False,False,False,False,False,False,True,False,True,True,True
S. grossa,305,0.75,False,True,False,False,False,False,False,False,False,True,True,True,True,True
S. grossa,306,0.75,False,False,False,False,False,False,False,False,False,False,False,True,True,True
S. grossa,307,0.75,False,False,False,False,False,False,False,False,False,False,False,True,True,True
S. grossa,308,0.75,False,False,False,False,False,False,False,True,False,True,False,True,True,True
S. grossa,309,0.75,False,False,False,False,False,False,False,False,False,False,False,True,True,True
S. grossa,310,0.75,False,False,False,False,False,False,False,True,False,True,False,True,True,True
S. grossa,311,0.75,False,True,False,False,False,False,False,False,False,False,False,True,True,True
S. grossa,312,0.75,False,False,False,False,False,False,False,False,False,False,False,True,True,True
S. grossa,313,0.75,False,False,False,False,False,False,False,False,False,True,False,True,True,True
S. grossa,314,0.75,False,False,False,False,False,False,False,False,False,False,False,True,True,True
S. grossa,315,0.75,False,False,False,True,True,False,False,True,False,True,False,True,True,True
S. grossa,316,0.75,False,True,False,True,False,False,False,False,False,True,False,True,True,True
S. grossa,317,0.75,False,False,False,False,False,False,False,False,False,True,False,True,True,True
S. grossa,318,0.75,False,False,False,False,False,False,False,False,False,True,False,True,True,True
S. grossa,319,0.75,False,False,False,False,False,False,False,False,False,False,False,True,True,True
S. grossa,320,0.75,False,False,False,False,False,False,False,False,False,False,False,True,True,True
S. grossa,321,0.75,False,False,False,False,False,False,False,True,False,True,False,True,True,True
S. grossa,322,0.75,False,False,False,False,False,False,False,False,False,False,False,True,True,True
S. grossa,323,0.75,False,False,False,False,False,False,False,True,False,True,False,True,True,True
S. grossa,324,0.75,False,True,False,False,False,False,False,False,False,True,True,True,True,True
S. grossa,325,0.75,False,False,False,False,False,False,False,False,False,False,False,True,True,True
S. grossa,326,0.75,False,True,False,False,False,False,False,False,False,True,True,True,True,True
S. grossa,327,0.75,False,False,False,False,False,False,False,True,False,True,False,True,True,True
S. grossa,328,0.75,False,True,False,False,False,False,False,False,False,True,True,True,True,True
S. grossa,329,0.75,False,True,False,False,False,False,False,False,False,True,True,True,True,True
S. grossa,330,0.75,False,False,False,False,False,False,False,True,False,True,False,True,True,True
S. grossa,331,0.75,False,True,True,False,False,False,False,False,False,True,True,True,True,True
S. grossa,332,0.75,False,True,False,False,False,False,False,True,False,True,True,True,True,True
S. grossa,333,0.75,False,True,True,False,True,False,False,False,True,True,True,True,True,True
S. grossa,334,0.75,False,False,False,False,False,False,False,False,False,True,False,True,True,True
S. grossa,335,0.75,False,False,False,False,False,False,False,False,False,True,False,True,True,True
S. grossa,336,0.75,False,True,False,False,False,False,False,False,False,True,True,True,True,True
S. grossa,337,0.75,False,False,False,False,False,False,False,False,False,True,False,True,True,True
S. grossa,338,0.75,False,False,False,False,False,False,False,True,False,True,False,True,True,True
S. grossa,339,0.75,False,False,False,False,True,False,False,False,False,False,False,True,True,True
S. grossa,340,0.75,False,False,False,False,False,False,False,False,False,False,False,True,True,True
S. grossa,341,0.75,False,False,False,False,False,False,False,False,False,False,False,True,True,True
S. grossa,342,0.75,False,False,False,False,False,False,False,False,False,False,False,True,True,True
S. grossa,343,0.75,False,True,False,False,False,False,False,False,False,False,False,True,True,True
S. grossa,344,0.75,False,True,False,False,False,False,False,False,False,True,False,True,True,True
S. grossa,345,0.75,False,False,False,False,False,False,False,True,False,True,False,True,True,True
S. grossa,346,0.75,False,True,True,False,False,False,False,False,True,True,True,True,True,True
S. grossa,347,0.75,False,True,False,False,False,False,False,False,False,False,False,True,True,True
S. grossa,348,0.75,False,False,False,True,False,False,False,False,False,False,False,True,True,True
S. grossa,349,0.75,False,True,False,False,False,False,False,False,False,True,False,True,True,True
S. grossa,350,0.75,False,True,False,False,False,False,False,False,False,True,True,True,True,True
S. grossa,351,0.75,False,False,False,False,False,False,False,False,False,True,False,True,True,True
S. grossa,352,0.75,False,True,True,False,False,False,False,False,False,True,True,True,True,True
S. grossa,353,0.75,False,True,True,False,False,False,False,False,True,True,True,True,True,True
S. grossa,354,0.75,False,False,False,False,False,False,False,False,False,True,False,True,True,True
S. grossa,355,0.75,False,False,False,False,False,False,False,False,False,False,False,True,True,True
S. grossa,356,0.75,False,False,False,False,False,False,False,False,False,True,False,True,True,True
S. grossa,357,0.75,False,False,False,False,False,False,False,False,False,False,False,True,True,True
S. grossa,358,0.75,False,False,False,False,False,False,False,False,False,True,False,True,True,True
S. grossa,359,0.75,False,False,False,False,False,False,False,False,False,False,False,True,True,True
S. grossa,360,0.75,False,True,False,False,False,False,False,False,False,True,True,True,True,True
S. grossa,361,0.75,False,False,False,False,False,False,False,False,False,True,False,True,True,True
S. grossa,362,0.75,False,False,False,True,False,False,False,True,False,True,False,True,True,True
S. grossa,363,0.75,False,False,False,False,False,False,False,True,False,True,False,True,True,True
S. grossa,364,0.75,False,False,False,True,False,False,False,False,False,True,False,True,True,True
S. grossa,365,0.75,False,False,True,False,False,False,False,False,False,True,False,True,True,True
S. grossa,366,0.75,False,False,False,False,False,False,False,False,False,True,False,True,True,True
S. grossa,367,0.75,False,False,False,False,False,False,False,False,False,True,False,True,True,True
S. grossa,368,0.75,False,False,False,False,False,False,False,True,False,True,False,True,True,True
S. grossa,369,0.75,False,False,False,False,False,False,False,False,False,True,False,True,True,True
S. grossa,370,0.75,False,False,False,False,False,False,False,False,False,True,False,True,True,True
S. grossa,371,0.75,False,False,False,False,False,False,False,False,False,False,False,True,True,True
S. grossa,372,0.75,False,False,False,False,False,False,False,False,False,True,False,True,True,True
S. grossa,373,0.75,False,False,False,False,False,False,False,False,False,False,False,True,True,True
S. grossa,374,0.75,False,True,False,False,False,False,False,True,False,True,False,True,True,True
S. grossa,375,0.75,False,False,False,False,False,False,False,False,False,True,False,True,True,True
S. grossa,376,0.75,False,True,False,False,False,False,False,False,False,True,False,True,True,True
S. grossa,377,0.75,False,True,False,False,False,False,False,False,False,False,True,True,True,True
S. grossa,378,0.75,False,True,False,False,False,False,False,True,False,True,True,True,True,True
S. grossa,379,0.75,False,False,False,False,False,False,False,False,False,False,False,True,True,True
S. grossa,380,0.75,False,False,False,False,False,False,False,False,False,False,False,True,True,True
S. grossa,381,0.75,False,True,False,False,False,False,False,False,False,True,False,True,True,True
S. grossa,382,0.75,False,True,True,False,False,False,False,False,True,True,True,True,True,True
S. grossa,383,0.75,False,False,False,False,False,False,False,False,False,False,False,True,True,True
S. grossa,384,0.75,False,True,False,False,False,False,False,False,False,True,False,True,True,True
S. grossa,385,0.75,False,False,False,False,False,False,False,False,False,True,False,True,True,True
S. grossa,386,0.75,False,False,False,False,False,False,False,True,False,True,False,True,True,True
S. grossa,387,0.75,False,True,False,False,False,False,False,False,False,True,False,True,True,True
S. grossa,388,0.75,False,False,False,False,False,False,False,False,False,True,False,True,True,True
S. grossa,389,0.75,False,False,False,False,False,False,False,True,False,True,False,True,True,True
S. grossa,390,0.75,False,False,False,False,False,False,False,True,False,True,False,True,True,True
S. grossa,391,0.75,False,False,False,False,False,False,False,False,False,True,False,True,True,True
S. grossa,392,0.75,False,False,False,False,False,False,False,False,False,False,False,True,True,True
S. grossa,393,0.75,False,False,False,False,False,False,False,True,False,True,False,True,True,True
S. grossa,394,0.75,False,False,False,False,False,False,False,False,False,True,False,True,True,True
S. grossa,395,0.75,False,False,False,False,False,False,False,False,False,True,False,True,True,True
S. grossa,396,0.75,False,False,False,False,False,False,False,False,False,False,False,True,True,True
S. grossa,397,0.75,False,False,False,False,False,False,False,False,False,False,False,True,True,True
S. grossa,398,0.75,False,False,False,False,False,False,False,False,False,False,False,True,True,True
S. grossa,399,0.75,False,True,True,False,False,False,False,True,True,True,True,True,True,True
S. grossa,400,0.75,False,False,False,False,False,False,False,False,False,False,False,True,True,True
S. grossa,401,0.75,False,False,False,False,False,False,False,False,False,True,False,True,True,True
S. grossa,402,0.75,False,False,False,False,False,False,False,False,False,True,False,True,True,True
S. grossa,403,0.75,False,False,False,False,False,False,False,False,False,True,False,True,True,True
S. grossa,404,0.75,False,False,False,False,False,False,False,False,False,False,False,True,True,True
S. grossa,405,0.75,False,False,False,False,False,False,False,False,False,False,False,True,True,True
S. grossa,406,0.75,False,True,False,False,False,False,False,False,False,True,True,True,True,True
S. grossa,407,0.75,False,True,False,False,False,False,False,False,False,True,False,True,True,True
S. grossa,408,0.75,False,False,False,False,False,False,False,True,False,True,False,True,True,True
S. grossa,409,0.75,False,False,False,False,False,False,False,True,False,True,False,True,True,True
S. grossa,410,0.75,False,True,False,False,False,False,False,True,False,True,True,True,True,True
S. grossa,411,0.75,False,False,False,False,False,False,False,False,False,False,False,True,True,True
S. grossa,412,0.75,False,False,False,False,False,False,False,False,False,False,False,True,True,True
S. grossa,413,0.75,False,False,False,False,False,False,False,True,False,True,False,True,True,True
S. grossa,414,0.75,False,True,False,False,False,False,False,True,False,True,True,True,True,True
S. grossa,415,0.75,False,True,False,False,False,False,False,False,False,True,False,True,True,True
S. grossa,416,0.75,False,False,False,False,False,False,False,False,False,True,False,True,True,True
S. grossa,417,0.75,False,False,False,False,True,False,False,True,False,True,False,True,True,True
S. grossa,418,0.75,False,False,False,False,False,False,False,False,False,False,False,True,True,True
S. grossa,419,0.75,False,False,False,False,False,False,False,False,False,True,False,True,True,True
S. grossa,420,0.75,False,False,False,False,False,False,False,False,False,False,False,True,True,True
S. grossa,421,0.75,False,False,False,False,False,False,False,True,False,True,False,True,True,True
S. grossa,422,0.75,False,False,False,False,False,False,False,True,False,True,False,True,True,True
S. grossa,423,0.75,False,False,False,False,False,False,False,True,False,True,False,True,True,True
S. grossa,424,0.75,False,True,False,False,False,False,False,False,False,True,True,True,True,True
S. grossa,425,0.75,False,False,False,False,False,False,False,False,False,True,False,True,True,True
S. grossa,426,0.75,False,False,False,False,False,False,False,False,False,False,False,True,True,True
S. grossa,427,0.75,False,False,False,False,False,False,False,False,False,True,False,True,True,True
S. grossa,428,0.75,False,True,False,False,False,False,False,False,False,True,True,True,True,True
S. grossa,429,0.75,False,False,False,False,False,False,False,False,False,True,False,True,True,True
S. grossa,430,0.75,False,False,False,False,False,False,False,False,False,True,False,True,True,True
S. grossa,431,0.75,False,True,False,False,False,False,False,True,False,True,False,True,True,True
S. grossa,432,0.75,False,True,False,False,False,False,False,True,False,True,False,True,True,True
S. grossa,433,0.75,False,False,False,False,False,False,False,False,False,True,False,True,True,True
S. grossa,434,0.75,False,False,False,False,False,False,False,False,False,True,False,True,True,True
S. grossa,435,0.75,False,False,False,False,False,False,False,False,False,True,False,True,True,True
S. grossa,436,0.75,False,True,False,False,False,False,False,True,False,True,True,True,True,True
S. grossa,437,0.75,False,False,False,False,False,False,False,False,False,True,True,True,True,True
S. grossa,438,0.75,False,False,False,False,False,False,False,True,False,True,False,True,True,True
S. grossa,439,0.75,False,False,False,False,False,False,False,False,False,True,False,True,True,True
S. grossa,440,0.75,False,False,False,False,False,False,False,False,False,True,False,True,True,True
S. grossa,441,0.75,False,False,False,False,False,False,False,False,False,True,False,True,True,True
S. grossa,442,0.75,False,False,False,False,False,False,False,True,False,True,False,True,True,True
S. grossa,443,0.75,False,True,False,False,False,False,False,False,False,False,False,True,True,True
S. grossa,444,0.75,False,False,False,False,False,False,False,False,False,True,False,True,True,True
S. grossa,445,0.75,False,False,False,False,False,False,False,False,False,True,False,True,True,True
S. grossa,446,0.75,False,False,False,False,False,False,False,False,False,True,False,True,True,True
S. grossa,447,0.75,False,False,False,False,False,False,False,False,False,True,False,True,True,True
S. grossa,448,0.75,False,False,False,True,True,False,False,True,False,True,False,True,True,True
S. grossa,449,0.75,False,False,False,False,False,False,False,False,False,True,False,True,True,True
S. grossa,450,0.75,False,False,False,False,False,False,False,False,False,False,False,True,True,True
S. grossa,451,0.75,False,False,False,False,False,False,False,True,False,True,False,True,True,True
S. grossa,452,0.75,False,False,False,False,False,False,False,False,False,True,False,True,True,True
S. grossa,453,0.75,False,False,False,False,False,False,False,False,False,True,False,True,True,True
S. grossa,454,0.75,True,True,True,False,False,False,False,False,True,True,True,True,True,True
S. grossa,455,0.75,False,True,False,False,False,False,False,False,False,True,True,True,True,True
S. grossa,456,0.75,False,False,False,False,False,False,False,False,False,False,False,True,True,True
S. grossa,457,0.75,False,False,False,False,False,False,False,True,False,True,False,True,True,True
S. grossa,458,0.75,False,True,False,False,False,False,False,False,False,True,False,True,True,True
S. grossa,459,0.75,False,False,False,False,False,False,False,True,False,True,False,True,True,True
S. grossa,460,0.75,False,True,False,False,False,False,False,False,False,True,False,True,True,True
S. grossa,461,0.75,False,False,False,False,False,False,False,False,False,True,False,True,True,True
S. grossa,462,0.75,False,False,False,False,False,False,False,False,False,False,False,True,True,True
S. grossa,463,0.75,False,False,False,False,False,False,False,True,False,True,False,True,True,True
S. grossa,464,0.75,False,True,False,False,False,False,False,True,False,True,True,True,True,True
S. grossa,465,0.75,False,False,False,False,False,False,False,True,False,True,False,True,True,True
S. grossa,466,0.75,False,False,False,False,False,False,False,False,False,False,False,True,True,True
S. grossa,467,0.75,False,True,False,False,False,False,False,False,False,True,False,True,True,True
S. grossa,468,0.75,False,True,False,False,False,False,False,False,False,True,True,True,True,True
S. grossa,469,0.75,False,True,False,False,False,False,False,False,False,True,False,True,True,True
S. grossa,470,0.75,False,False,False,False,False,False,False,False,False,True,False,True,True,True
S. grossa,471,0.75,False,False,False,False,False,False,False,False,False,True,False,True,True,True
S. grossa,472,0.75,False,False,False,False,False,False,False,False,False,False,False,True,True,True
S. grossa,473,0.75,False,False,False,False,False,False,False,False,False,True,False,True,True,True
S. grossa,474,0.75,True,True,True,False,False,False,False,False,True,True,True,True,True,True
S. grossa,475,0.75,False,True,False,False,False,False,False,False,False,True,True,True,True,True
S. grossa,476,0.75,False,True,False,False,False,False,False,False,False,True,True,True,True,True
S. grossa,477,0.75,False,True,False,False,False,False,False,False,False,True,True,True,True,True
S. grossa,478,0.75,False,False,False,False,False,False,False,True,False,True,False,True,True,True
S. grossa,479,0.75,False,True,False,False,False,False,False,False,False,True,False,True,True,True
S. grossa,480,0.75,False,False,False,False,False,False,False,False,False,True,False,True,True,True
S. grossa,481,0.75,False,False,False,False,False,False,False,True,False,True,False,True,True,True
S. grossa,482,0.75,False,False,False,False,False,False,False,False,False,True,False,True,True,True
S. grossa,483,0.75,False,True,True,False,False,False,False,False,True,True,True,True,True,True
S. grossa,484,0.75,False,False,False,False,False,False,False,False,False,True,False,True,True,True
S. grossa,485,0.75,False,False,False,False,False,False,False,False,False,True,False,True,True,True
S. grossa,486,0.75,False,False,False,False,False,False,False,False,False,True,False,True,True,True
S. grossa,487,0.75,False,False,False,False,False,False,False,False,False,True,False,True,True,True
S. grossa,488,0.75,False,True,False,False,False,False,False,False,False,True,True,True,True,True
S. grossa,489,0.75,False,True,True,False,False,False,False,False,False,True,True,True,True,True
S. grossa,490,0.75,False,False,False,False,False,False,False,False,False,True,False,True,True,True
S. grossa,491,0.75,False,False,False,False,False,False,False,False,False,True,False,True,True,True
S. grossa,492,0.75,False,False,False,False,False,False,False,True,False,True,False,True,True,True
S. grossa,493,0.75,False,False,False,False,False,False,False,False,False,True,False,True,True,True
S. grossa,494,0.75,False,False,False,False,False,False,False,False,False,True,False,True,True,True
S. grossa,495,0.75,False,False,False,False,False,False,False,False,False,False,False,True,True,True
S. grossa,496,0.75,False,True,False,False,False,False,False,False,False,False,False,True,True,True
S. grossa,497,0.75,False,True,True,False,False,False,False,True,True,True,True,True,True,True
S. grossa,498,0.75,False,False,False,False,False,False,False,False,False,False,False,True,True,True
S. grossa,499,0.75,False,False,False,False,False,False,False,True,False,True,False,True,True,True
